Optimisointi valmis
STARTDAY on 13.04.2020, joka jakaa logikka kahden osan. Toinen on menneisyys ja toinen tulevaisuus 
Ketju 4193, Uusi aloituspäivä: 13.04.2020 
POISTETAAN Työvuorot jolla toistuva_id=4193 ja PVM >= 2020-04-13 
MUOKATAAN Työvuorot jolla toistuva_id=4193 --> toistuva_id=0 
Ketju 4238, Uusi aloituspäivä: 13.04.2020 
POISTETAAN Työvuorot jolla toistuva_id=4238 ja PVM >= 2020-04-13 
MUOKATAAN Työvuorot jolla toistuva_id=4238 --> toistuva_id=0 
Ketju 3341, Uusi aloituspäivä: 13.04.2020 
POISTETAAN Työvuorot jolla toistuva_id=3341 ja PVM >= 2020-04-13 
MUOKATAAN Työvuorot jolla toistuva_id=3341 --> toistuva_id=0 
Ketju 3605, Uusi aloituspäivä: 13.04.2020 
POISTETAAN Työvuorot jolla toistuva_id=3605 ja PVM >= 2020-04-13 
MUOKATAAN Työvuorot jolla toistuva_id=3605 --> toistuva_id=0 
Ketju 4036, Uusi aloituspäivä: 13.04.2020 
POISTETAAN Työvuorot jolla toistuva_id=4036 ja PVM >= 2020-04-13 
MUOKATAAN Työvuorot jolla toistuva_id=4036 --> toistuva_id=0 
Ketju 4135, Uusi aloituspäivä: 13.04.2020 
POISTETAAN Työvuorot jolla toistuva_id=4135 ja PVM >= 2020-04-13 
MUOKATAAN Työvuorot jolla toistuva_id=4135 --> toistuva_id=0 
Ketju 4299, Uusi aloituspäivä: 13.04.2020 
POISTETAAN Työvuorot jolla toistuva_id=4299 ja PVM >= 2020-04-13 
MUOKATAAN Työvuorot jolla toistuva_id=4299 --> toistuva_id=0 
TID ongelma, Ketju 3007, Uusi TID on - 298, Uusi aloituspäivä: 13.04.2020 
POISTETAAN Työvuorot jolla toistuva_id=3007 ja PVM >= 2020-04-13 
MUOKATAAN Työvuorot jolla toistuva_id=3007 --> toistuva_id=0 
Ketju 3692, Uusi aloituspäivä: 13.04.2020 
POISTETAAN Työvuorot jolla toistuva_id=3692 ja PVM >= 2020-04-13 
MUOKATAAN Työvuorot jolla toistuva_id=3692 --> toistuva_id=0 
TID ongelma, Ketju 3926, Uusi TID on - 301, Uusi aloituspäivä: 13.04.2020 
POISTETAAN Työvuorot jolla toistuva_id=3926 ja PVM >= 2020-04-13 
MUOKATAAN Työvuorot jolla toistuva_id=3926 --> toistuva_id=0 
Ketju 4151, Uusi aloituspäivä: 13.04.2020 
POISTETAAN Työvuorot jolla toistuva_id=4151 ja PVM >= 2020-04-13 
MUOKATAAN Työvuorot jolla toistuva_id=4151 --> toistuva_id=0 
Ketju 1197, Uusi aloituspäivä: 13.04.2020 
POISTETAAN Työvuorot jolla toistuva_id=1197 ja PVM >= 2020-04-13 
MUOKATAAN Työvuorot jolla toistuva_id=1197 --> toistuva_id=0 
Ketju 3330, Uusi aloituspäivä: 13.04.2020 
POISTETAAN Työvuorot jolla toistuva_id=3330 ja PVM >= 2020-04-13 
MUOKATAAN Työvuorot jolla toistuva_id=3330 --> toistuva_id=0 
Ketju 3593, Uusi aloituspäivä: 13.04.2020 
POISTETAAN Työvuorot jolla toistuva_id=3593 ja PVM >= 2020-04-13 
MUOKATAAN Työvuorot jolla toistuva_id=3593 --> toistuva_id=0 
Ketju 4167, Uusi aloituspäivä: 13.04.2020 
POISTETAAN Työvuorot jolla toistuva_id=4167 ja PVM >= 2020-04-13 
MUOKATAAN Työvuorot jolla toistuva_id=4167 --> toistuva_id=0 
Ketju 4202, Uusi aloituspäivä: 13.04.2020 
POISTETAAN Työvuorot jolla toistuva_id=4202 ja PVM >= 2020-04-13 
MUOKATAAN Työvuorot jolla toistuva_id=4202 --> toistuva_id=0 
Ketju 2055, Uusi aloituspäivä: 13.04.2020 
POISTETAAN Työvuorot jolla toistuva_id=2055 ja PVM >= 2020-04-13 
MUOKATAAN Työvuorot jolla toistuva_id=2055 --> toistuva_id=0 
Ketju 3614, Uusi aloituspäivä: 13.04.2020 
POISTETAAN Työvuorot jolla toistuva_id=3614 ja PVM >= 2020-04-13 
MUOKATAAN Työvuorot jolla toistuva_id=3614 --> toistuva_id=0 
Ketju 4307, Uusi aloituspäivä: 13.04.2020 
POISTETAAN Työvuorot jolla toistuva_id=4307 ja PVM >= 2020-04-13 
MUOKATAAN Työvuorot jolla toistuva_id=4307 --> toistuva_id=0 
Ketju 3796, Uusi aloituspäivä: 13.04.2020 
POISTETAAN Työvuorot jolla toistuva_id=3796 ja PVM >= 2020-04-13 
MUOKATAAN Työvuorot jolla toistuva_id=3796 --> toistuva_id=0 
Ketju 3606, Uusi aloituspäivä: 13.04.2020 
POISTETAAN Työvuorot jolla toistuva_id=3606 ja PVM >= 2020-04-13 
MUOKATAAN Työvuorot jolla toistuva_id=3606 --> toistuva_id=0 
Ketju 4136, Uusi aloituspäivä: 13.04.2020 
POISTETAAN Työvuorot jolla toistuva_id=4136 ja PVM >= 2020-04-13 
MUOKATAAN Työvuorot jolla toistuva_id=4136 --> toistuva_id=0 
Ketju 3515, Uusi aloituspäivä: 13.04.2020 
POISTETAAN Työvuorot jolla toistuva_id=3515 ja PVM >= 2020-04-13 
MUOKATAAN Työvuorot jolla toistuva_id=3515 --> toistuva_id=0 
Ketju 3693, Uusi aloituspäivä: 13.04.2020 
POISTETAAN Työvuorot jolla toistuva_id=3693 ja PVM >= 2020-04-13 
MUOKATAAN Työvuorot jolla toistuva_id=3693 --> toistuva_id=0 
Ketju 4152, Uusi aloituspäivä: 13.04.2020 
POISTETAAN Työvuorot jolla toistuva_id=4152 ja PVM >= 2020-04-13 
MUOKATAAN Työvuorot jolla toistuva_id=4152 --> toistuva_id=0 
Ketju 2168, Uusi aloituspäivä: 13.04.2020 
POISTETAAN Työvuorot jolla toistuva_id=2168 ja PVM >= 2020-04-13 
MUOKATAAN Työvuorot jolla toistuva_id=2168 --> toistuva_id=0 
TID ongelma, Ketju 2711, Uusi TID on - 285, Uusi aloituspäivä: 13.04.2020 
POISTETAAN Työvuorot jolla toistuva_id=2711 ja PVM >= 2020-04-13 
MUOKATAAN Työvuorot jolla toistuva_id=2711 --> toistuva_id=0 
Ketju 3152, Uusi aloituspäivä: 13.04.2020 
POISTETAAN Työvuorot jolla toistuva_id=3152 ja PVM >= 2020-04-13 
MUOKATAAN Työvuorot jolla toistuva_id=3152 --> toistuva_id=0 
Ketju 3331, Uusi aloituspäivä: 13.04.2020 
POISTETAAN Työvuorot jolla toistuva_id=3331 ja PVM >= 2020-04-13 
MUOKATAAN Työvuorot jolla toistuva_id=3331 --> toistuva_id=0 
Ketju 3596, Uusi aloituspäivä: 13.04.2020 
POISTETAAN Työvuorot jolla toistuva_id=3596 ja PVM >= 2020-04-13 
MUOKATAAN Työvuorot jolla toistuva_id=3596 --> toistuva_id=0 
Ketju 4203, Uusi aloituspäivä: 13.04.2020 
POISTETAAN Työvuorot jolla toistuva_id=4203 ja PVM >= 2020-04-13 
MUOKATAAN Työvuorot jolla toistuva_id=4203 --> toistuva_id=0 
Ketju 1000, Uusi aloituspäivä: 13.04.2020 
POISTETAAN Työvuorot jolla toistuva_id=1000 ja PVM >= 2020-04-13 
MUOKATAAN Työvuorot jolla toistuva_id=1000 --> toistuva_id=0 
TID ongelma, Ketju 2238, Uusi TID on - 292, Uusi aloituspäivä: 13.04.2020 
POISTETAAN Työvuorot jolla toistuva_id=2238 ja PVM >= 2020-04-13 
MUOKATAAN Työvuorot jolla toistuva_id=2238 --> toistuva_id=0 
Ketju 3499, Uusi aloituspäivä: 13.04.2020 
POISTETAAN Työvuorot jolla toistuva_id=3499 ja PVM >= 2020-04-13 
MUOKATAAN Työvuorot jolla toistuva_id=3499 --> toistuva_id=0 
Ketju 3615, Uusi aloituspäivä: 13.04.2020 
POISTETAAN Työvuorot jolla toistuva_id=3615 ja PVM >= 2020-04-13 
MUOKATAAN Työvuorot jolla toistuva_id=3615 --> toistuva_id=0 
Ketju 4265, Uusi aloituspäivä: 13.04.2020 
POISTETAAN Työvuorot jolla toistuva_id=4265 ja PVM >= 2020-04-13 
MUOKATAAN Työvuorot jolla toistuva_id=4265 --> toistuva_id=0 
Ketju 3797, Uusi aloituspäivä: 13.04.2020 
POISTETAAN Työvuorot jolla toistuva_id=3797 ja PVM >= 2020-04-13 
MUOKATAAN Työvuorot jolla toistuva_id=3797 --> toistuva_id=0 
Ketju 3895, Uusi aloituspäivä: 13.04.2020 
POISTETAAN Työvuorot jolla toistuva_id=3895 ja PVM >= 2020-04-13 
MUOKATAAN Työvuorot jolla toistuva_id=3895 --> toistuva_id=0 
Ketju 3607, Uusi aloituspäivä: 13.04.2020 
POISTETAAN Työvuorot jolla toistuva_id=3607 ja PVM >= 2020-04-13 
MUOKATAAN Työvuorot jolla toistuva_id=3607 --> toistuva_id=0 
Ketju 4137, Uusi aloituspäivä: 13.04.2020 
POISTETAAN Työvuorot jolla toistuva_id=4137 ja PVM >= 2020-04-13 
MUOKATAAN Työvuorot jolla toistuva_id=4137 --> toistuva_id=0 
Ketju 2277, Uusi aloituspäivä: 13.04.2020 
POISTETAAN Työvuorot jolla toistuva_id=2277 ja PVM >= 2020-04-13 
MUOKATAAN Työvuorot jolla toistuva_id=2277 --> toistuva_id=0 
Ketju 3597, Uusi aloituspäivä: 13.04.2020 
POISTETAAN Työvuorot jolla toistuva_id=3597 ja PVM >= 2020-04-13 
MUOKATAAN Työvuorot jolla toistuva_id=3597 --> toistuva_id=0 
Ketju 4204, Uusi aloituspäivä: 13.04.2020 
POISTETAAN Työvuorot jolla toistuva_id=4204 ja PVM >= 2020-04-13 
MUOKATAAN Työvuorot jolla toistuva_id=4204 --> toistuva_id=0 
Ketju 3501, Uusi aloituspäivä: 13.04.2020 
POISTETAAN Työvuorot jolla toistuva_id=3501 ja PVM >= 2020-04-13 
MUOKATAAN Työvuorot jolla toistuva_id=3501 --> toistuva_id=0 
TID ongelma, Ketju 3572, Uusi TID on - 285, Uusi aloituspäivä: 13.04.2020 
POISTETAAN Työvuorot jolla toistuva_id=3572 ja PVM >= 2020-04-13 
MUOKATAAN Työvuorot jolla toistuva_id=3572 --> toistuva_id=0 
TID ongelma, Ketju 4266, Uusi TID on - 301, Uusi aloituspäivä: 13.04.2020 
POISTETAAN Työvuorot jolla toistuva_id=4266 ja PVM >= 2020-04-13 
MUOKATAAN Työvuorot jolla toistuva_id=4266 --> toistuva_id=0 
Ketju 3896, Uusi aloituspäivä: 13.04.2020 
POISTETAAN Työvuorot jolla toistuva_id=3896 ja PVM >= 2020-04-13 
MUOKATAAN Työvuorot jolla toistuva_id=3896 --> toistuva_id=0 
Ketju 3608, Uusi aloituspäivä: 13.04.2020 
POISTETAAN Työvuorot jolla toistuva_id=3608 ja PVM >= 2020-04-13 
MUOKATAAN Työvuorot jolla toistuva_id=3608 --> toistuva_id=0 
TID ongelma, Ketju 3963, Uusi TID on - 292, Uusi aloituspäivä: 13.04.2020 
POISTETAAN Työvuorot jolla toistuva_id=3963 ja PVM >= 2020-04-13 
MUOKATAAN Työvuorot jolla toistuva_id=3963 --> toistuva_id=0 
Ketju 2284, Uusi aloituspäivä: 13.04.2020 
POISTETAAN Työvuorot jolla toistuva_id=2284 ja PVM >= 2020-04-13 
MUOKATAAN Työvuorot jolla toistuva_id=2284 --> toistuva_id=0 
Ketju 3249, Uusi aloituspäivä: 13.04.2020 
POISTETAAN Työvuorot jolla toistuva_id=3249 ja PVM >= 2020-04-13 
MUOKATAAN Työvuorot jolla toistuva_id=3249 --> toistuva_id=0 
Ketju 3598, Uusi aloituspäivä: 13.04.2020 
POISTETAAN Työvuorot jolla toistuva_id=3598 ja PVM >= 2020-04-13 
MUOKATAAN Työvuorot jolla toistuva_id=3598 --> toistuva_id=0 
Ketju 3923, Uusi aloituspäivä: 13.04.2020 
POISTETAAN Työvuorot jolla toistuva_id=3923 ja PVM >= 2020-04-13 
MUOKATAAN Työvuorot jolla toistuva_id=3923 --> toistuva_id=0 
Ketju 1589, Uusi aloituspäivä: 13.04.2020 
POISTETAAN Työvuorot jolla toistuva_id=1589 ja PVM >= 2020-04-13 
MUOKATAAN Työvuorot jolla toistuva_id=1589 --> toistuva_id=0 
Ketju 3899, Uusi aloituspäivä: 13.04.2020 
POISTETAAN Työvuorot jolla toistuva_id=3899 ja PVM >= 2020-04-13 
MUOKATAAN Työvuorot jolla toistuva_id=3899 --> toistuva_id=0 
Ketju 4199, Uusi aloituspäivä: 13.04.2020 
POISTETAAN Työvuorot jolla toistuva_id=4199 ja PVM >= 2020-04-13 
MUOKATAAN Työvuorot jolla toistuva_id=4199 --> toistuva_id=0 
Ketju 4242, Uusi aloituspäivä: 13.04.2020 
POISTETAAN Työvuorot jolla toistuva_id=4242 ja PVM >= 2020-04-13 
MUOKATAAN Työvuorot jolla toistuva_id=4242 --> toistuva_id=0 
Ketju 4289, Uusi aloituspäivä: 13.04.2020 
POISTETAAN Työvuorot jolla toistuva_id=4289 ja PVM >= 2020-04-13 
MUOKATAAN Työvuorot jolla toistuva_id=4289 --> toistuva_id=0 
Ketju 3280, Uusi aloituspäivä: 13.04.2020 
POISTETAAN Työvuorot jolla toistuva_id=3280 ja PVM >= 2020-04-13 
MUOKATAAN Työvuorot jolla toistuva_id=3280 --> toistuva_id=0 
Ketju 3483, Uusi aloituspäivä: 13.04.2020 
POISTETAAN Työvuorot jolla toistuva_id=3483 ja PVM >= 2020-04-13 
MUOKATAAN Työvuorot jolla toistuva_id=3483 --> toistuva_id=0 
Ketju 3609, Uusi aloituspäivä: 13.04.2020 
POISTETAAN Työvuorot jolla toistuva_id=3609 ja PVM >= 2020-04-13 
MUOKATAAN Työvuorot jolla toistuva_id=3609 --> toistuva_id=0 
TID ongelma, Ketju 3964, Uusi TID on - 292, Uusi aloituspäivä: 13.04.2020 
POISTETAAN Työvuorot jolla toistuva_id=3964 ja PVM >= 2020-04-13 
MUOKATAAN Työvuorot jolla toistuva_id=3964 --> toistuva_id=0 
Ketju 3318, Uusi aloituspäivä: 13.04.2020 
POISTETAAN Työvuorot jolla toistuva_id=3318 ja PVM >= 2020-04-13 
MUOKATAAN Työvuorot jolla toistuva_id=3318 --> toistuva_id=0 
Ketju 4191, Uusi aloituspäivä: 13.04.2020 
POISTETAAN Työvuorot jolla toistuva_id=4191 ja PVM >= 2020-04-13 
MUOKATAAN Työvuorot jolla toistuva_id=4191 --> toistuva_id=0 
Ketju 3250, Uusi aloituspäivä: 13.04.2020 
POISTETAAN Työvuorot jolla toistuva_id=3250 ja PVM >= 2020-04-13 
MUOKATAAN Työvuorot jolla toistuva_id=3250 --> toistuva_id=0 
Ketju 3599, Uusi aloituspäivä: 13.04.2020 
POISTETAAN Työvuorot jolla toistuva_id=3599 ja PVM >= 2020-04-13 
MUOKATAAN Työvuorot jolla toistuva_id=3599 --> toistuva_id=0 
Ketju 3670, Uusi aloituspäivä: 13.04.2020 
POISTETAAN Työvuorot jolla toistuva_id=3670 ja PVM >= 2020-04-13 
MUOKATAAN Työvuorot jolla toistuva_id=3670 --> toistuva_id=0 
Ketju 4034, Uusi aloituspäivä: 13.04.2020 
POISTETAAN Työvuorot jolla toistuva_id=4034 ja PVM >= 2020-04-13 
MUOKATAAN Työvuorot jolla toistuva_id=4034 --> toistuva_id=0 
Ketju 2628, Uusi aloituspäivä: 13.04.2020 
POISTETAAN Työvuorot jolla toistuva_id=2628 ja PVM >= 2020-04-13 
MUOKATAAN Työvuorot jolla toistuva_id=2628 --> toistuva_id=0 
Ketju 3363, Uusi aloituspäivä: 13.04.2020 
POISTETAAN Työvuorot jolla toistuva_id=3363 ja PVM >= 2020-04-13 
MUOKATAAN Työvuorot jolla toistuva_id=3363 --> toistuva_id=0 
Ketju 4226, Uusi aloituspäivä: 13.04.2020 
POISTETAAN Työvuorot jolla toistuva_id=4226 ja PVM >= 2020-04-13 
MUOKATAAN Työvuorot jolla toistuva_id=4226 --> toistuva_id=0 
Ketju 3591, Uusi aloituspäivä: 13.04.2020 
POISTETAAN Työvuorot jolla toistuva_id=3591 ja PVM >= 2020-04-13 
MUOKATAAN Työvuorot jolla toistuva_id=3591 --> toistuva_id=0 
Ketju 4200, Uusi aloituspäivä: 13.04.2020 
POISTETAAN Työvuorot jolla toistuva_id=4200 ja PVM >= 2020-04-13 
MUOKATAAN Työvuorot jolla toistuva_id=4200 --> toistuva_id=0 
Ketju 4291, Uusi aloituspäivä: 13.04.2020 
POISTETAAN Työvuorot jolla toistuva_id=4291 ja PVM >= 2020-04-13 
MUOKATAAN Työvuorot jolla toistuva_id=4291 --> toistuva_id=0 
Ketju 3610, Uusi aloituspäivä: 13.04.2020 
POISTETAAN Työvuorot jolla toistuva_id=3610 ja PVM >= 2020-04-13 
MUOKATAAN Työvuorot jolla toistuva_id=3610 --> toistuva_id=0 
Ketju 1551, Uusi aloituspäivä: 13.04.2020 
POISTETAAN Työvuorot jolla toistuva_id=1551 ja PVM >= 2020-04-13 
MUOKATAAN Työvuorot jolla toistuva_id=1551 --> toistuva_id=0 
TID ongelma, Ketju 3093, Uusi TID on - 285, Uusi aloituspäivä: 13.04.2020 
POISTETAAN Työvuorot jolla toistuva_id=3093 ja PVM >= 2020-04-13 
MUOKATAAN Työvuorot jolla toistuva_id=3093 --> toistuva_id=0 
Ketju 3319, Uusi aloituspäivä: 13.04.2020 
POISTETAAN Työvuorot jolla toistuva_id=3319 ja PVM >= 2020-04-13 
MUOKATAAN Työvuorot jolla toistuva_id=3319 --> toistuva_id=0 
Ketju 3643, Uusi aloituspäivä: 13.04.2020 
POISTETAAN Työvuorot jolla toistuva_id=3643 ja PVM >= 2020-04-13 
MUOKATAAN Työvuorot jolla toistuva_id=3643 --> toistuva_id=0 
Ketju 4192, Uusi aloituspäivä: 13.04.2020 
POISTETAAN Työvuorot jolla toistuva_id=4192 ja PVM >= 2020-04-13 
MUOKATAAN Työvuorot jolla toistuva_id=4192 --> toistuva_id=0 
Ketju 3601, Uusi aloituspäivä: 13.04.2020 
POISTETAAN Työvuorot jolla toistuva_id=3601 ja PVM >= 2020-04-13 
MUOKATAAN Työvuorot jolla toistuva_id=3601 --> toistuva_id=0 
Ketju 4035, Uusi aloituspäivä: 13.04.2020 
POISTETAAN Työvuorot jolla toistuva_id=4035 ja PVM >= 2020-04-13 
MUOKATAAN Työvuorot jolla toistuva_id=4035 --> toistuva_id=0 
Ketju 4208, Uusi aloituspäivä: 13.04.2020 
POISTETAAN Työvuorot jolla toistuva_id=4208 ja PVM >= 2020-04-13 
MUOKATAAN Työvuorot jolla toistuva_id=4208 --> toistuva_id=0 
Ketju 4298, Uusi aloituspäivä: 13.04.2020 
POISTETAAN Työvuorot jolla toistuva_id=4298 ja PVM >= 2020-04-13 
MUOKATAAN Työvuorot jolla toistuva_id=4298 --> toistuva_id=0 
Ketju 3076, Uusi aloituspäivä: 13.04.2020 
POISTETAAN Työvuorot jolla toistuva_id=3076 ja PVM >= 2020-04-13 
MUOKATAAN Työvuorot jolla toistuva_id=3076 --> toistuva_id=0 
Ketju 4227, Uusi aloituspäivä: 13.04.2020 
POISTETAAN Työvuorot jolla toistuva_id=4227 ja PVM >= 2020-04-13 
MUOKATAAN Työvuorot jolla toistuva_id=4227 --> toistuva_id=0 
Ketju 3235, Uusi aloituspäivä: 13.04.2020 
POISTETAAN Työvuorot jolla toistuva_id=3235 ja PVM >= 2020-04-13 
MUOKATAAN Työvuorot jolla toistuva_id=3235 --> toistuva_id=0 
Ketju 3592, Uusi aloituspäivä: 13.04.2020 
POISTETAAN Työvuorot jolla toistuva_id=3592 ja PVM >= 2020-04-13 
MUOKATAAN Työvuorot jolla toistuva_id=3592 --> toistuva_id=0 
TID ongelma, Ketju 3944, Uusi TID on - 301, Uusi aloituspäivä: 13.04.2020 
POISTETAAN Työvuorot jolla toistuva_id=3944 ja PVM >= 2020-04-13 
MUOKATAAN Työvuorot jolla toistuva_id=3944 --> toistuva_id=0 
Ketju 4201, Uusi aloituspäivä: 13.04.2020 
POISTETAAN Työvuorot jolla toistuva_id=4201 ja PVM >= 2020-04-13 
MUOKATAAN Työvuorot jolla toistuva_id=4201 --> toistuva_id=0 
Ketju 2054, Uusi aloituspäivä: 13.04.2020 
POISTETAAN Työvuorot jolla toistuva_id=2054 ja PVM >= 2020-04-13 
MUOKATAAN Työvuorot jolla toistuva_id=2054 --> toistuva_id=0 
Ketju 3611, Uusi aloituspäivä: 13.04.2020 
POISTETAAN Työvuorot jolla toistuva_id=3611 ja PVM >= 2020-04-13 
MUOKATAAN Työvuorot jolla toistuva_id=3611 --> toistuva_id=0 
Ketju 4306, Uusi aloituspäivä: 13.04.2020 
POISTETAAN Työvuorot jolla toistuva_id=4306 ja PVM >= 2020-04-13 
MUOKATAAN Työvuorot jolla toistuva_id=4306 --> toistuva_id=0 
Ketju 1244, Uusi aloituspäivä: 13.04.2020 
POISTETAAN Työvuorot jolla toistuva_id=1244 ja PVM >= 2020-04-13 
MUOKATAAN Työvuorot jolla toistuva_id=1244 --> toistuva_id=0 
Ketju 3872, Uusi aloituspäivä: 13.04.2020 
POISTETAAN Työvuorot jolla toistuva_id=3872 ja PVM >= 2020-04-13 
MUOKATAAN Työvuorot jolla toistuva_id=3872 --> toistuva_id=0 
Ketju 4173, Uusi aloituspäivä: 13.04.2020 
POISTETAAN Työvuorot jolla toistuva_id=4173 ja PVM >= 2020-04-13 
MUOKATAAN Työvuorot jolla toistuva_id=4173 --> toistuva_id=0 
Ketju 4215, Uusi aloituspäivä: 13.04.2020 
POISTETAAN Työvuorot jolla toistuva_id=4215 ja PVM >= 2020-04-13 
MUOKATAAN Työvuorot jolla toistuva_id=4215 --> toistuva_id=0 
Ketju 1482, Uusi aloituspäivä: 13.04.2020 
POISTETAAN Työvuorot jolla toistuva_id=1482 ja PVM >= 2020-04-13 
MUOKATAAN Työvuorot jolla toistuva_id=1482 --> toistuva_id=0 
Ketju 3077, Uusi aloituspäivä: 13.04.2020 
POISTETAAN Työvuorot jolla toistuva_id=3077 ja PVM >= 2020-04-13 
MUOKATAAN Työvuorot jolla toistuva_id=3077 --> toistuva_id=0 
Ketju 3365, Uusi aloituspäivä: 13.04.2020 
POISTETAAN Työvuorot jolla toistuva_id=3365 ja PVM >= 2020-04-13 
MUOKATAAN Työvuorot jolla toistuva_id=3365 --> toistuva_id=0 
Ketju 3636, Uusi aloituspäivä: 13.04.2020 
POISTETAAN Työvuorot jolla toistuva_id=3636 ja PVM >= 2020-04-13 
MUOKATAAN Työvuorot jolla toistuva_id=3636 --> toistuva_id=0 
TID ongelma, Ketju 4016, Uusi TID on - 300, Uusi aloituspäivä: 13.04.2020 
POISTETAAN Työvuorot jolla toistuva_id=4016 ja PVM >= 2020-04-13 
MUOKATAAN Työvuorot jolla toistuva_id=4016 --> toistuva_id=0 
Ketju 2161, Uusi aloituspäivä: 13.04.2020 
POISTETAAN Työvuorot jolla toistuva_id=2161 ja PVM >= 2020-04-13 
MUOKATAAN Työvuorot jolla toistuva_id=2161 --> toistuva_id=0 
Ketju 2337, Uusi aloituspäivä: 13.04.2020 
POISTETAAN Työvuorot jolla toistuva_id=2337 ja PVM >= 2020-04-13 
MUOKATAAN Työvuorot jolla toistuva_id=2337 --> toistuva_id=0 
Ketju 3805, Uusi aloituspäivä: 13.04.2020 
POISTETAAN Työvuorot jolla toistuva_id=3805 ja PVM >= 2020-04-13 
MUOKATAAN Työvuorot jolla toistuva_id=3805 --> toistuva_id=0 
TID ongelma, Ketju 3948, Uusi TID on - 301, Uusi aloituspäivä: 13.04.2020 
POISTETAAN Työvuorot jolla toistuva_id=3948 ja PVM >= 2020-04-13 
MUOKATAAN Työvuorot jolla toistuva_id=3948 --> toistuva_id=0 
Ketju 2403, Uusi aloituspäivä: 13.04.2020 
POISTETAAN Työvuorot jolla toistuva_id=2403 ja PVM >= 2020-04-13 
MUOKATAAN Työvuorot jolla toistuva_id=2403 --> toistuva_id=0 
Ketju 4010, Uusi aloituspäivä: 13.04.2020 
POISTETAAN Työvuorot jolla toistuva_id=4010 ja PVM >= 2020-04-13 
MUOKATAAN Työvuorot jolla toistuva_id=4010 --> toistuva_id=0 
Ketju 4222, Uusi aloituspäivä: 13.04.2020 
POISTETAAN Työvuorot jolla toistuva_id=4222 ja PVM >= 2020-04-13 
MUOKATAAN Työvuorot jolla toistuva_id=4222 --> toistuva_id=0 
Ketju 4194, Uusi aloituspäivä: 13.04.2020 
POISTETAAN Työvuorot jolla toistuva_id=4194 ja PVM >= 2020-04-13 
MUOKATAAN Työvuorot jolla toistuva_id=4194 --> toistuva_id=0 
Ketju 2206, Uusi aloituspäivä: 13.04.2020 
POISTETAAN Työvuorot jolla toistuva_id=2206 ja PVM >= 2020-04-13 
MUOKATAAN Työvuorot jolla toistuva_id=2206 --> toistuva_id=0 
Ketju 2585, Uusi aloituspäivä: 13.04.2020 
POISTETAAN Työvuorot jolla toistuva_id=2585 ja PVM >= 2020-04-13 
MUOKATAAN Työvuorot jolla toistuva_id=2585 --> toistuva_id=0 
Ketju 3913, Uusi aloituspäivä: 13.04.2020 
POISTETAAN Työvuorot jolla toistuva_id=3913 ja PVM >= 2020-04-13 
MUOKATAAN Työvuorot jolla toistuva_id=3913 --> toistuva_id=0 
Ketju 4216, Uusi aloituspäivä: 13.04.2020 
POISTETAAN Työvuorot jolla toistuva_id=4216 ja PVM >= 2020-04-13 
MUOKATAAN Työvuorot jolla toistuva_id=4216 --> toistuva_id=0 
Ketju 3637, Uusi aloituspäivä: 13.04.2020 
POISTETAAN Työvuorot jolla toistuva_id=3637 ja PVM >= 2020-04-13 
MUOKATAAN Työvuorot jolla toistuva_id=3637 --> toistuva_id=0 
Ketju 3927, Uusi aloituspäivä: 13.04.2020 
POISTETAAN Työvuorot jolla toistuva_id=3927 ja PVM >= 2020-04-13 
MUOKATAAN Työvuorot jolla toistuva_id=3927 --> toistuva_id=0 
TID ongelma, Ketju 4017, Uusi TID on - 300, Uusi aloituspäivä: 13.04.2020 
POISTETAAN Työvuorot jolla toistuva_id=4017 ja PVM >= 2020-04-13 
MUOKATAAN Työvuorot jolla toistuva_id=4017 --> toistuva_id=0 
Ketju 4105, Uusi aloituspäivä: 13.04.2020 
POISTETAAN Työvuorot jolla toistuva_id=4105 ja PVM >= 2020-04-13 
MUOKATAAN Työvuorot jolla toistuva_id=4105 --> toistuva_id=0 
Ketju 1642, Uusi aloituspäivä: 13.04.2020 
POISTETAAN Työvuorot jolla toistuva_id=1642 ja PVM >= 2020-04-13 
MUOKATAAN Työvuorot jolla toistuva_id=1642 --> toistuva_id=0 
Ketju 3245, Uusi aloituspäivä: 13.04.2020 
POISTETAAN Työvuorot jolla toistuva_id=3245 ja PVM >= 2020-04-13 
MUOKATAAN Työvuorot jolla toistuva_id=3245 --> toistuva_id=0 
Ketju 4294, Uusi aloituspäivä: 13.04.2020 
POISTETAAN Työvuorot jolla toistuva_id=4294 ja PVM >= 2020-04-13 
MUOKATAAN Työvuorot jolla toistuva_id=4294 --> toistuva_id=0 
Ketju 2816, Uusi aloituspäivä: 13.04.2020 
POISTETAAN Työvuorot jolla toistuva_id=2816 ja PVM >= 2020-04-13 
MUOKATAAN Työvuorot jolla toistuva_id=2816 --> toistuva_id=0 
Ketju 4011, Uusi aloituspäivä: 13.04.2020 
POISTETAAN Työvuorot jolla toistuva_id=4011 ja PVM >= 2020-04-13 
MUOKATAAN Työvuorot jolla toistuva_id=4011 --> toistuva_id=0 
Ketju 4182, Uusi aloituspäivä: 13.04.2020 
POISTETAAN Työvuorot jolla toistuva_id=4182 ja PVM >= 2020-04-13 
MUOKATAAN Työvuorot jolla toistuva_id=4182 --> toistuva_id=0 
Ketju 4223, Uusi aloituspäivä: 13.04.2020 
POISTETAAN Työvuorot jolla toistuva_id=4223 ja PVM >= 2020-04-13 
MUOKATAAN Työvuorot jolla toistuva_id=4223 --> toistuva_id=0 
Ketju 2586, Uusi aloituspäivä: 13.04.2020 
POISTETAAN Työvuorot jolla toistuva_id=2586 ja PVM >= 2020-04-13 
MUOKATAAN Työvuorot jolla toistuva_id=2586 --> toistuva_id=0 
Ketju 3914, Uusi aloituspäivä: 13.04.2020 
POISTETAAN Työvuorot jolla toistuva_id=3914 ja PVM >= 2020-04-13 
MUOKATAAN Työvuorot jolla toistuva_id=3914 --> toistuva_id=0 
Ketju 4019, Uusi aloituspäivä: 13.04.2020 
POISTETAAN Työvuorot jolla toistuva_id=4019 ja PVM >= 2020-04-13 
MUOKATAAN Työvuorot jolla toistuva_id=4019 --> toistuva_id=0 
TID ongelma, Ketju 4189, Uusi TID on - 298, Uusi aloituspäivä: 13.04.2020 
POISTETAAN Työvuorot jolla toistuva_id=4189 ja PVM >= 2020-04-13 
MUOKATAAN Työvuorot jolla toistuva_id=4189 --> toistuva_id=0 
TID ongelma, Ketju 4230, Uusi TID on - 300, Uusi aloituspäivä: 13.04.2020 
POISTETAAN Työvuorot jolla toistuva_id=4230 ja PVM >= 2020-04-13 
MUOKATAAN Työvuorot jolla toistuva_id=4230 --> toistuva_id=0 
Ketju 1644, Uusi aloituspäivä: 13.04.2020 
POISTETAAN Työvuorot jolla toistuva_id=1644 ja PVM >= 2020-04-13 
MUOKATAAN Työvuorot jolla toistuva_id=1644 --> toistuva_id=0 
Ketju 1963, Uusi aloituspäivä: 13.04.2020 
POISTETAAN Työvuorot jolla toistuva_id=1963 ja PVM >= 2020-04-13 
MUOKATAAN Työvuorot jolla toistuva_id=1963 --> toistuva_id=0 
Ketju 2530, Uusi aloituspäivä: 13.04.2020 
POISTETAAN Työvuorot jolla toistuva_id=2530 ja PVM >= 2020-04-13 
MUOKATAAN Työvuorot jolla toistuva_id=2530 --> toistuva_id=0 
Ketju 3246, Uusi aloituspäivä: 13.04.2020 
POISTETAAN Työvuorot jolla toistuva_id=3246 ja PVM >= 2020-04-13 
MUOKATAAN Työvuorot jolla toistuva_id=3246 --> toistuva_id=0 
Ketju 3333, Uusi aloituspäivä: 13.04.2020 
POISTETAAN Työvuorot jolla toistuva_id=3333 ja PVM >= 2020-04-13 
MUOKATAAN Työvuorot jolla toistuva_id=3333 --> toistuva_id=0 
Ketju 2825, Uusi aloituspäivä: 13.04.2020 
POISTETAAN Työvuorot jolla toistuva_id=2825 ja PVM >= 2020-04-13 
MUOKATAAN Työvuorot jolla toistuva_id=2825 --> toistuva_id=0 
Ketju 3624, Uusi aloituspäivä: 13.04.2020 
POISTETAAN Työvuorot jolla toistuva_id=3624 ja PVM >= 2020-04-13 
MUOKATAAN Työvuorot jolla toistuva_id=3624 --> toistuva_id=0 
Ketju 4012, Uusi aloituspäivä: 13.04.2020 
POISTETAAN Työvuorot jolla toistuva_id=4012 ja PVM >= 2020-04-13 
MUOKATAAN Työvuorot jolla toistuva_id=4012 --> toistuva_id=0 
Ketju 4183, Uusi aloituspäivä: 13.04.2020 
POISTETAAN Työvuorot jolla toistuva_id=4183 ja PVM >= 2020-04-13 
MUOKATAAN Työvuorot jolla toistuva_id=4183 --> toistuva_id=0 
Ketju 4224, Uusi aloituspäivä: 13.04.2020 
POISTETAAN Työvuorot jolla toistuva_id=4224 ja PVM >= 2020-04-13 
MUOKATAAN Työvuorot jolla toistuva_id=4224 --> toistuva_id=0 
Ketju 2384, Uusi aloituspäivä: 13.04.2020 
POISTETAAN Työvuorot jolla toistuva_id=2384 ja PVM >= 2020-04-13 
MUOKATAAN Työvuorot jolla toistuva_id=2384 --> toistuva_id=0 
Ketju 2782, Uusi aloituspäivä: 13.04.2020 
POISTETAAN Työvuorot jolla toistuva_id=2782 ja PVM >= 2020-04-13 
MUOKATAAN Työvuorot jolla toistuva_id=2782 --> toistuva_id=0 
Ketju 3823, Uusi aloituspäivä: 13.04.2020 
POISTETAAN Työvuorot jolla toistuva_id=3823 ja PVM >= 2020-04-13 
MUOKATAAN Työvuorot jolla toistuva_id=3823 --> toistuva_id=0 
Ketju 2664, Uusi aloituspäivä: 13.04.2020 
POISTETAAN Työvuorot jolla toistuva_id=2664 ja PVM >= 2020-04-13 
MUOKATAAN Työvuorot jolla toistuva_id=2664 --> toistuva_id=0 
Ketju 3980, Uusi aloituspäivä: 13.04.2020 
POISTETAAN Työvuorot jolla toistuva_id=3980 ja PVM >= 2020-04-13 
MUOKATAAN Työvuorot jolla toistuva_id=3980 --> toistuva_id=0 
Ketju 4275, Uusi aloituspäivä: 13.04.2020 
POISTETAAN Työvuorot jolla toistuva_id=4275 ja PVM >= 2020-04-13 
MUOKATAAN Työvuorot jolla toistuva_id=4275 --> toistuva_id=0 
Ketju 1964, Uusi aloituspäivä: 13.04.2020 
POISTETAAN Työvuorot jolla toistuva_id=1964 ja PVM >= 2020-04-13 
MUOKATAAN Työvuorot jolla toistuva_id=1964 --> toistuva_id=0 
Ketju 2826, Uusi aloituspäivä: 13.04.2020 
POISTETAAN Työvuorot jolla toistuva_id=2826 ja PVM >= 2020-04-13 
MUOKATAAN Työvuorot jolla toistuva_id=2826 --> toistuva_id=0 
Ketju 3362, Uusi aloituspäivä: 13.04.2020 
POISTETAAN Työvuorot jolla toistuva_id=3362 ja PVM >= 2020-04-13 
MUOKATAAN Työvuorot jolla toistuva_id=3362 --> toistuva_id=0 
Ketju 3625, Uusi aloituspäivä: 13.04.2020 
POISTETAAN Työvuorot jolla toistuva_id=3625 ja PVM >= 2020-04-13 
MUOKATAAN Työvuorot jolla toistuva_id=3625 --> toistuva_id=0 
Ketju 4013, Uusi aloituspäivä: 13.04.2020 
POISTETAAN Työvuorot jolla toistuva_id=4013 ja PVM >= 2020-04-13 
MUOKATAAN Työvuorot jolla toistuva_id=4013 --> toistuva_id=0 
Ketju 4184, Uusi aloituspäivä: 13.04.2020 
POISTETAAN Työvuorot jolla toistuva_id=4184 ja PVM >= 2020-04-13 
MUOKATAAN Työvuorot jolla toistuva_id=4184 --> toistuva_id=0 
Ketju 3411, Uusi aloituspäivä: 13.04.2020 
POISTETAAN Työvuorot jolla toistuva_id=3411 ja PVM >= 2020-04-13 
MUOKATAAN Työvuorot jolla toistuva_id=3411 --> toistuva_id=0 
Ketju 3801, Uusi aloituspäivä: 13.04.2020 
POISTETAAN Työvuorot jolla toistuva_id=3801 ja PVM >= 2020-04-13 
MUOKATAAN Työvuorot jolla toistuva_id=3801 --> toistuva_id=0 
TID ongelma, Ketju 3942, Uusi TID on - 301, Uusi aloituspäivä: 13.04.2020 
POISTETAAN Työvuorot jolla toistuva_id=3942 ja PVM >= 2020-04-13 
MUOKATAAN Työvuorot jolla toistuva_id=3942 --> toistuva_id=0 
Ketju 4161, Uusi aloituspäivä: 13.04.2020 
POISTETAAN Työvuorot jolla toistuva_id=4161 ja PVM >= 2020-04-13 
MUOKATAAN Työvuorot jolla toistuva_id=4161 --> toistuva_id=0 
Ketju 4007, Uusi aloituspäivä: 13.04.2020 
POISTETAAN Työvuorot jolla toistuva_id=4007 ja PVM >= 2020-04-13 
MUOKATAAN Työvuorot jolla toistuva_id=4007 --> toistuva_id=0 
Ketju 1862, Uusi aloituspäivä: 13.04.2020 
POISTETAAN Työvuorot jolla toistuva_id=1862 ja PVM >= 2020-04-13 
MUOKATAAN Työvuorot jolla toistuva_id=1862 --> toistuva_id=0 
Ketju 3642, Uusi aloituspäivä: 13.04.2020 
POISTETAAN Työvuorot jolla toistuva_id=3642 ja PVM >= 2020-04-13 
MUOKATAAN Työvuorot jolla toistuva_id=3642 --> toistuva_id=0 
Ketju 3981, Uusi aloituspäivä: 13.04.2020 
POISTETAAN Työvuorot jolla toistuva_id=3981 ja PVM >= 2020-04-13 
MUOKATAAN Työvuorot jolla toistuva_id=3981 --> toistuva_id=0 
Ketju 1238, Uusi aloituspäivä: 13.04.2020 
POISTETAAN Työvuorot jolla toistuva_id=1238 ja PVM >= 2020-04-13 
MUOKATAAN Työvuorot jolla toistuva_id=1238 --> toistuva_id=0 
Ketju 1966, Uusi aloituspäivä: 13.04.2020 
POISTETAAN Työvuorot jolla toistuva_id=1966 ja PVM >= 2020-04-13 
MUOKATAAN Työvuorot jolla toistuva_id=1966 --> toistuva_id=0 
Ketju 3050, Uusi aloituspäivä: 13.04.2020 
POISTETAAN Työvuorot jolla toistuva_id=3050 ja PVM >= 2020-04-13 
MUOKATAAN Työvuorot jolla toistuva_id=3050 --> toistuva_id=0 
Ketju 3815, Uusi aloituspäivä: 13.04.2020 
POISTETAAN Työvuorot jolla toistuva_id=3815 ja PVM >= 2020-04-13 
MUOKATAAN Työvuorot jolla toistuva_id=3815 --> toistuva_id=0 
Ketju 1480, Uusi aloituspäivä: 13.04.2020 
POISTETAAN Työvuorot jolla toistuva_id=1480 ja PVM >= 2020-04-13 
MUOKATAAN Työvuorot jolla toistuva_id=1480 --> toistuva_id=0 
Ketju 2827, Uusi aloituspäivä: 13.04.2020 
POISTETAAN Työvuorot jolla toistuva_id=2827 ja PVM >= 2020-04-13 
MUOKATAAN Työvuorot jolla toistuva_id=2827 --> toistuva_id=0 
Ketju 3300, Uusi aloituspäivä: 13.04.2020 
POISTETAAN Työvuorot jolla toistuva_id=3300 ja PVM >= 2020-04-13 
MUOKATAAN Työvuorot jolla toistuva_id=3300 --> toistuva_id=0 
Ketju 3626, Uusi aloituspäivä: 13.04.2020 
POISTETAAN Työvuorot jolla toistuva_id=3626 ja PVM >= 2020-04-13 
MUOKATAAN Työvuorot jolla toistuva_id=3626 --> toistuva_id=0 
TID ongelma, Ketju 4014, Uusi TID on - 300, Uusi aloituspäivä: 13.04.2020 
POISTETAAN Työvuorot jolla toistuva_id=4014 ja PVM >= 2020-04-13 
MUOKATAAN Työvuorot jolla toistuva_id=4014 --> toistuva_id=0 
Ketju 4185, Uusi aloituspäivä: 13.04.2020 
POISTETAAN Työvuorot jolla toistuva_id=4185 ja PVM >= 2020-04-13 
MUOKATAAN Työvuorot jolla toistuva_id=4185 --> toistuva_id=0 
Ketju 3943, Uusi aloituspäivä: 13.04.2020 
POISTETAAN Työvuorot jolla toistuva_id=3943 ja PVM >= 2020-04-13 
MUOKATAAN Työvuorot jolla toistuva_id=3943 --> toistuva_id=0 
Ketju 2983, Uusi aloituspäivä: 13.04.2020 
POISTETAAN Työvuorot jolla toistuva_id=2983 ja PVM >= 2020-04-13 
MUOKATAAN Työvuorot jolla toistuva_id=2983 --> toistuva_id=0 
Ketju 3354, Uusi aloituspäivä: 13.04.2020 
POISTETAAN Työvuorot jolla toistuva_id=3354 ja PVM >= 2020-04-13 
MUOKATAAN Työvuorot jolla toistuva_id=3354 --> toistuva_id=0 
TID ongelma, Ketju 3966, Uusi TID on - 301, Uusi aloituspäivä: 13.04.2020 
POISTETAAN Työvuorot jolla toistuva_id=3966 ja PVM >= 2020-04-13 
MUOKATAAN Työvuorot jolla toistuva_id=3966 --> toistuva_id=0 
Ketju 4008, Uusi aloituspäivä: 13.04.2020 
POISTETAAN Työvuorot jolla toistuva_id=4008 ja PVM >= 2020-04-13 
MUOKATAAN Työvuorot jolla toistuva_id=4008 --> toistuva_id=0 
Ketju 3982, Uusi aloituspäivä: 13.04.2020 
POISTETAAN Työvuorot jolla toistuva_id=3982 ja PVM >= 2020-04-13 
MUOKATAAN Työvuorot jolla toistuva_id=3982 --> toistuva_id=0 
Ketju 3051, Uusi aloituspäivä: 13.04.2020 
POISTETAAN Työvuorot jolla toistuva_id=3051 ja PVM >= 2020-04-13 
MUOKATAAN Työvuorot jolla toistuva_id=3051 --> toistuva_id=0 
Ketju 3816, Uusi aloituspäivä: 13.04.2020 
POISTETAAN Työvuorot jolla toistuva_id=3816 ja PVM >= 2020-04-13 
MUOKATAAN Työvuorot jolla toistuva_id=3816 --> toistuva_id=0 
Ketju 3871, Uusi aloituspäivä: 13.04.2020 
POISTETAAN Työvuorot jolla toistuva_id=3871 ja PVM >= 2020-04-13 
MUOKATAAN Työvuorot jolla toistuva_id=3871 --> toistuva_id=0 
Ketju 4172, Uusi aloituspäivä: 13.04.2020 
POISTETAAN Työvuorot jolla toistuva_id=4172 ja PVM >= 2020-04-13 
MUOKATAAN Työvuorot jolla toistuva_id=4172 --> toistuva_id=0 
Ketju 1481, Uusi aloituspäivä: 13.04.2020 
POISTETAAN Työvuorot jolla toistuva_id=1481 ja PVM >= 2020-04-13 
MUOKATAAN Työvuorot jolla toistuva_id=1481 --> toistuva_id=0 
Ketju 2829, Uusi aloituspäivä: 13.04.2020 
POISTETAAN Työvuorot jolla toistuva_id=2829 ja PVM >= 2020-04-13 
MUOKATAAN Työvuorot jolla toistuva_id=2829 --> toistuva_id=0 
Ketju 3364, Uusi aloituspäivä: 13.04.2020 
POISTETAAN Työvuorot jolla toistuva_id=3364 ja PVM >= 2020-04-13 
MUOKATAAN Työvuorot jolla toistuva_id=3364 --> toistuva_id=0 
Ketju 3630, Uusi aloituspäivä: 13.04.2020 
POISTETAAN Työvuorot jolla toistuva_id=3630 ja PVM >= 2020-04-13 
MUOKATAAN Työvuorot jolla toistuva_id=3630 --> toistuva_id=0 
TID ongelma, Ketju 4015, Uusi TID on - 300, Uusi aloituspäivä: 13.04.2020 
POISTETAAN Työvuorot jolla toistuva_id=4015 ja PVM >= 2020-04-13 
MUOKATAAN Työvuorot jolla toistuva_id=4015 --> toistuva_id=0 
Ketju 3355, Uusi aloituspäivä: 13.04.2020 
POISTETAAN Työvuorot jolla toistuva_id=3355 ja PVM >= 2020-04-13 
MUOKATAAN Työvuorot jolla toistuva_id=3355 --> toistuva_id=0 
TID ongelma, Ketju 3967, Uusi TID on - 301, Uusi aloituspäivä: 13.04.2020 
POISTETAAN Työvuorot jolla toistuva_id=3967 ja PVM >= 2020-04-13 
MUOKATAAN Työvuorot jolla toistuva_id=3967 --> toistuva_id=0 
Ketju 4009, Uusi aloituspäivä: 13.04.2020 
POISTETAAN Työvuorot jolla toistuva_id=4009 ja PVM >= 2020-04-13 
MUOKATAAN Työvuorot jolla toistuva_id=4009 --> toistuva_id=0 
Ketju 3583, Uusi aloituspäivä: 13.04.2020 
POISTETAAN Työvuorot jolla toistuva_id=3583 ja PVM >= 2020-04-13 
MUOKATAAN Työvuorot jolla toistuva_id=3583 --> toistuva_id=0 
TID ongelma, Ketju 3893, Uusi TID on - 298, Uusi aloituspäivä: 13.04.2020 
POISTETAAN Työvuorot jolla toistuva_id=3893 ja PVM >= 2020-04-13 
MUOKATAAN Työvuorot jolla toistuva_id=3893 --> toistuva_id=0 
Ketju 3672, Uusi aloituspäivä: 13.04.2020 
POISTETAAN Työvuorot jolla toistuva_id=3672 ja PVM >= 2020-04-13 
MUOKATAAN Työvuorot jolla toistuva_id=3672 --> toistuva_id=0 
Ketju 4002, Uusi aloituspäivä: 13.04.2020 
POISTETAAN Työvuorot jolla toistuva_id=4002 ja PVM >= 2020-04-13 
MUOKATAAN Työvuorot jolla toistuva_id=4002 --> toistuva_id=0 
Ketju 3514, Uusi aloituspäivä: 13.04.2020 
POISTETAAN Työvuorot jolla toistuva_id=3514 ja PVM >= 2020-04-13 
MUOKATAAN Työvuorot jolla toistuva_id=3514 --> toistuva_id=0 
Ketju 3768, Uusi aloituspäivä: 13.04.2020 
POISTETAAN Työvuorot jolla toistuva_id=3768 ja PVM >= 2020-04-13 
MUOKATAAN Työvuorot jolla toistuva_id=3768 --> toistuva_id=0 
Ketju 4187, Uusi aloituspäivä: 13.04.2020 
POISTETAAN Työvuorot jolla toistuva_id=4187 ja PVM >= 2020-04-13 
MUOKATAAN Työvuorot jolla toistuva_id=4187 --> toistuva_id=0 
Ketju 4272, Uusi aloituspäivä: 13.04.2020 
POISTETAAN Työvuorot jolla toistuva_id=4272 ja PVM >= 2020-04-13 
MUOKATAAN Työvuorot jolla toistuva_id=4272 --> toistuva_id=0 
Ketju 1636, Uusi aloituspäivä: 13.04.2020 
POISTETAAN Työvuorot jolla toistuva_id=1636 ja PVM >= 2020-04-13 
MUOKATAAN Työvuorot jolla toistuva_id=1636 --> toistuva_id=0 
Ketju 3861, Uusi aloituspäivä: 13.04.2020 
POISTETAAN Työvuorot jolla toistuva_id=3861 ja PVM >= 2020-04-13 
MUOKATAAN Työvuorot jolla toistuva_id=3861 --> toistuva_id=0 
Ketju 3755, Uusi aloituspäivä: 13.04.2020 
POISTETAAN Työvuorot jolla toistuva_id=3755 ja PVM >= 2020-04-13 
MUOKATAAN Työvuorot jolla toistuva_id=3755 --> toistuva_id=0 
Ketju 4181, Uusi aloituspäivä: 13.04.2020 
POISTETAAN Työvuorot jolla toistuva_id=4181 ja PVM >= 2020-04-13 
MUOKATAAN Työvuorot jolla toistuva_id=4181 --> toistuva_id=0 
Ketju 3649, Uusi aloituspäivä: 13.04.2020 
POISTETAAN Työvuorot jolla toistuva_id=3649 ja PVM >= 2020-04-13 
MUOKATAAN Työvuorot jolla toistuva_id=3649 --> toistuva_id=0 
Ketju 3702, Uusi aloituspäivä: 13.04.2020 
POISTETAAN Työvuorot jolla toistuva_id=3702 ja PVM >= 2020-04-13 
MUOKATAAN Työvuorot jolla toistuva_id=3702 --> toistuva_id=0 
TID ongelma, Ketju 3894, Uusi TID on - 298, Uusi aloituspäivä: 13.04.2020 
POISTETAAN Työvuorot jolla toistuva_id=3894 ja PVM >= 2020-04-13 
MUOKATAAN Työvuorot jolla toistuva_id=3894 --> toistuva_id=0 
Ketju 2777, Uusi aloituspäivä: 13.04.2020 
POISTETAAN Työvuorot jolla toistuva_id=2777 ja PVM >= 2020-04-13 
MUOKATAAN Työvuorot jolla toistuva_id=2777 --> toistuva_id=0 
Ketju 3260, Uusi aloituspäivä: 13.04.2020 
POISTETAAN Työvuorot jolla toistuva_id=3260 ja PVM >= 2020-04-13 
MUOKATAAN Työvuorot jolla toistuva_id=3260 --> toistuva_id=0 
Ketju 3673, Uusi aloituspäivä: 13.04.2020 
POISTETAAN Työvuorot jolla toistuva_id=3673 ja PVM >= 2020-04-13 
MUOKATAAN Työvuorot jolla toistuva_id=3673 --> toistuva_id=0 
Ketju 3873, Uusi aloituspäivä: 13.04.2020 
POISTETAAN Työvuorot jolla toistuva_id=3873 ja PVM >= 2020-04-13 
MUOKATAAN Työvuorot jolla toistuva_id=3873 --> toistuva_id=0 
Ketju 4004, Uusi aloituspäivä: 13.04.2020 
POISTETAAN Työvuorot jolla toistuva_id=4004 ja PVM >= 2020-04-13 
MUOKATAAN Työvuorot jolla toistuva_id=4004 --> toistuva_id=0 
Ketju 4174, Uusi aloituspäivä: 13.04.2020 
POISTETAAN Työvuorot jolla toistuva_id=4174 ja PVM >= 2020-04-13 
MUOKATAAN Työvuorot jolla toistuva_id=4174 --> toistuva_id=0 
Ketju 3078, Uusi aloituspäivä: 13.04.2020 
POISTETAAN Työvuorot jolla toistuva_id=3078 ja PVM >= 2020-04-13 
MUOKATAAN Työvuorot jolla toistuva_id=3078 --> toistuva_id=0 
Ketju 4188, Uusi aloituspäivä: 13.04.2020 
POISTETAAN Työvuorot jolla toistuva_id=4188 ja PVM >= 2020-04-13 
MUOKATAAN Työvuorot jolla toistuva_id=4188 --> toistuva_id=0 
Ketju 3862, Uusi aloituspäivä: 13.04.2020 
POISTETAAN Työvuorot jolla toistuva_id=3862 ja PVM >= 2020-04-13 
MUOKATAAN Työvuorot jolla toistuva_id=3862 --> toistuva_id=0 
Ketju 1713, Uusi aloituspäivä: 13.04.2020 
POISTETAAN Työvuorot jolla toistuva_id=1713 ja PVM >= 2020-04-13 
MUOKATAAN Työvuorot jolla toistuva_id=1713 --> toistuva_id=0 
Ketju 2620, Uusi aloituspäivä: 13.04.2020 
POISTETAAN Työvuorot jolla toistuva_id=2620 ja PVM >= 2020-04-13 
MUOKATAAN Työvuorot jolla toistuva_id=2620 --> toistuva_id=0 
Ketju 3758, Uusi aloituspäivä: 13.04.2020 
POISTETAAN Työvuorot jolla toistuva_id=3758 ja PVM >= 2020-04-13 
MUOKATAAN Työvuorot jolla toistuva_id=3758 --> toistuva_id=0 
Ketju 4073, Uusi aloituspäivä: 13.04.2020 
POISTETAAN Työvuorot jolla toistuva_id=4073 ja PVM >= 2020-04-13 
MUOKATAAN Työvuorot jolla toistuva_id=4073 --> toistuva_id=0 
Ketju 4159, Uusi aloituspäivä: 13.04.2020 
POISTETAAN Työvuorot jolla toistuva_id=4159 ja PVM >= 2020-04-13 
MUOKATAAN Työvuorot jolla toistuva_id=4159 --> toistuva_id=0 
Ketju 2007, Uusi aloituspäivä: 13.04.2020 
POISTETAAN Työvuorot jolla toistuva_id=2007 ja PVM >= 2020-04-13 
MUOKATAAN Työvuorot jolla toistuva_id=2007 --> toistuva_id=0 
Ketju 2780, Uusi aloituspäivä: 13.04.2020 
POISTETAAN Työvuorot jolla toistuva_id=2780 ja PVM >= 2020-04-13 
MUOKATAAN Työvuorot jolla toistuva_id=2780 --> toistuva_id=0 
Ketju 4005, Uusi aloituspäivä: 13.04.2020 
POISTETAAN Työvuorot jolla toistuva_id=4005 ja PVM >= 2020-04-13 
MUOKATAAN Työvuorot jolla toistuva_id=4005 --> toistuva_id=0 
Ketju 4047, Uusi aloituspäivä: 13.04.2020 
POISTETAAN Työvuorot jolla toistuva_id=4047 ja PVM >= 2020-04-13 
MUOKATAAN Työvuorot jolla toistuva_id=4047 --> toistuva_id=0 
Ketju 4175, Uusi aloituspäivä: 13.04.2020 
POISTETAAN Työvuorot jolla toistuva_id=4175 ja PVM >= 2020-04-13 
MUOKATAAN Työvuorot jolla toistuva_id=4175 --> toistuva_id=0 
Ketju 1028, Uusi aloituspäivä: 13.04.2020 
POISTETAAN Työvuorot jolla toistuva_id=1028 ja PVM >= 2020-04-13 
MUOKATAAN Työvuorot jolla toistuva_id=1028 --> toistuva_id=0 
TID ongelma, Ketju 3079, Uusi TID on - 297, Uusi aloituspäivä: 13.04.2020 
POISTETAAN Työvuorot jolla toistuva_id=3079 ja PVM >= 2020-04-13 
MUOKATAAN Työvuorot jolla toistuva_id=3079 --> toistuva_id=0 
Ketju 3888, Uusi aloituspäivä: 13.04.2020 
POISTETAAN Työvuorot jolla toistuva_id=3888 ja PVM >= 2020-04-13 
MUOKATAAN Työvuorot jolla toistuva_id=3888 --> toistuva_id=0 
TID ongelma, Ketju 3928, Uusi TID on - 301, Uusi aloituspäivä: 13.04.2020 
POISTETAAN Työvuorot jolla toistuva_id=3928 ja PVM >= 2020-04-13 
MUOKATAAN Työvuorot jolla toistuva_id=3928 --> toistuva_id=0 
Ketju 4106, Uusi aloituspäivä: 13.04.2020 
POISTETAAN Työvuorot jolla toistuva_id=4106 ja PVM >= 2020-04-13 
MUOKATAAN Työvuorot jolla toistuva_id=4106 --> toistuva_id=0 
Ketju 3048, Uusi aloituspäivä: 13.04.2020 
POISTETAAN Työvuorot jolla toistuva_id=3048 ja PVM >= 2020-04-13 
MUOKATAAN Työvuorot jolla toistuva_id=3048 --> toistuva_id=0 
Ketju 1006, Uusi aloituspäivä: 13.04.2020 
POISTETAAN Työvuorot jolla toistuva_id=1006 ja PVM >= 2020-04-13 
MUOKATAAN Työvuorot jolla toistuva_id=1006 --> toistuva_id=0 
Ketju 3759, Uusi aloituspäivä: 13.04.2020 
POISTETAAN Työvuorot jolla toistuva_id=3759 ja PVM >= 2020-04-13 
MUOKATAAN Työvuorot jolla toistuva_id=3759 --> toistuva_id=0 
Ketju 4074, Uusi aloituspäivä: 13.04.2020 
POISTETAAN Työvuorot jolla toistuva_id=4074 ja PVM >= 2020-04-13 
MUOKATAAN Työvuorot jolla toistuva_id=4074 --> toistuva_id=0 
Ketju 3713, Uusi aloituspäivä: 13.04.2020 
POISTETAAN Työvuorot jolla toistuva_id=3713 ja PVM >= 2020-04-13 
MUOKATAAN Työvuorot jolla toistuva_id=3713 --> toistuva_id=0 
Ketju 3988, Uusi aloituspäivä: 13.04.2020 
POISTETAAN Työvuorot jolla toistuva_id=3988 ja PVM >= 2020-04-13 
MUOKATAAN Työvuorot jolla toistuva_id=3988 --> toistuva_id=0 
Ketju 3350, Uusi aloituspäivä: 13.04.2020 
POISTETAAN Työvuorot jolla toistuva_id=3350 ja PVM >= 2020-04-13 
MUOKATAAN Työvuorot jolla toistuva_id=3350 --> toistuva_id=0 
TID ongelma, Ketju 3931, Uusi TID on - 301, Uusi aloituspäivä: 13.04.2020 
POISTETAAN Työvuorot jolla toistuva_id=3931 ja PVM >= 2020-04-13 
MUOKATAAN Työvuorot jolla toistuva_id=3931 --> toistuva_id=0 
Ketju 3049, Uusi aloituspäivä: 13.04.2020 
POISTETAAN Työvuorot jolla toistuva_id=3049 ja PVM >= 2020-04-13 
MUOKATAAN Työvuorot jolla toistuva_id=3049 --> toistuva_id=0 
Ketju 3765, Uusi aloituspäivä: 13.04.2020 
POISTETAAN Työvuorot jolla toistuva_id=3765 ja PVM >= 2020-04-13 
MUOKATAAN Työvuorot jolla toistuva_id=3765 --> toistuva_id=0 
Ketju 4075, Uusi aloituspäivä: 13.04.2020 
POISTETAAN Työvuorot jolla toistuva_id=4075 ja PVM >= 2020-04-13 
MUOKATAAN Työvuorot jolla toistuva_id=4075 --> toistuva_id=0 
Ketju 4269, Uusi aloituspäivä: 13.04.2020 
POISTETAAN Työvuorot jolla toistuva_id=4269 ja PVM >= 2020-04-13 
MUOKATAAN Työvuorot jolla toistuva_id=4269 --> toistuva_id=0 
Ketju 3714, Uusi aloituspäivä: 13.04.2020 
POISTETAAN Työvuorot jolla toistuva_id=3714 ja PVM >= 2020-04-13 
MUOKATAAN Työvuorot jolla toistuva_id=3714 --> toistuva_id=0 
Ketju 3989, Uusi aloituspäivä: 13.04.2020 
POISTETAAN Työvuorot jolla toistuva_id=3989 ja PVM >= 2020-04-13 
MUOKATAAN Työvuorot jolla toistuva_id=3989 --> toistuva_id=0 
Ketju 2608, Uusi aloituspäivä: 13.04.2020 
POISTETAAN Työvuorot jolla toistuva_id=2608 ja PVM >= 2020-04-13 
MUOKATAAN Työvuorot jolla toistuva_id=2608 --> toistuva_id=0 
Ketju 3058, Uusi aloituspäivä: 13.04.2020 
POISTETAAN Työvuorot jolla toistuva_id=3058 ja PVM >= 2020-04-13 
MUOKATAAN Työvuorot jolla toistuva_id=3058 --> toistuva_id=0 
Ketju 3353, Uusi aloituspäivä: 13.04.2020 
POISTETAAN Työvuorot jolla toistuva_id=3353 ja PVM >= 2020-04-13 
MUOKATAAN Työvuorot jolla toistuva_id=3353 --> toistuva_id=0 
Ketju 3824, Uusi aloituspäivä: 13.04.2020 
POISTETAAN Työvuorot jolla toistuva_id=3824 ja PVM >= 2020-04-13 
MUOKATAAN Työvuorot jolla toistuva_id=3824 --> toistuva_id=0 
Ketju 2670, Uusi aloituspäivä: 13.04.2020 
POISTETAAN Työvuorot jolla toistuva_id=2670 ja PVM >= 2020-04-13 
MUOKATAAN Työvuorot jolla toistuva_id=2670 --> toistuva_id=0 
Ketju 2877, Uusi aloituspäivä: 13.04.2020 
POISTETAAN Työvuorot jolla toistuva_id=2877 ja PVM >= 2020-04-13 
MUOKATAAN Työvuorot jolla toistuva_id=2877 --> toistuva_id=0 
Ketju 2182, Uusi aloituspäivä: 13.04.2020 
POISTETAAN Työvuorot jolla toistuva_id=2182 ja PVM >= 2020-04-13 
MUOKATAAN Työvuorot jolla toistuva_id=2182 --> toistuva_id=0 
Ketju 2542, Uusi aloituspäivä: 13.04.2020 
POISTETAAN Työvuorot jolla toistuva_id=2542 ja PVM >= 2020-04-13 
MUOKATAAN Työvuorot jolla toistuva_id=2542 --> toistuva_id=0 
Ketju 3910, Uusi aloituspäivä: 13.04.2020 
POISTETAAN Työvuorot jolla toistuva_id=3910 ja PVM >= 2020-04-13 
MUOKATAAN Työvuorot jolla toistuva_id=3910 --> toistuva_id=0 
Ketju 2427, Uusi aloituspäivä: 13.04.2020 
POISTETAAN Työvuorot jolla toistuva_id=2427 ja PVM >= 2020-04-13 
MUOKATAAN Työvuorot jolla toistuva_id=2427 --> toistuva_id=0 
Ketju 3766, Uusi aloituspäivä: 13.04.2020 
POISTETAAN Työvuorot jolla toistuva_id=3766 ja PVM >= 2020-04-13 
MUOKATAAN Työvuorot jolla toistuva_id=3766 --> toistuva_id=0 
Ketju 1128, Uusi aloituspäivä: 13.04.2020 
POISTETAAN Työvuorot jolla toistuva_id=1128 ja PVM >= 2020-04-13 
MUOKATAAN Työvuorot jolla toistuva_id=1128 --> toistuva_id=0 
Ketju 1923, Uusi aloituspäivä: 13.04.2020 
POISTETAAN Työvuorot jolla toistuva_id=1923 ja PVM >= 2020-04-13 
MUOKATAAN Työvuorot jolla toistuva_id=1923 --> toistuva_id=0 
Ketju 3041, Uusi aloituspäivä: 13.04.2020 
POISTETAAN Työvuorot jolla toistuva_id=3041 ja PVM >= 2020-04-13 
MUOKATAAN Työvuorot jolla toistuva_id=3041 --> toistuva_id=0 
Ketju 3413, Uusi aloituspäivä: 13.04.2020 
POISTETAAN Työvuorot jolla toistuva_id=3413 ja PVM >= 2020-04-13 
MUOKATAAN Työvuorot jolla toistuva_id=3413 --> toistuva_id=0 
Ketju 3715, Uusi aloituspäivä: 13.04.2020 
POISTETAAN Työvuorot jolla toistuva_id=3715 ja PVM >= 2020-04-13 
MUOKATAAN Työvuorot jolla toistuva_id=3715 --> toistuva_id=0 
Ketju 3802, Uusi aloituspäivä: 13.04.2020 
POISTETAAN Työvuorot jolla toistuva_id=3802 ja PVM >= 2020-04-13 
MUOKATAAN Työvuorot jolla toistuva_id=3802 --> toistuva_id=0 
Ketju 1682, Uusi aloituspäivä: 13.04.2020 
POISTETAAN Työvuorot jolla toistuva_id=1682 ja PVM >= 2020-04-13 
MUOKATAAN Työvuorot jolla toistuva_id=1682 --> toistuva_id=0 
Ketju 2609, Uusi aloituspäivä: 13.04.2020 
POISTETAAN Työvuorot jolla toistuva_id=2609 ja PVM >= 2020-04-13 
MUOKATAAN Työvuorot jolla toistuva_id=2609 --> toistuva_id=0 
Ketju 2672, Uusi aloituspäivä: 13.04.2020 
POISTETAAN Työvuorot jolla toistuva_id=2672 ja PVM >= 2020-04-13 
MUOKATAAN Työvuorot jolla toistuva_id=2672 --> toistuva_id=0 
TID ongelma, Ketju 3530, Uusi TID on - 298, Uusi aloituspäivä: 13.04.2020 
POISTETAAN Työvuorot jolla toistuva_id=3530 ja PVM >= 2020-04-13 
MUOKATAAN Työvuorot jolla toistuva_id=3530 --> toistuva_id=0 
Ketju 3892, Uusi aloituspäivä: 13.04.2020 
POISTETAAN Työvuorot jolla toistuva_id=3892 ja PVM >= 2020-04-13 
MUOKATAAN Työvuorot jolla toistuva_id=3892 --> toistuva_id=0 
Ketju 4235, Uusi aloituspäivä: 13.04.2020 
POISTETAAN Työvuorot jolla toistuva_id=4235 ja PVM >= 2020-04-13 
MUOKATAAN Työvuorot jolla toistuva_id=4235 --> toistuva_id=0 
Ketju 1982, Uusi aloituspäivä: 13.04.2020 
POISTETAAN Työvuorot jolla toistuva_id=1982 ja PVM >= 2020-04-13 
MUOKATAAN Työvuorot jolla toistuva_id=1982 --> toistuva_id=0 
Ketju 3741, Uusi aloituspäivä: 13.04.2020 
POISTETAAN Työvuorot jolla toistuva_id=3741 ja PVM >= 2020-04-13 
MUOKATAAN Työvuorot jolla toistuva_id=3741 --> toistuva_id=0 
TID ongelma, Ketju 2638, Uusi TID on - 298, Uusi aloituspäivä: 13.04.2020 
POISTETAAN Työvuorot jolla toistuva_id=2638 ja PVM >= 2020-04-13 
MUOKATAAN Työvuorot jolla toistuva_id=2638 --> toistuva_id=0 
Ketju 3767, Uusi aloituspäivä: 13.04.2020 
POISTETAAN Työvuorot jolla toistuva_id=3767 ja PVM >= 2020-04-13 
MUOKATAAN Työvuorot jolla toistuva_id=3767 --> toistuva_id=0 
Ketju 3925, Uusi aloituspäivä: 13.04.2020 
POISTETAAN Työvuorot jolla toistuva_id=3925 ja PVM >= 2020-04-13 
MUOKATAAN Työvuorot jolla toistuva_id=3925 --> toistuva_id=0 
Ketju 3414, Uusi aloituspäivä: 13.04.2020 
POISTETAAN Työvuorot jolla toistuva_id=3414 ja PVM >= 2020-04-13 
MUOKATAAN Työvuorot jolla toistuva_id=3414 --> toistuva_id=0 
TID ongelma, Ketju 3804, Uusi TID on - 297, Uusi aloituspäivä: 13.04.2020 
POISTETAAN Työvuorot jolla toistuva_id=3804 ja PVM >= 2020-04-13 
MUOKATAAN Työvuorot jolla toistuva_id=3804 --> toistuva_id=0 
Ketju 3860, Uusi aloituspäivä: 13.04.2020 
POISTETAAN Työvuorot jolla toistuva_id=3860 ja PVM >= 2020-04-13 
MUOKATAAN Työvuorot jolla toistuva_id=3860 --> toistuva_id=0 
Ketju 4248, Uusi aloituspäivä: 13.04.2020 
POISTETAAN Työvuorot jolla toistuva_id=4248 ja PVM >= 2020-04-13 
MUOKATAAN Työvuorot jolla toistuva_id=4248 --> toistuva_id=0 
Ketju 1683, Uusi aloituspäivä: 13.04.2020 
POISTETAAN Työvuorot jolla toistuva_id=1683 ja PVM >= 2020-04-13 
MUOKATAAN Työvuorot jolla toistuva_id=1683 --> toistuva_id=0 
Ketju 2610, Uusi aloituspäivä: 13.04.2020 
POISTETAAN Työvuorot jolla toistuva_id=2610 ja PVM >= 2020-04-13 
MUOKATAAN Työvuorot jolla toistuva_id=2610 --> toistuva_id=0 
Ketju 3753, Uusi aloituspäivä: 13.04.2020 
POISTETAAN Työvuorot jolla toistuva_id=3753 ja PVM >= 2020-04-13 
MUOKATAAN Työvuorot jolla toistuva_id=3753 --> toistuva_id=0 
Ketju 3879, Uusi aloituspäivä: 13.04.2020 
POISTETAAN Työvuorot jolla toistuva_id=3879 ja PVM >= 2020-04-13 
MUOKATAAN Työvuorot jolla toistuva_id=3879 --> toistuva_id=0 
Ketju 1558, Uusi aloituspäivä: 13.04.2020 
POISTETAAN Työvuorot jolla toistuva_id=1558 ja PVM >= 2020-04-13 
MUOKATAAN Työvuorot jolla toistuva_id=1558 --> toistuva_id=0 
Ketju 2304, Uusi aloituspäivä: 13.04.2020 
POISTETAAN Työvuorot jolla toistuva_id=2304 ja PVM >= 2020-04-13 
MUOKATAAN Työvuorot jolla toistuva_id=2304 --> toistuva_id=0 
Ketju 2673, Uusi aloituspäivä: 13.04.2020 
POISTETAAN Työvuorot jolla toistuva_id=2673 ja PVM >= 2020-04-13 
MUOKATAAN Työvuorot jolla toistuva_id=2673 --> toistuva_id=0 
Ketju 3958, Uusi aloituspäivä: 13.04.2020 
POISTETAAN Työvuorot jolla toistuva_id=3958 ja PVM >= 2020-04-13 
MUOKATAAN Työvuorot jolla toistuva_id=3958 --> toistuva_id=0 
Ketju 2081, Uusi aloituspäivä: 13.04.2020 
POISTETAAN Työvuorot jolla toistuva_id=2081 ja PVM >= 2020-04-13 
MUOKATAAN Työvuorot jolla toistuva_id=2081 --> toistuva_id=0 
TID ongelma, Ketju 4228, Uusi TID on - 300, Uusi aloituspäivä: 13.04.2020 
POISTETAAN Työvuorot jolla toistuva_id=4228 ja PVM >= 2020-04-13 
MUOKATAAN Työvuorot jolla toistuva_id=4228 --> toistuva_id=0 
Ketju 3656, Uusi aloituspäivä: 13.04.2020 
POISTETAAN Työvuorot jolla toistuva_id=3656 ja PVM >= 2020-04-13 
MUOKATAAN Työvuorot jolla toistuva_id=3656 --> toistuva_id=0 
Ketju 3717, Uusi aloituspäivä: 13.04.2020 
POISTETAAN Työvuorot jolla toistuva_id=3717 ja PVM >= 2020-04-13 
MUOKATAAN Työvuorot jolla toistuva_id=3717 --> toistuva_id=0 
Ketju 4293, Uusi aloituspäivä: 13.04.2020 
POISTETAAN Työvuorot jolla toistuva_id=4293 ja PVM >= 2020-04-13 
MUOKATAAN Työvuorot jolla toistuva_id=4293 --> toistuva_id=0 
Ketju 3066, Uusi aloituspäivä: 13.04.2020 
POISTETAAN Työvuorot jolla toistuva_id=3066 ja PVM >= 2020-04-13 
MUOKATAAN Työvuorot jolla toistuva_id=3066 --> toistuva_id=0 
Ketju 3568, Uusi aloituspäivä: 13.04.2020 
POISTETAAN Työvuorot jolla toistuva_id=3568 ja PVM >= 2020-04-13 
MUOKATAAN Työvuorot jolla toistuva_id=3568 --> toistuva_id=0 
TID ongelma, Ketju 4142, Uusi TID on - 300, Uusi aloituspäivä: 13.04.2020 
POISTETAAN Työvuorot jolla toistuva_id=4142 ja PVM >= 2020-04-13 
MUOKATAAN Työvuorot jolla toistuva_id=4142 --> toistuva_id=0 
Ketju 3584, Uusi aloituspäivä: 13.04.2020 
POISTETAAN Työvuorot jolla toistuva_id=3584 ja PVM >= 2020-04-13 
MUOKATAAN Työvuorot jolla toistuva_id=3584 --> toistuva_id=0 
Ketju 1251, Uusi aloituspäivä: 13.04.2020 
POISTETAAN Työvuorot jolla toistuva_id=1251 ja PVM >= 2020-04-13 
MUOKATAAN Työvuorot jolla toistuva_id=1251 --> toistuva_id=0 
TID ongelma, Ketju 1652, Uusi TID on - 285, Uusi aloituspäivä: 13.04.2020 
POISTETAAN Työvuorot jolla toistuva_id=1652 ja PVM >= 2020-04-13 
MUOKATAAN Työvuorot jolla toistuva_id=1652 --> toistuva_id=0 
Ketju 3959, Uusi aloituspäivä: 13.04.2020 
POISTETAAN Työvuorot jolla toistuva_id=3959 ja PVM >= 2020-04-13 
MUOKATAAN Työvuorot jolla toistuva_id=3959 --> toistuva_id=0 
TID ongelma, Ketju 4229, Uusi TID on - 300, Uusi aloituspäivä: 13.04.2020 
POISTETAAN Työvuorot jolla toistuva_id=4229 ja PVM >= 2020-04-13 
MUOKATAAN Työvuorot jolla toistuva_id=4229 --> toistuva_id=0 
Ketju 3718, Uusi aloituspäivä: 13.04.2020 
POISTETAAN Työvuorot jolla toistuva_id=3718 ja PVM >= 2020-04-13 
MUOKATAAN Työvuorot jolla toistuva_id=3718 --> toistuva_id=0 
Ketju 3952, Uusi aloituspäivä: 13.04.2020 
POISTETAAN Työvuorot jolla toistuva_id=3952 ja PVM >= 2020-04-13 
MUOKATAAN Työvuorot jolla toistuva_id=3952 --> toistuva_id=0 
Ketju 3067, Uusi aloituspäivä: 13.04.2020 
POISTETAAN Työvuorot jolla toistuva_id=3067 ja PVM >= 2020-04-13 
MUOKATAAN Työvuorot jolla toistuva_id=3067 --> toistuva_id=0 
TID ongelma, Ketju 4143, Uusi TID on - 300, Uusi aloituspäivä: 13.04.2020 
POISTETAAN Työvuorot jolla toistuva_id=4143 ja PVM >= 2020-04-13 
MUOKATAAN Työvuorot jolla toistuva_id=4143 --> toistuva_id=0 
Ketju 3585, Uusi aloituspäivä: 13.04.2020 
POISTETAAN Työvuorot jolla toistuva_id=3585 ja PVM >= 2020-04-13 
MUOKATAAN Työvuorot jolla toistuva_id=3585 --> toistuva_id=0 
TID ongelma, Ketju 1653, Uusi TID on - 285, Uusi aloituspäivä: 13.04.2020 
POISTETAAN Työvuorot jolla toistuva_id=1653 ja PVM >= 2020-04-13 
MUOKATAAN Työvuorot jolla toistuva_id=1653 --> toistuva_id=0 
Ketju 3874, Uusi aloituspäivä: 13.04.2020 
POISTETAAN Työvuorot jolla toistuva_id=3874 ja PVM >= 2020-04-13 
MUOKATAAN Työvuorot jolla toistuva_id=3874 --> toistuva_id=0 
Ketju 3960, Uusi aloituspäivä: 13.04.2020 
POISTETAAN Työvuorot jolla toistuva_id=3960 ja PVM >= 2020-04-13 
MUOKATAAN Työvuorot jolla toistuva_id=3960 --> toistuva_id=0 
TID ongelma, Ketju 3694, Uusi TID on - 285, Uusi aloituspäivä: 13.04.2020 
POISTETAAN Työvuorot jolla toistuva_id=3694 ja PVM >= 2020-04-13 
MUOKATAAN Työvuorot jolla toistuva_id=3694 --> toistuva_id=0 
Ketju 3734, Uusi aloituspäivä: 13.04.2020 
POISTETAAN Työvuorot jolla toistuva_id=3734 ja PVM >= 2020-04-13 
MUOKATAAN Työvuorot jolla toistuva_id=3734 --> toistuva_id=0 
Ketju 3809, Uusi aloituspäivä: 13.04.2020 
POISTETAAN Työvuorot jolla toistuva_id=3809 ja PVM >= 2020-04-13 
MUOKATAAN Työvuorot jolla toistuva_id=3809 --> toistuva_id=0 
Ketju 3996, Uusi aloituspäivä: 13.04.2020 
POISTETAAN Työvuorot jolla toistuva_id=3996 ja PVM >= 2020-04-13 
MUOKATAAN Työvuorot jolla toistuva_id=3996 --> toistuva_id=0 
Ketju 4251, Uusi aloituspäivä: 13.04.2020 
POISTETAAN Työvuorot jolla toistuva_id=4251 ja PVM >= 2020-04-13 
MUOKATAAN Työvuorot jolla toistuva_id=4251 --> toistuva_id=0 
Ketju 3829, Uusi aloituspäivä: 13.04.2020 
POISTETAAN Työvuorot jolla toistuva_id=3829 ja PVM >= 2020-04-13 
MUOKATAAN Työvuorot jolla toistuva_id=3829 --> toistuva_id=0 
Ketju 1902, Uusi aloituspäivä: 13.04.2020 
POISTETAAN Työvuorot jolla toistuva_id=1902 ja PVM >= 2020-04-13 
MUOKATAAN Työvuorot jolla toistuva_id=1902 --> toistuva_id=0 
Ketju 2897, Uusi aloituspäivä: 13.04.2020 
POISTETAAN Työvuorot jolla toistuva_id=2897 ja PVM >= 2020-04-13 
MUOKATAAN Työvuorot jolla toistuva_id=2897 --> toistuva_id=0 
Ketju 3586, Uusi aloituspäivä: 13.04.2020 
POISTETAAN Työvuorot jolla toistuva_id=3586 ja PVM >= 2020-04-13 
MUOKATAAN Työvuorot jolla toistuva_id=3586 --> toistuva_id=0 
Ketju 2050, Uusi aloituspäivä: 13.04.2020 
POISTETAAN Työvuorot jolla toistuva_id=2050 ja PVM >= 2020-04-13 
MUOKATAAN Työvuorot jolla toistuva_id=2050 --> toistuva_id=0 
Ketju 4138, Uusi aloituspäivä: 13.04.2020 
POISTETAAN Työvuorot jolla toistuva_id=4138 ja PVM >= 2020-04-13 
MUOKATAAN Työvuorot jolla toistuva_id=4138 --> toistuva_id=0 
Ketju 4176, Uusi aloituspäivä: 13.04.2020 
POISTETAAN Työvuorot jolla toistuva_id=4176 ja PVM >= 2020-04-13 
MUOKATAAN Työvuorot jolla toistuva_id=4176 --> toistuva_id=0 
TID ongelma, Ketju 3081, Uusi TID on - 297, Uusi aloituspäivä: 13.04.2020 
POISTETAAN Työvuorot jolla toistuva_id=3081 ja PVM >= 2020-04-13 
MUOKATAAN Työvuorot jolla toistuva_id=3081 --> toistuva_id=0 
Ketju 4231, Uusi aloituspäivä: 13.04.2020 
POISTETAAN Työvuorot jolla toistuva_id=4231 ja PVM >= 2020-04-13 
MUOKATAAN Työvuorot jolla toistuva_id=4231 --> toistuva_id=0 
TID ongelma, Ketju 1645, Uusi TID on - 285, Uusi aloituspäivä: 13.04.2020 
POISTETAAN Työvuorot jolla toistuva_id=1645 ja PVM >= 2020-04-13 
MUOKATAAN Työvuorot jolla toistuva_id=1645 --> toistuva_id=0 
Ketju 3736, Uusi aloituspäivä: 13.04.2020 
POISTETAAN Työvuorot jolla toistuva_id=3736 ja PVM >= 2020-04-13 
MUOKATAAN Työvuorot jolla toistuva_id=3736 --> toistuva_id=0 
Ketju 3997, Uusi aloituspäivä: 13.04.2020 
POISTETAAN Työvuorot jolla toistuva_id=3997 ja PVM >= 2020-04-13 
MUOKATAAN Työvuorot jolla toistuva_id=3997 --> toistuva_id=0 
Ketju 4252, Uusi aloituspäivä: 13.04.2020 
POISTETAAN Työvuorot jolla toistuva_id=4252 ja PVM >= 2020-04-13 
MUOKATAAN Työvuorot jolla toistuva_id=4252 --> toistuva_id=0 
Ketju 1478, Uusi aloituspäivä: 13.04.2020 
POISTETAAN Työvuorot jolla toistuva_id=1478 ja PVM >= 2020-04-13 
MUOKATAAN Työvuorot jolla toistuva_id=1478 --> toistuva_id=0 
Ketju 1717, Uusi aloituspäivä: 13.04.2020 
POISTETAAN Työvuorot jolla toistuva_id=1717 ja PVM >= 2020-04-13 
MUOKATAAN Työvuorot jolla toistuva_id=1717 --> toistuva_id=0 
Ketju 3070, Uusi aloituspäivä: 13.04.2020 
POISTETAAN Työvuorot jolla toistuva_id=3070 ja PVM >= 2020-04-13 
MUOKATAAN Työvuorot jolla toistuva_id=3070 --> toistuva_id=0 
TID ongelma, Ketju 3573, Uusi TID on - 285, Uusi aloituspäivä: 13.04.2020 
POISTETAAN Työvuorot jolla toistuva_id=3573 ja PVM >= 2020-04-13 
MUOKATAAN Työvuorot jolla toistuva_id=3573 --> toistuva_id=0 
Ketju 3689, Uusi aloituspäivä: 13.04.2020 
POISTETAAN Työvuorot jolla toistuva_id=3689 ja PVM >= 2020-04-13 
MUOKATAAN Työvuorot jolla toistuva_id=3689 --> toistuva_id=0 
Ketju 2516, Uusi aloituspäivä: 13.04.2020 
POISTETAAN Työvuorot jolla toistuva_id=2516 ja PVM >= 2020-04-13 
MUOKATAAN Työvuorot jolla toistuva_id=2516 --> toistuva_id=0 
Ketju 3587, Uusi aloituspäivä: 13.04.2020 
POISTETAAN Työvuorot jolla toistuva_id=3587 ja PVM >= 2020-04-13 
MUOKATAAN Työvuorot jolla toistuva_id=3587 --> toistuva_id=0 
Ketju 2385, Uusi aloituspäivä: 13.04.2020 
POISTETAAN Työvuorot jolla toistuva_id=2385 ja PVM >= 2020-04-13 
MUOKATAAN Työvuorot jolla toistuva_id=2385 --> toistuva_id=0 
Ketju 4139, Uusi aloituspäivä: 13.04.2020 
POISTETAAN Työvuorot jolla toistuva_id=4139 ja PVM >= 2020-04-13 
MUOKATAAN Työvuorot jolla toistuva_id=4139 --> toistuva_id=0 
Ketju 4177, Uusi aloituspäivä: 13.04.2020 
POISTETAAN Työvuorot jolla toistuva_id=4177 ja PVM >= 2020-04-13 
MUOKATAAN Työvuorot jolla toistuva_id=4177 --> toistuva_id=0 
Ketju 3083, Uusi aloituspäivä: 13.04.2020 
POISTETAAN Työvuorot jolla toistuva_id=3083 ja PVM >= 2020-04-13 
MUOKATAAN Työvuorot jolla toistuva_id=3083 --> toistuva_id=0 
TID ongelma, Ketju 3932, Uusi TID on - 301, Uusi aloituspäivä: 13.04.2020 
POISTETAAN Työvuorot jolla toistuva_id=3932 ja PVM >= 2020-04-13 
MUOKATAAN Työvuorot jolla toistuva_id=3932 --> toistuva_id=0 
Ketju 4232, Uusi aloituspäivä: 13.04.2020 
POISTETAAN Työvuorot jolla toistuva_id=4232 ja PVM >= 2020-04-13 
MUOKATAAN Työvuorot jolla toistuva_id=4232 --> toistuva_id=0 
Ketju 4276, Uusi aloituspäivä: 13.04.2020 
POISTETAAN Työvuorot jolla toistuva_id=4276 ja PVM >= 2020-04-13 
MUOKATAAN Työvuorot jolla toistuva_id=4276 --> toistuva_id=0 
Ketju 3740, Uusi aloituspäivä: 13.04.2020 
POISTETAAN Työvuorot jolla toistuva_id=3740 ja PVM >= 2020-04-13 
MUOKATAAN Työvuorot jolla toistuva_id=3740 --> toistuva_id=0 
Ketju 3998, Uusi aloituspäivä: 13.04.2020 
POISTETAAN Työvuorot jolla toistuva_id=3998 ja PVM >= 2020-04-13 
MUOKATAAN Työvuorot jolla toistuva_id=3998 --> toistuva_id=0 
Ketju 4253, Uusi aloituspäivä: 13.04.2020 
POISTETAAN Työvuorot jolla toistuva_id=4253 ja PVM >= 2020-04-13 
MUOKATAAN Työvuorot jolla toistuva_id=4253 --> toistuva_id=0 
Ketju 3071, Uusi aloituspäivä: 13.04.2020 
POISTETAAN Työvuorot jolla toistuva_id=3071 ja PVM >= 2020-04-13 
MUOKATAAN Työvuorot jolla toistuva_id=3071 --> toistuva_id=0 
Ketju 3504, Uusi aloituspäivä: 13.04.2020 
POISTETAAN Työvuorot jolla toistuva_id=3504 ja PVM >= 2020-04-13 
MUOKATAAN Työvuorot jolla toistuva_id=3504 --> toistuva_id=0 
TID ongelma, Ketju 3574, Uusi TID on - 285, Uusi aloituspäivä: 13.04.2020 
POISTETAAN Työvuorot jolla toistuva_id=3574 ja PVM >= 2020-04-13 
MUOKATAAN Työvuorot jolla toistuva_id=3574 --> toistuva_id=0 
Ketju 3690, Uusi aloituspäivä: 13.04.2020 
POISTETAAN Työvuorot jolla toistuva_id=3690 ja PVM >= 2020-04-13 
MUOKATAAN Työvuorot jolla toistuva_id=3690 --> toistuva_id=0 
Ketju 3924, Uusi aloituspäivä: 13.04.2020 
POISTETAAN Työvuorot jolla toistuva_id=3924 ja PVM >= 2020-04-13 
MUOKATAAN Työvuorot jolla toistuva_id=3924 --> toistuva_id=0 
Ketju 1632, Uusi aloituspäivä: 13.04.2020 
POISTETAAN Työvuorot jolla toistuva_id=1632 ja PVM >= 2020-04-13 
MUOKATAAN Työvuorot jolla toistuva_id=1632 --> toistuva_id=0 
Ketju 2323, Uusi aloituspäivä: 13.04.2020 
POISTETAAN Työvuorot jolla toistuva_id=2323 ja PVM >= 2020-04-13 
MUOKATAAN Työvuorot jolla toistuva_id=2323 --> toistuva_id=0 
Ketju 2517, Uusi aloituspäivä: 13.04.2020 
POISTETAAN Työvuorot jolla toistuva_id=2517 ja PVM >= 2020-04-13 
MUOKATAAN Työvuorot jolla toistuva_id=2517 --> toistuva_id=0 
Ketju 2905, Uusi aloituspäivä: 13.04.2020 
POISTETAAN Työvuorot jolla toistuva_id=2905 ja PVM >= 2020-04-13 
MUOKATAAN Työvuorot jolla toistuva_id=2905 --> toistuva_id=0 
Ketju 3654, Uusi aloituspäivä: 13.04.2020 
POISTETAAN Työvuorot jolla toistuva_id=3654 ja PVM >= 2020-04-13 
MUOKATAAN Työvuorot jolla toistuva_id=3654 --> toistuva_id=0 
Ketju 4162, Uusi aloituspäivä: 13.04.2020 
POISTETAAN Työvuorot jolla toistuva_id=4162 ja PVM >= 2020-04-13 
MUOKATAAN Työvuorot jolla toistuva_id=4162 --> toistuva_id=0 
Ketju 2394, Uusi aloituspäivä: 13.04.2020 
POISTETAAN Työvuorot jolla toistuva_id=2394 ja PVM >= 2020-04-13 
MUOKATAAN Työvuorot jolla toistuva_id=2394 --> toistuva_id=0 
Ketju 3060, Uusi aloituspäivä: 13.04.2020 
POISTETAAN Työvuorot jolla toistuva_id=3060 ja PVM >= 2020-04-13 
MUOKATAAN Työvuorot jolla toistuva_id=3060 --> toistuva_id=0 
TID ongelma, Ketju 4140, Uusi TID on - 300, Uusi aloituspäivä: 13.04.2020 
POISTETAAN Työvuorot jolla toistuva_id=4140 ja PVM >= 2020-04-13 
MUOKATAAN Työvuorot jolla toistuva_id=4140 --> toistuva_id=0 
TID ongelma, Ketju 3786, Uusi TID on - 292, Uusi aloituspäivä: 13.04.2020 
POISTETAAN Työvuorot jolla toistuva_id=3786 ja PVM >= 2020-04-13 
MUOKATAAN Työvuorot jolla toistuva_id=3786 --> toistuva_id=0 
Ketju 3846, Uusi aloituspäivä: 13.04.2020 
POISTETAAN Työvuorot jolla toistuva_id=3846 ja PVM >= 2020-04-13 
MUOKATAAN Työvuorot jolla toistuva_id=3846 --> toistuva_id=0 
Ketju 4277, Uusi aloituspäivä: 13.04.2020 
POISTETAAN Työvuorot jolla toistuva_id=4277 ja PVM >= 2020-04-13 
MUOKATAAN Työvuorot jolla toistuva_id=4277 --> toistuva_id=0 
Ketju 1647, Uusi aloituspäivä: 13.04.2020 
POISTETAAN Työvuorot jolla toistuva_id=1647 ja PVM >= 2020-04-13 
MUOKATAAN Työvuorot jolla toistuva_id=1647 --> toistuva_id=0 
Ketju 2064, Uusi aloituspäivä: 13.04.2020 
POISTETAAN Työvuorot jolla toistuva_id=2064 ja PVM >= 2020-04-13 
MUOKATAAN Työvuorot jolla toistuva_id=2064 --> toistuva_id=0 
Ketju 2435, Uusi aloituspäivä: 13.04.2020 
POISTETAAN Työvuorot jolla toistuva_id=2435 ja PVM >= 2020-04-13 
MUOKATAAN Työvuorot jolla toistuva_id=2435 --> toistuva_id=0 
TID ongelma, Ketju 3199, Uusi TID on - 285, Uusi aloituspäivä: 13.04.2020 
POISTETAAN Työvuorot jolla toistuva_id=3199 ja PVM >= 2020-04-13 
MUOKATAAN Työvuorot jolla toistuva_id=3199 --> toistuva_id=0 
Ketju 3506, Uusi aloituspäivä: 13.04.2020 
POISTETAAN Työvuorot jolla toistuva_id=3506 ja PVM >= 2020-04-13 
MUOKATAAN Työvuorot jolla toistuva_id=3506 --> toistuva_id=0 
Ketju 3832, Uusi aloituspäivä: 13.04.2020 
POISTETAAN Työvuorot jolla toistuva_id=3832 ja PVM >= 2020-04-13 
MUOKATAAN Työvuorot jolla toistuva_id=3832 --> toistuva_id=0 
Ketju 1633, Uusi aloituspäivä: 13.04.2020 
POISTETAAN Työvuorot jolla toistuva_id=1633 ja PVM >= 2020-04-13 
MUOKATAAN Työvuorot jolla toistuva_id=1633 --> toistuva_id=0 
TID ongelma, Ketju 2160, Uusi TID on - 297, Uusi aloituspäivä: 13.04.2020 
POISTETAAN Työvuorot jolla toistuva_id=2160 ja PVM >= 2020-04-13 
MUOKATAAN Työvuorot jolla toistuva_id=2160 --> toistuva_id=0 
Ketju 2518, Uusi aloituspäivä: 13.04.2020 
POISTETAAN Työvuorot jolla toistuva_id=2518 ja PVM >= 2020-04-13 
MUOKATAAN Työvuorot jolla toistuva_id=2518 --> toistuva_id=0 
Ketju 3655, Uusi aloituspäivä: 13.04.2020 
POISTETAAN Työvuorot jolla toistuva_id=3655 ja PVM >= 2020-04-13 
MUOKATAAN Työvuorot jolla toistuva_id=3655 --> toistuva_id=0 
Ketju 3716, Uusi aloituspäivä: 13.04.2020 
POISTETAAN Työvuorot jolla toistuva_id=3716 ja PVM >= 2020-04-13 
MUOKATAAN Työvuorot jolla toistuva_id=3716 --> toistuva_id=0 
Ketju 3497, Uusi aloituspäivä: 13.04.2020 
POISTETAAN Työvuorot jolla toistuva_id=3497 ja PVM >= 2020-04-13 
MUOKATAAN Työvuorot jolla toistuva_id=3497 --> toistuva_id=0 
Ketju 4141, Uusi aloituspäivä: 13.04.2020 
POISTETAAN Työvuorot jolla toistuva_id=4141 ja PVM >= 2020-04-13 
MUOKATAAN Työvuorot jolla toistuva_id=4141 --> toistuva_id=0 
TID ongelma, Ketju 3937, Uusi TID on - 301, Uusi aloituspäivä: 13.04.2020 
POISTETAAN Työvuorot jolla toistuva_id=3937 ja PVM >= 2020-04-13 
MUOKATAAN Työvuorot jolla toistuva_id=3937 --> toistuva_id=0 
Ketju 4023, Uusi aloituspäivä: 13.04.2020 
POISTETAAN Työvuorot jolla toistuva_id=4023 ja PVM >= 2020-04-13 
MUOKATAAN Työvuorot jolla toistuva_id=4023 --> toistuva_id=0 
Ketju 3430, Uusi aloituspäivä: 13.04.2020 
POISTETAAN Työvuorot jolla toistuva_id=3430 ja PVM >= 2020-04-13 
MUOKATAAN Työvuorot jolla toistuva_id=3430 --> toistuva_id=0 
Ketju 3746, Uusi aloituspäivä: 13.04.2020 
POISTETAAN Työvuorot jolla toistuva_id=3746 ja PVM >= 2020-04-13 
MUOKATAAN Työvuorot jolla toistuva_id=3746 --> toistuva_id=0 
TID ongelma, Ketju 3818, Uusi TID on - 297, Uusi aloituspäivä: 13.04.2020 
POISTETAAN Työvuorot jolla toistuva_id=3818 ja PVM >= 2020-04-13 
MUOKATAAN Työvuorot jolla toistuva_id=3818 --> toistuva_id=0 
Ketju 3044, Uusi aloituspäivä: 13.04.2020 
POISTETAAN Työvuorot jolla toistuva_id=3044 ja PVM >= 2020-04-13 
MUOKATAAN Työvuorot jolla toistuva_id=3044 --> toistuva_id=0 
Ketju 4030, Uusi aloituspäivä: 13.04.2020 
POISTETAAN Työvuorot jolla toistuva_id=4030 ja PVM >= 2020-04-13 
MUOKATAAN Työvuorot jolla toistuva_id=4030 --> toistuva_id=0 
Ketju 1700, Uusi aloituspäivä: 13.04.2020 
POISTETAAN Työvuorot jolla toistuva_id=1700 ja PVM >= 2020-04-13 
MUOKATAAN Työvuorot jolla toistuva_id=1700 --> toistuva_id=0 
TID ongelma, Ketju 2228, Uusi TID on - 297, Uusi aloituspäivä: 13.04.2020 
POISTETAAN Työvuorot jolla toistuva_id=2228 ja PVM >= 2020-04-13 
MUOKATAAN Työvuorot jolla toistuva_id=2228 --> toistuva_id=0 
Ketju 3498, Uusi aloituspäivä: 13.04.2020 
POISTETAAN Työvuorot jolla toistuva_id=3498 ja PVM >= 2020-04-13 
MUOKATAAN Työvuorot jolla toistuva_id=3498 --> toistuva_id=0 
TID ongelma, Ketju 3969, Uusi TID on - 301, Uusi aloituspäivä: 13.04.2020 
POISTETAAN Työvuorot jolla toistuva_id=3969 ja PVM >= 2020-04-13 
MUOKATAAN Työvuorot jolla toistuva_id=3969 --> toistuva_id=0 
Ketju 1564, Uusi aloituspäivä: 13.04.2020 
POISTETAAN Työvuorot jolla toistuva_id=1564 ja PVM >= 2020-04-13 
MUOKATAAN Työvuorot jolla toistuva_id=1564 --> toistuva_id=0 
TID ongelma, Ketju 3938, Uusi TID on - 301, Uusi aloituspäivä: 13.04.2020 
POISTETAAN Työvuorot jolla toistuva_id=3938 ja PVM >= 2020-04-13 
MUOKATAAN Työvuorot jolla toistuva_id=3938 --> toistuva_id=0 
Ketju 4024, Uusi aloituspäivä: 13.04.2020 
POISTETAAN Työvuorot jolla toistuva_id=4024 ja PVM >= 2020-04-13 
MUOKATAAN Työvuorot jolla toistuva_id=4024 --> toistuva_id=0 
TID ongelma, Ketju 3343, Uusi TID on - 292, Uusi aloituspäivä: 13.04.2020 
POISTETAAN Työvuorot jolla toistuva_id=3343 ja PVM >= 2020-04-13 
MUOKATAAN Työvuorot jolla toistuva_id=3343 --> toistuva_id=0 
Ketju 3747, Uusi aloituspäivä: 13.04.2020 
POISTETAAN Työvuorot jolla toistuva_id=3747 ja PVM >= 2020-04-13 
MUOKATAAN Työvuorot jolla toistuva_id=3747 --> toistuva_id=0 
TID ongelma, Ketju 3819, Uusi TID on - 297, Uusi aloituspäivä: 13.04.2020 
POISTETAAN Työvuorot jolla toistuva_id=3819 ja PVM >= 2020-04-13 
MUOKATAAN Työvuorot jolla toistuva_id=3819 --> toistuva_id=0 
TID ongelma, Ketju 3305, Uusi TID on - 298, Uusi aloituspäivä: 13.04.2020 
POISTETAAN Työvuorot jolla toistuva_id=3305 ja PVM >= 2020-04-13 
MUOKATAAN Työvuorot jolla toistuva_id=3305 --> toistuva_id=0 
Ketju 4273, Uusi aloituspäivä: 13.04.2020 
POISTETAAN Työvuorot jolla toistuva_id=4273 ja PVM >= 2020-04-13 
MUOKATAAN Työvuorot jolla toistuva_id=4273 --> toistuva_id=0 
Ketju 4031, Uusi aloituspäivä: 13.04.2020 
POISTETAAN Työvuorot jolla toistuva_id=4031 ja PVM >= 2020-04-13 
MUOKATAAN Työvuorot jolla toistuva_id=4031 --> toistuva_id=0 
Ketju 2688, Uusi aloituspäivä: 13.04.2020 
POISTETAAN Työvuorot jolla toistuva_id=2688 ja PVM >= 2020-04-13 
MUOKATAAN Työvuorot jolla toistuva_id=2688 --> toistuva_id=0 
TID ongelma, Ketju 3108, Uusi TID on - 292, Uusi aloituspäivä: 13.04.2020 
POISTETAAN Työvuorot jolla toistuva_id=3108 ja PVM >= 2020-04-13 
MUOKATAAN Työvuorot jolla toistuva_id=3108 --> toistuva_id=0 
TID ongelma, Ketju 3939, Uusi TID on - 301, Uusi aloituspäivä: 13.04.2020 
POISTETAAN Työvuorot jolla toistuva_id=3939 ja PVM >= 2020-04-13 
MUOKATAAN Työvuorot jolla toistuva_id=3939 --> toistuva_id=0 
Ketju 4025, Uusi aloituspäivä: 13.04.2020 
POISTETAAN Työvuorot jolla toistuva_id=4025 ja PVM >= 2020-04-13 
MUOKATAAN Työvuorot jolla toistuva_id=4025 --> toistuva_id=0 
Ketju 2216, Uusi aloituspäivä: 13.04.2020 
POISTETAAN Työvuorot jolla toistuva_id=2216 ja PVM >= 2020-04-13 
MUOKATAAN Työvuorot jolla toistuva_id=2216 --> toistuva_id=0 
Ketju 3164, Uusi aloituspäivä: 13.04.2020 
POISTETAAN Työvuorot jolla toistuva_id=3164 ja PVM >= 2020-04-13 
MUOKATAAN Työvuorot jolla toistuva_id=3164 --> toistuva_id=0 
Ketju 3348, Uusi aloituspäivä: 13.04.2020 
POISTETAAN Työvuorot jolla toistuva_id=3348 ja PVM >= 2020-04-13 
MUOKATAAN Työvuorot jolla toistuva_id=3348 --> toistuva_id=0 
Ketju 3748, Uusi aloituspäivä: 13.04.2020 
POISTETAAN Työvuorot jolla toistuva_id=3748 ja PVM >= 2020-04-13 
MUOKATAAN Työvuorot jolla toistuva_id=3748 --> toistuva_id=0 
TID ongelma, Ketju 3820, Uusi TID on - 297, Uusi aloituspäivä: 13.04.2020 
POISTETAAN Työvuorot jolla toistuva_id=3820 ja PVM >= 2020-04-13 
MUOKATAAN Työvuorot jolla toistuva_id=3820 --> toistuva_id=0 
Ketju 3307, Uusi aloituspäivä: 13.04.2020 
POISTETAAN Työvuorot jolla toistuva_id=3307 ja PVM >= 2020-04-13 
MUOKATAAN Työvuorot jolla toistuva_id=3307 --> toistuva_id=0 
Ketju 4153, Uusi aloituspäivä: 13.04.2020 
POISTETAAN Työvuorot jolla toistuva_id=4153 ja PVM >= 2020-04-13 
MUOKATAAN Työvuorot jolla toistuva_id=4153 --> toistuva_id=0 
Ketju 2345, Uusi aloituspäivä: 13.04.2020 
POISTETAAN Työvuorot jolla toistuva_id=2345 ja PVM >= 2020-04-13 
MUOKATAAN Työvuorot jolla toistuva_id=2345 --> toistuva_id=0 
Ketju 4032, Uusi aloituspäivä: 13.04.2020 
POISTETAAN Työvuorot jolla toistuva_id=4032 ja PVM >= 2020-04-13 
MUOKATAAN Työvuorot jolla toistuva_id=4032 --> toistuva_id=0 
Ketju 4131, Uusi aloituspäivä: 13.04.2020 
POISTETAAN Työvuorot jolla toistuva_id=4131 ja PVM >= 2020-04-13 
MUOKATAAN Työvuorot jolla toistuva_id=4131 --> toistuva_id=0 
Ketju 4295, Uusi aloituspäivä: 13.04.2020 
POISTETAAN Työvuorot jolla toistuva_id=4295 ja PVM >= 2020-04-13 
MUOKATAAN Työvuorot jolla toistuva_id=4295 --> toistuva_id=0 
Ketju 4146, Uusi aloituspäivä: 13.04.2020 
POISTETAAN Työvuorot jolla toistuva_id=4146 ja PVM >= 2020-04-13 
MUOKATAAN Työvuorot jolla toistuva_id=4146 --> toistuva_id=0 
TID ongelma, Ketju 2143, Uusi TID on - 298, Uusi aloituspäivä: 13.04.2020 
POISTETAAN Työvuorot jolla toistuva_id=2143 ja PVM >= 2020-04-13 
MUOKATAAN Työvuorot jolla toistuva_id=2143 --> toistuva_id=0 
TID ongelma, Ketju 3396, Uusi TID on - 292, Uusi aloituspäivä: 13.04.2020 
POISTETAAN Työvuorot jolla toistuva_id=3396 ja PVM >= 2020-04-13 
MUOKATAAN Työvuorot jolla toistuva_id=3396 --> toistuva_id=0 
Ketju 3856, Uusi aloituspäivä: 13.04.2020 
POISTETAAN Työvuorot jolla toistuva_id=3856 ja PVM >= 2020-04-13 
MUOKATAAN Työvuorot jolla toistuva_id=3856 --> toistuva_id=0 
TID ongelma, Ketju 3940, Uusi TID on - 301, Uusi aloituspäivä: 13.04.2020 
POISTETAAN Työvuorot jolla toistuva_id=3940 ja PVM >= 2020-04-13 
MUOKATAAN Työvuorot jolla toistuva_id=3940 --> toistuva_id=0 
Ketju 4026, Uusi aloituspäivä: 13.04.2020 
POISTETAAN Työvuorot jolla toistuva_id=4026 ja PVM >= 2020-04-13 
MUOKATAAN Työvuorot jolla toistuva_id=4026 --> toistuva_id=0 
Ketju 4160, Uusi aloituspäivä: 13.04.2020 
POISTETAAN Työvuorot jolla toistuva_id=4160 ja PVM >= 2020-04-13 
MUOKATAAN Työvuorot jolla toistuva_id=4160 --> toistuva_id=0 
Ketju 1672, Uusi aloituspäivä: 13.04.2020 
POISTETAAN Työvuorot jolla toistuva_id=1672 ja PVM >= 2020-04-13 
MUOKATAAN Työvuorot jolla toistuva_id=1672 --> toistuva_id=0 
Ketju 2606, Uusi aloituspäivä: 13.04.2020 
POISTETAAN Työvuorot jolla toistuva_id=2606 ja PVM >= 2020-04-13 
MUOKATAAN Työvuorot jolla toistuva_id=2606 --> toistuva_id=0 
Ketju 3750, Uusi aloituspäivä: 13.04.2020 
POISTETAAN Työvuorot jolla toistuva_id=3750 ja PVM >= 2020-04-13 
MUOKATAAN Työvuorot jolla toistuva_id=3750 --> toistuva_id=0 
Ketju 3875, Uusi aloituspäivä: 13.04.2020 
POISTETAAN Työvuorot jolla toistuva_id=3875 ja PVM >= 2020-04-13 
MUOKATAAN Työvuorot jolla toistuva_id=3875 --> toistuva_id=0 
Ketju 4054, Uusi aloituspäivä: 13.04.2020 
POISTETAAN Työvuorot jolla toistuva_id=4054 ja PVM >= 2020-04-13 
MUOKATAAN Työvuorot jolla toistuva_id=4054 --> toistuva_id=0 
Ketju 1860, Uusi aloituspäivä: 13.04.2020 
POISTETAAN Työvuorot jolla toistuva_id=1860 ja PVM >= 2020-04-13 
MUOKATAAN Työvuorot jolla toistuva_id=1860 --> toistuva_id=0 
Ketju 4020, Uusi aloituspäivä: 13.04.2020 
POISTETAAN Työvuorot jolla toistuva_id=4020 ja PVM >= 2020-04-13 
MUOKATAAN Työvuorot jolla toistuva_id=4020 --> toistuva_id=0 
Ketju 2346, Uusi aloituspäivä: 13.04.2020 
POISTETAAN Työvuorot jolla toistuva_id=2346 ja PVM >= 2020-04-13 
MUOKATAAN Työvuorot jolla toistuva_id=2346 --> toistuva_id=0 
TID ongelma, Ketju 3954, Uusi TID on - 301, Uusi aloituspäivä: 13.04.2020 
POISTETAAN Työvuorot jolla toistuva_id=3954 ja PVM >= 2020-04-13 
MUOKATAAN Työvuorot jolla toistuva_id=3954 --> toistuva_id=0 
Ketju 4033, Uusi aloituspäivä: 13.04.2020 
POISTETAAN Työvuorot jolla toistuva_id=4033 ja PVM >= 2020-04-13 
MUOKATAAN Työvuorot jolla toistuva_id=4033 --> toistuva_id=0 
Ketju 4132, Uusi aloituspäivä: 13.04.2020 
POISTETAAN Työvuorot jolla toistuva_id=4132 ja PVM >= 2020-04-13 
MUOKATAAN Työvuorot jolla toistuva_id=4132 --> toistuva_id=0 
Ketju 1009, Uusi aloituspäivä: 13.04.2020 
POISTETAAN Työvuorot jolla toistuva_id=1009 ja PVM >= 2020-04-13 
MUOKATAAN Työvuorot jolla toistuva_id=1009 --> toistuva_id=0 
TID ongelma, Ketju 2991, Uusi TID on - 298, Uusi aloituspäivä: 13.04.2020 
POISTETAAN Työvuorot jolla toistuva_id=2991 ja PVM >= 2020-04-13 
MUOKATAAN Työvuorot jolla toistuva_id=2991 --> toistuva_id=0 
Ketju 3502, Uusi aloituspäivä: 13.04.2020 
POISTETAAN Työvuorot jolla toistuva_id=3502 ja PVM >= 2020-04-13 
MUOKATAAN Työvuorot jolla toistuva_id=3502 --> toistuva_id=0 
Ketju 4147, Uusi aloituspäivä: 13.04.2020 
POISTETAAN Työvuorot jolla toistuva_id=4147 ja PVM >= 2020-04-13 
MUOKATAAN Työvuorot jolla toistuva_id=4147 --> toistuva_id=0 
Ketju 4225, Uusi aloituspäivä: 13.04.2020 
POISTETAAN Työvuorot jolla toistuva_id=4225 ja PVM >= 2020-04-13 
MUOKATAAN Työvuorot jolla toistuva_id=4225 --> toistuva_id=0 
TID ongelma, Ketju 2144, Uusi TID on - 298, Uusi aloituspäivä: 13.04.2020 
POISTETAAN Työvuorot jolla toistuva_id=2144 ja PVM >= 2020-04-13 
MUOKATAAN Työvuorot jolla toistuva_id=2144 --> toistuva_id=0 
Ketju 3124, Uusi aloituspäivä: 13.04.2020 
POISTETAAN Työvuorot jolla toistuva_id=3124 ja PVM >= 2020-04-13 
MUOKATAAN Työvuorot jolla toistuva_id=3124 --> toistuva_id=0 
Ketju 3857, Uusi aloituspäivä: 13.04.2020 
POISTETAAN Työvuorot jolla toistuva_id=3857 ja PVM >= 2020-04-13 
MUOKATAAN Työvuorot jolla toistuva_id=3857 --> toistuva_id=0 
Ketju 4027, Uusi aloituspäivä: 13.04.2020 
POISTETAAN Työvuorot jolla toistuva_id=4027 ja PVM >= 2020-04-13 
MUOKATAAN Työvuorot jolla toistuva_id=4027 --> toistuva_id=0 
Ketju 969, Uusi aloituspäivä: 13.04.2020 
POISTETAAN Työvuorot jolla toistuva_id=969 ja PVM >= 2020-04-13 
MUOKATAAN Työvuorot jolla toistuva_id=969 --> toistuva_id=0 
Ketju 1673, Uusi aloituspäivä: 13.04.2020 
POISTETAAN Työvuorot jolla toistuva_id=1673 ja PVM >= 2020-04-13 
MUOKATAAN Työvuorot jolla toistuva_id=1673 --> toistuva_id=0 
Ketju 2960, Uusi aloituspäivä: 13.04.2020 
POISTETAAN Työvuorot jolla toistuva_id=2960 ja PVM >= 2020-04-13 
MUOKATAAN Työvuorot jolla toistuva_id=2960 --> toistuva_id=0 
Ketju 3676, Uusi aloituspäivä: 13.04.2020 
POISTETAAN Työvuorot jolla toistuva_id=3676 ja PVM >= 2020-04-13 
MUOKATAAN Työvuorot jolla toistuva_id=3676 --> toistuva_id=0 
Ketju 3751, Uusi aloituspäivä: 13.04.2020 
POISTETAAN Työvuorot jolla toistuva_id=3751 ja PVM >= 2020-04-13 
MUOKATAAN Työvuorot jolla toistuva_id=3751 --> toistuva_id=0 
Ketju 3876, Uusi aloituspäivä: 13.04.2020 
POISTETAAN Työvuorot jolla toistuva_id=3876 ja PVM >= 2020-04-13 
MUOKATAAN Työvuorot jolla toistuva_id=3876 --> toistuva_id=0 
Ketju 4055, Uusi aloituspäivä: 13.04.2020 
POISTETAAN Työvuorot jolla toistuva_id=4055 ja PVM >= 2020-04-13 
MUOKATAAN Työvuorot jolla toistuva_id=4055 --> toistuva_id=0 
TID ongelma, Ketju 3527, Uusi TID on - 292, Uusi aloituspäivä: 13.04.2020 
POISTETAAN Työvuorot jolla toistuva_id=3527 ja PVM >= 2020-04-13 
MUOKATAAN Työvuorot jolla toistuva_id=3527 --> toistuva_id=0 
Ketju 4021, Uusi aloituspäivä: 13.04.2020 
POISTETAAN Työvuorot jolla toistuva_id=4021 ja PVM >= 2020-04-13 
MUOKATAAN Työvuorot jolla toistuva_id=4021 --> toistuva_id=0 
Ketju 4133, Uusi aloituspäivä: 13.04.2020 
POISTETAAN Työvuorot jolla toistuva_id=4133 ja PVM >= 2020-04-13 
MUOKATAAN Työvuorot jolla toistuva_id=4133 --> toistuva_id=0 
Ketju 2265, Uusi aloituspäivä: 13.04.2020 
POISTETAAN Työvuorot jolla toistuva_id=2265 ja PVM >= 2020-04-13 
MUOKATAAN Työvuorot jolla toistuva_id=2265 --> toistuva_id=0 
Ketju 4148, Uusi aloituspäivä: 13.04.2020 
POISTETAAN Työvuorot jolla toistuva_id=4148 ja PVM >= 2020-04-13 
MUOKATAAN Työvuorot jolla toistuva_id=4148 --> toistuva_id=0 
Ketju 4270, Uusi aloituspäivä: 13.04.2020 
POISTETAAN Työvuorot jolla toistuva_id=4270 ja PVM >= 2020-04-13 
MUOKATAAN Työvuorot jolla toistuva_id=4270 --> toistuva_id=0 
TID ongelma, Ketju 3127, Uusi TID on - 297, Uusi aloituspäivä: 13.04.2020 
POISTETAAN Työvuorot jolla toistuva_id=3127 ja PVM >= 2020-04-13 
MUOKATAAN Työvuorot jolla toistuva_id=3127 --> toistuva_id=0 
Ketju 3327, Uusi aloituspäivä: 13.04.2020 
POISTETAAN Työvuorot jolla toistuva_id=3327 ja PVM >= 2020-04-13 
MUOKATAAN Työvuorot jolla toistuva_id=3327 --> toistuva_id=0 
Ketju 4028, Uusi aloituspäivä: 13.04.2020 
POISTETAAN Työvuorot jolla toistuva_id=4028 ja PVM >= 2020-04-13 
MUOKATAAN Työvuorot jolla toistuva_id=4028 --> toistuva_id=0 
Ketju 970, Uusi aloituspäivä: 13.04.2020 
POISTETAAN Työvuorot jolla toistuva_id=970 ja PVM >= 2020-04-13 
MUOKATAAN Työvuorot jolla toistuva_id=970 --> toistuva_id=0 
Ketju 3677, Uusi aloituspäivä: 13.04.2020 
POISTETAAN Työvuorot jolla toistuva_id=3677 ja PVM >= 2020-04-13 
MUOKATAAN Työvuorot jolla toistuva_id=3677 --> toistuva_id=0 
Ketju 3752, Uusi aloituspäivä: 13.04.2020 
POISTETAAN Työvuorot jolla toistuva_id=3752 ja PVM >= 2020-04-13 
MUOKATAAN Työvuorot jolla toistuva_id=3752 --> toistuva_id=0 
Ketju 4056, Uusi aloituspäivä: 13.04.2020 
POISTETAAN Työvuorot jolla toistuva_id=4056 ja PVM >= 2020-04-13 
MUOKATAAN Työvuorot jolla toistuva_id=4056 --> toistuva_id=0 
Ketju 4178, Uusi aloituspäivä: 13.04.2020 
POISTETAAN Työvuorot jolla toistuva_id=4178 ja PVM >= 2020-04-13 
MUOKATAAN Työvuorot jolla toistuva_id=4178 --> toistuva_id=0 
Ketju 3936, Uusi aloituspäivä: 13.04.2020 
POISTETAAN Työvuorot jolla toistuva_id=3936 ja PVM >= 2020-04-13 
MUOKATAAN Työvuorot jolla toistuva_id=3936 --> toistuva_id=0 
Ketju 4022, Uusi aloituspäivä: 13.04.2020 
POISTETAAN Työvuorot jolla toistuva_id=4022 ja PVM >= 2020-04-13 
MUOKATAAN Työvuorot jolla toistuva_id=4022 --> toistuva_id=0 
Ketju 3671, Uusi aloituspäivä: 13.04.2020 
POISTETAAN Työvuorot jolla toistuva_id=3671 ja PVM >= 2020-04-13 
MUOKATAAN Työvuorot jolla toistuva_id=3671 --> toistuva_id=0 
Ketju 4001, Uusi aloituspäivä: 13.04.2020 
POISTETAAN Työvuorot jolla toistuva_id=4001 ja PVM >= 2020-04-13 
MUOKATAAN Työvuorot jolla toistuva_id=4001 --> toistuva_id=0 
Ketju 3043, Uusi aloituspäivä: 13.04.2020 
POISTETAAN Työvuorot jolla toistuva_id=3043 ja PVM >= 2020-04-13 
MUOKATAAN Työvuorot jolla toistuva_id=3043 --> toistuva_id=0 
Ketju 3329, Uusi aloituspäivä: 13.04.2020 
POISTETAAN Työvuorot jolla toistuva_id=3329 ja PVM >= 2020-04-13 
MUOKATAAN Työvuorot jolla toistuva_id=3329 --> toistuva_id=0 
Ketju 4029, Uusi aloituspäivä: 13.04.2020 
POISTETAAN Työvuorot jolla toistuva_id=4029 ja PVM >= 2020-04-13 
MUOKATAAN Työvuorot jolla toistuva_id=4029 --> toistuva_id=0 
Ketju 4292, Uusi aloituspäivä: 13.04.2020 
POISTETAAN Työvuorot jolla toistuva_id=4292 ja PVM >= 2020-04-13 
MUOKATAAN Työvuorot jolla toistuva_id=4292 --> toistuva_id=0 
Ketju 2806, Uusi aloituspäivä: 13.04.2020 
POISTETAAN Työvuorot jolla toistuva_id=2806 ja PVM >= 2020-04-13 
MUOKATAAN Työvuorot jolla toistuva_id=2806 --> toistuva_id=0 
Ketju 4179, Uusi aloituspäivä: 13.04.2020 
POISTETAAN Työvuorot jolla toistuva_id=4179 ja PVM >= 2020-04-13 
MUOKATAAN Työvuorot jolla toistuva_id=4179 --> toistuva_id=0 
Ketju 2116, Uusi aloituspäivä: 13.04.2020 
POISTETAAN Työvuorot jolla toistuva_id=2116 ja PVM >= 2020-04-13 
MUOKATAAN Työvuorot jolla toistuva_id=2116 --> toistuva_id=0 
Ketju 1198, Uusi aloituspäivä: 13.04.2020 
POISTETAAN Työvuorot jolla toistuva_id=1198 ja PVM >= 2020-04-13 
MUOKATAAN Työvuorot jolla toistuva_id=1198 --> toistuva_id=0 
Ketju 3648, Uusi aloituspäivä: 20.04.2020 
POISTETAAN Työvuorot jolla toistuva_id=3648 ja PVM >= 2020-04-20 
MUOKATAAN Työvuorot jolla toistuva_id=3648 --> toistuva_id=0 
Ketju 4157, Uusi aloituspäivä: 20.04.2020 
POISTETAAN Työvuorot jolla toistuva_id=4157 ja PVM >= 2020-04-20 
MUOKATAAN Työvuorot jolla toistuva_id=4157 --> toistuva_id=0 
Ketju 2775, Uusi aloituspäivä: 20.04.2020 
POISTETAAN Työvuorot jolla toistuva_id=2775 ja PVM >= 2020-04-20 
MUOKATAAN Työvuorot jolla toistuva_id=2775 --> toistuva_id=0 
Ketju 3052, Uusi aloituspäivä: 20.04.2020 
POISTETAAN Työvuorot jolla toistuva_id=3052 ja PVM >= 2020-04-20 
MUOKATAAN Työvuorot jolla toistuva_id=3052 --> toistuva_id=0 
Ketju 3576, Uusi aloituspäivä: 20.04.2020 
POISTETAAN Työvuorot jolla toistuva_id=3576 ja PVM >= 2020-04-20 
MUOKATAAN Työvuorot jolla toistuva_id=3576 --> toistuva_id=0 
Ketju 3977, Uusi aloituspäivä: 20.04.2020 
POISTETAAN Työvuorot jolla toistuva_id=3977 ja PVM >= 2020-04-20 
MUOKATAAN Työvuorot jolla toistuva_id=3977 --> toistuva_id=0 
Ketju 4097, Uusi aloituspäivä: 20.04.2020 
POISTETAAN Työvuorot jolla toistuva_id=4097 ja PVM >= 2020-04-20 
MUOKATAAN Työvuorot jolla toistuva_id=4097 --> toistuva_id=0 
Ketju 3236, Uusi aloituspäivä: 20.04.2020 
POISTETAAN Työvuorot jolla toistuva_id=3236 ja PVM >= 2020-04-20 
MUOKATAAN Työvuorot jolla toistuva_id=3236 --> toistuva_id=0 
Ketju 3920, Uusi aloituspäivä: 20.04.2020 
POISTETAAN Työvuorot jolla toistuva_id=3920 ja PVM >= 2020-04-20 
MUOKATAAN Työvuorot jolla toistuva_id=3920 --> toistuva_id=0 
Ketju 4071, Uusi aloituspäivä: 20.04.2020 
POISTETAAN Työvuorot jolla toistuva_id=4071 ja PVM >= 2020-04-20 
MUOKATAAN Työvuorot jolla toistuva_id=4071 --> toistuva_id=0 
Ketju 1105, Uusi aloituspäivä: 20.04.2020 
POISTETAAN Työvuorot jolla toistuva_id=1105 ja PVM >= 2020-04-20 
MUOKATAAN Työvuorot jolla toistuva_id=1105 --> toistuva_id=0 
Ketju 3095, Uusi aloituspäivä: 20.04.2020 
POISTETAAN Työvuorot jolla toistuva_id=3095 ja PVM >= 2020-04-20 
MUOKATAAN Työvuorot jolla toistuva_id=3095 --> toistuva_id=0 
Ketju 3323, Uusi aloituspäivä: 20.04.2020 
POISTETAAN Työvuorot jolla toistuva_id=3323 ja PVM >= 2020-04-20 
MUOKATAAN Työvuorot jolla toistuva_id=3323 --> toistuva_id=0 
Ketju 3394, Uusi aloituspäivä: 20.04.2020 
POISTETAAN Työvuorot jolla toistuva_id=3394 ja PVM >= 2020-04-20 
MUOKATAAN Työvuorot jolla toistuva_id=3394 --> toistuva_id=0 
Ketju 4158, Uusi aloituspäivä: 20.04.2020 
POISTETAAN Työvuorot jolla toistuva_id=4158 ja PVM >= 2020-04-20 
MUOKATAAN Työvuorot jolla toistuva_id=4158 --> toistuva_id=0 
Ketju 4239, Uusi aloituspäivä: 20.04.2020 
POISTETAAN Työvuorot jolla toistuva_id=4239 ja PVM >= 2020-04-20 
MUOKATAAN Työvuorot jolla toistuva_id=4239 --> toistuva_id=0 
Ketju 1846, Uusi aloituspäivä: 20.04.2020 
POISTETAAN Työvuorot jolla toistuva_id=1846 ja PVM >= 2020-04-20 
MUOKATAAN Työvuorot jolla toistuva_id=1846 --> toistuva_id=0 
Ketju 3577, Uusi aloituspäivä: 20.04.2020 
POISTETAAN Työvuorot jolla toistuva_id=3577 ja PVM >= 2020-04-20 
MUOKATAAN Työvuorot jolla toistuva_id=3577 --> toistuva_id=0 
Ketju 3978, Uusi aloituspäivä: 20.04.2020 
POISTETAAN Työvuorot jolla toistuva_id=3978 ja PVM >= 2020-04-20 
MUOKATAAN Työvuorot jolla toistuva_id=3978 --> toistuva_id=0 
Ketju 3657, Uusi aloituspäivä: 20.04.2020 
POISTETAAN Työvuorot jolla toistuva_id=3657 ja PVM >= 2020-04-20 
MUOKATAAN Työvuorot jolla toistuva_id=3657 --> toistuva_id=0 
TID ongelma, Ketju 4168, Uusi TID on - 286, Uusi aloituspäivä: 20.04.2020 
POISTETAAN Työvuorot jolla toistuva_id=4168 ja PVM >= 2020-04-20 
MUOKATAAN Työvuorot jolla toistuva_id=4168 --> toistuva_id=0 
Ketju 3921, Uusi aloituspäivä: 20.04.2020 
POISTETAAN Työvuorot jolla toistuva_id=3921 ja PVM >= 2020-04-20 
MUOKATAAN Työvuorot jolla toistuva_id=3921 --> toistuva_id=0 
Ketju 1568, Uusi aloituspäivä: 20.04.2020 
POISTETAAN Työvuorot jolla toistuva_id=1568 ja PVM >= 2020-04-20 
MUOKATAAN Työvuorot jolla toistuva_id=1568 --> toistuva_id=0 
Ketju 3703, Uusi aloituspäivä: 20.04.2020 
POISTETAAN Työvuorot jolla toistuva_id=3703 ja PVM >= 2020-04-20 
MUOKATAAN Työvuorot jolla toistuva_id=3703 --> toistuva_id=0 
Ketju 4240, Uusi aloituspäivä: 20.04.2020 
POISTETAAN Työvuorot jolla toistuva_id=4240 ja PVM >= 2020-04-20 
MUOKATAAN Työvuorot jolla toistuva_id=4240 --> toistuva_id=0 
Ketju 1257, Uusi aloituspäivä: 20.04.2020 
POISTETAAN Työvuorot jolla toistuva_id=1257 ja PVM >= 2020-04-20 
MUOKATAAN Työvuorot jolla toistuva_id=1257 --> toistuva_id=0 
Ketju 3674, Uusi aloituspäivä: 20.04.2020 
POISTETAAN Työvuorot jolla toistuva_id=3674 ja PVM >= 2020-04-20 
MUOKATAAN Työvuorot jolla toistuva_id=3674 --> toistuva_id=0 
Ketju 3371, Uusi aloituspäivä: 20.04.2020 
POISTETAAN Työvuorot jolla toistuva_id=3371 ja PVM >= 2020-04-20 
MUOKATAAN Työvuorot jolla toistuva_id=3371 --> toistuva_id=0 
Ketju 3979, Uusi aloituspäivä: 20.04.2020 
POISTETAAN Työvuorot jolla toistuva_id=3979 ja PVM >= 2020-04-20 
MUOKATAAN Työvuorot jolla toistuva_id=3979 --> toistuva_id=0 
Ketju 3659, Uusi aloituspäivä: 20.04.2020 
POISTETAAN Työvuorot jolla toistuva_id=3659 ja PVM >= 2020-04-20 
MUOKATAAN Työvuorot jolla toistuva_id=3659 --> toistuva_id=0 
TID ongelma, Ketju 4169, Uusi TID on - 286, Uusi aloituspäivä: 20.04.2020 
POISTETAAN Työvuorot jolla toistuva_id=4169 ja PVM >= 2020-04-20 
MUOKATAAN Työvuorot jolla toistuva_id=4169 --> toistuva_id=0 
Ketju 3922, Uusi aloituspäivä: 20.04.2020 
POISTETAAN Työvuorot jolla toistuva_id=3922 ja PVM >= 2020-04-20 
MUOKATAAN Työvuorot jolla toistuva_id=3922 --> toistuva_id=0 
Ketju 3798, Uusi aloituspäivä: 20.04.2020 
POISTETAAN Työvuorot jolla toistuva_id=3798 ja PVM >= 2020-04-20 
MUOKATAAN Työvuorot jolla toistuva_id=3798 --> toistuva_id=0 
Ketju 4241, Uusi aloituspäivä: 20.04.2020 
POISTETAAN Työvuorot jolla toistuva_id=4241 ja PVM >= 2020-04-20 
MUOKATAAN Työvuorot jolla toistuva_id=4241 --> toistuva_id=0 
Ketju 3057, Uusi aloituspäivä: 20.04.2020 
POISTETAAN Työvuorot jolla toistuva_id=3057 ja PVM >= 2020-04-20 
MUOKATAAN Työvuorot jolla toistuva_id=3057 --> toistuva_id=0 
Ketju 3675, Uusi aloituspäivä: 20.04.2020 
POISTETAAN Työvuorot jolla toistuva_id=3675 ja PVM >= 2020-04-20 
MUOKATAAN Työvuorot jolla toistuva_id=3675 --> toistuva_id=0 
Ketju 4006, Uusi aloituspäivä: 20.04.2020 
POISTETAAN Työvuorot jolla toistuva_id=4006 ja PVM >= 2020-04-20 
MUOKATAAN Työvuorot jolla toistuva_id=4006 --> toistuva_id=0 
TID ongelma, Ketju 3317, Uusi TID on - 301, Uusi aloituspäivä: 20.04.2020 
POISTETAAN Työvuorot jolla toistuva_id=3317 ja PVM >= 2020-04-20 
MUOKATAAN Työvuorot jolla toistuva_id=3317 --> toistuva_id=0 
Ketju 2535, Uusi aloituspäivä: 20.04.2020 
POISTETAAN Työvuorot jolla toistuva_id=2535 ja PVM >= 2020-04-20 
MUOKATAAN Työvuorot jolla toistuva_id=2535 --> toistuva_id=0 
Ketju 3810, Uusi aloituspäivä: 20.04.2020 
POISTETAAN Työvuorot jolla toistuva_id=3810 ja PVM >= 2020-04-20 
MUOKATAAN Työvuorot jolla toistuva_id=3810 --> toistuva_id=0 
TID ongelma, Ketju 4170, Uusi TID on - 286, Uusi aloituspäivä: 20.04.2020 
POISTETAAN Työvuorot jolla toistuva_id=4170 ja PVM >= 2020-04-20 
MUOKATAAN Työvuorot jolla toistuva_id=4170 --> toistuva_id=0 
Ketju 3192, Uusi aloituspäivä: 20.04.2020 
POISTETAAN Työvuorot jolla toistuva_id=3192 ja PVM >= 2020-04-20 
MUOKATAAN Työvuorot jolla toistuva_id=3192 --> toistuva_id=0 
Ketju 1071, Uusi aloituspäivä: 20.04.2020 
POISTETAAN Työvuorot jolla toistuva_id=1071 ja PVM >= 2020-04-20 
MUOKATAAN Työvuorot jolla toistuva_id=1071 --> toistuva_id=0 
Ketju 2930, Uusi aloituspäivä: 20.04.2020 
POISTETAAN Työvuorot jolla toistuva_id=2930 ja PVM >= 2020-04-20 
MUOKATAAN Työvuorot jolla toistuva_id=2930 --> toistuva_id=0 
Ketju 3955, Uusi aloituspäivä: 20.04.2020 
POISTETAAN Työvuorot jolla toistuva_id=3955 ja PVM >= 2020-04-20 
MUOKATAAN Työvuorot jolla toistuva_id=3955 --> toistuva_id=0 
Ketju 4171, Uusi aloituspäivä: 20.04.2020 
POISTETAAN Työvuorot jolla toistuva_id=4171 ja PVM >= 2020-04-20 
MUOKATAAN Työvuorot jolla toistuva_id=4171 --> toistuva_id=0 
Ketju 3973, Uusi aloituspäivä: 20.04.2020 
POISTETAAN Työvuorot jolla toistuva_id=3973 ja PVM >= 2020-04-20 
MUOKATAAN Työvuorot jolla toistuva_id=3973 --> toistuva_id=0 
Ketju 2148, Uusi aloituspäivä: 20.04.2020 
POISTETAAN Työvuorot jolla toistuva_id=2148 ja PVM >= 2020-04-20 
MUOKATAAN Työvuorot jolla toistuva_id=2148 --> toistuva_id=0 
Ketju 3900, Uusi aloituspäivä: 20.04.2020 
POISTETAAN Työvuorot jolla toistuva_id=3900 ja PVM >= 2020-04-20 
MUOKATAAN Työvuorot jolla toistuva_id=3900 --> toistuva_id=0 
TID ongelma, Ketju 3282, Uusi TID on - 298, Uusi aloituspäivä: 20.04.2020 
POISTETAAN Työvuorot jolla toistuva_id=3282 ja PVM >= 2020-04-20 
MUOKATAAN Työvuorot jolla toistuva_id=3282 --> toistuva_id=0 
Ketju 3487, Uusi aloituspäivä: 20.04.2020 
POISTETAAN Työvuorot jolla toistuva_id=3487 ja PVM >= 2020-04-20 
MUOKATAAN Työvuorot jolla toistuva_id=3487 --> toistuva_id=0 
Ketju 1243, Uusi aloituspäivä: 20.04.2020 
POISTETAAN Työvuorot jolla toistuva_id=1243 ja PVM >= 2020-04-20 
MUOKATAAN Työvuorot jolla toistuva_id=1243 --> toistuva_id=0 
Ketju 3340, Uusi aloituspäivä: 20.04.2020 
POISTETAAN Työvuorot jolla toistuva_id=3340 ja PVM >= 2020-04-20 
MUOKATAAN Työvuorot jolla toistuva_id=3340 --> toistuva_id=0 
Ketju 3956, Uusi aloituspäivä: 20.04.2020 
POISTETAAN Työvuorot jolla toistuva_id=3956 ja PVM >= 2020-04-20 
MUOKATAAN Työvuorot jolla toistuva_id=3956 --> toistuva_id=0 
Ketju 1014, Uusi aloituspäivä: 20.04.2020 
POISTETAAN Työvuorot jolla toistuva_id=1014 ja PVM >= 2020-04-20 
MUOKATAAN Työvuorot jolla toistuva_id=1014 --> toistuva_id=0 
Ketju 3974, Uusi aloituspäivä: 20.04.2020 
POISTETAAN Työvuorot jolla toistuva_id=3974 ja PVM >= 2020-04-20 
MUOKATAAN Työvuorot jolla toistuva_id=3974 --> toistuva_id=0 
Ketju 4271, Uusi aloituspäivä: 20.04.2020 
POISTETAAN Työvuorot jolla toistuva_id=4271 ja PVM >= 2020-04-20 
MUOKATAAN Työvuorot jolla toistuva_id=4271 --> toistuva_id=0 
Ketju 3065, Uusi aloituspäivä: 20.04.2020 
POISTETAAN Työvuorot jolla toistuva_id=3065 ja PVM >= 2020-04-20 
MUOKATAAN Työvuorot jolla toistuva_id=3065 --> toistuva_id=0 
Ketju 3287, Uusi aloituspäivä: 20.04.2020 
POISTETAAN Työvuorot jolla toistuva_id=3287 ja PVM >= 2020-04-20 
MUOKATAAN Työvuorot jolla toistuva_id=3287 --> toistuva_id=0 
Ketju 2892, Uusi aloituspäivä: 20.04.2020 
POISTETAAN Työvuorot jolla toistuva_id=2892 ja PVM >= 2020-04-20 
MUOKATAAN Työvuorot jolla toistuva_id=2892 --> toistuva_id=0 
Ketju 3094, Uusi aloituspäivä: 20.04.2020 
POISTETAAN Työvuorot jolla toistuva_id=3094 ja PVM >= 2020-04-20 
MUOKATAAN Työvuorot jolla toistuva_id=3094 --> toistuva_id=0 
Ketju 3322, Uusi aloituspäivä: 20.04.2020 
POISTETAAN Työvuorot jolla toistuva_id=3322 ja PVM >= 2020-04-20 
MUOKATAAN Työvuorot jolla toistuva_id=3322 --> toistuva_id=0 
Ketju 3392, Uusi aloituspäivä: 20.04.2020 
POISTETAAN Työvuorot jolla toistuva_id=3392 ja PVM >= 2020-04-20 
MUOKATAAN Työvuorot jolla toistuva_id=3392 --> toistuva_id=0 
Ketju 3984, Uusi aloituspäivä: 20.04.2020 
POISTETAAN Työvuorot jolla toistuva_id=3984 ja PVM >= 2020-04-20 
MUOKATAAN Työvuorot jolla toistuva_id=3984 --> toistuva_id=0 
Ketju 1986, Uusi aloituspäivä: 20.04.2020 
POISTETAAN Työvuorot jolla toistuva_id=1986 ja PVM >= 2020-04-20 
MUOKATAAN Työvuorot jolla toistuva_id=1986 --> toistuva_id=0 
Ketju 2368, Uusi aloituspäivä: 20.04.2020 
POISTETAAN Työvuorot jolla toistuva_id=2368 ja PVM >= 2020-04-20 
MUOKATAAN Työvuorot jolla toistuva_id=2368 --> toistuva_id=0 
Ketju 2943, Uusi aloituspäivä: 20.04.2020 
POISTETAAN Työvuorot jolla toistuva_id=2943 ja PVM >= 2020-04-20 
MUOKATAAN Työvuorot jolla toistuva_id=2943 --> toistuva_id=0 
Ketju 3302, Uusi aloituspäivä: 20.04.2020 
POISTETAAN Työvuorot jolla toistuva_id=3302 ja PVM >= 2020-04-20 
MUOKATAAN Työvuorot jolla toistuva_id=3302 --> toistuva_id=0 
Ketju 1953, Uusi aloituspäivä: 20.04.2020 
POISTETAAN Työvuorot jolla toistuva_id=1953 ja PVM >= 2020-04-20 
MUOKATAAN Työvuorot jolla toistuva_id=1953 --> toistuva_id=0 
Ketju 4126, Uusi aloituspäivä: 20.04.2020 
POISTETAAN Työvuorot jolla toistuva_id=4126 ja PVM >= 2020-04-20 
MUOKATAAN Työvuorot jolla toistuva_id=4126 --> toistuva_id=0 
Ketju 993, Uusi aloituspäivä: 20.04.2020 
POISTETAAN Työvuorot jolla toistuva_id=993 ja PVM >= 2020-04-20 
MUOKATAAN Työvuorot jolla toistuva_id=993 --> toistuva_id=0 
Ketju 3985, Uusi aloituspäivä: 20.04.2020 
POISTETAAN Työvuorot jolla toistuva_id=3985 ja PVM >= 2020-04-20 
MUOKATAAN Työvuorot jolla toistuva_id=3985 --> toistuva_id=0 
Ketju 1987, Uusi aloituspäivä: 20.04.2020 
POISTETAAN Työvuorot jolla toistuva_id=1987 ja PVM >= 2020-04-20 
MUOKATAAN Työvuorot jolla toistuva_id=1987 --> toistuva_id=0 
Ketju 2944, Uusi aloituspäivä: 20.04.2020 
POISTETAAN Työvuorot jolla toistuva_id=2944 ja PVM >= 2020-04-20 
MUOKATAAN Työvuorot jolla toistuva_id=2944 --> toistuva_id=0 
Ketju 4040, Uusi aloituspäivä: 20.04.2020 
POISTETAAN Työvuorot jolla toistuva_id=4040 ja PVM >= 2020-04-20 
MUOKATAAN Työvuorot jolla toistuva_id=4040 --> toistuva_id=0 
Ketju 3214, Uusi aloituspäivä: 20.04.2020 
POISTETAAN Työvuorot jolla toistuva_id=3214 ja PVM >= 2020-04-20 
MUOKATAAN Työvuorot jolla toistuva_id=3214 --> toistuva_id=0 
Ketju 3887, Uusi aloituspäivä: 20.04.2020 
POISTETAAN Työvuorot jolla toistuva_id=3887 ja PVM >= 2020-04-20 
MUOKATAAN Työvuorot jolla toistuva_id=3887 --> toistuva_id=0 
Ketju 2525, Uusi aloituspäivä: 20.04.2020 
POISTETAAN Työvuorot jolla toistuva_id=2525 ja PVM >= 2020-04-20 
MUOKATAAN Työvuorot jolla toistuva_id=2525 --> toistuva_id=0 
Ketju 3806, Uusi aloituspäivä: 20.04.2020 
POISTETAAN Työvuorot jolla toistuva_id=3806 ja PVM >= 2020-04-20 
MUOKATAAN Työvuorot jolla toistuva_id=3806 --> toistuva_id=0 
Ketju 4128, Uusi aloituspäivä: 20.04.2020 
POISTETAAN Työvuorot jolla toistuva_id=4128 ja PVM >= 2020-04-20 
MUOKATAAN Työvuorot jolla toistuva_id=4128 --> toistuva_id=0 
Ketju 2406, Uusi aloituspäivä: 20.04.2020 
POISTETAAN Työvuorot jolla toistuva_id=2406 ja PVM >= 2020-04-20 
MUOKATAAN Työvuorot jolla toistuva_id=2406 --> toistuva_id=0 
Ketju 3986, Uusi aloituspäivä: 20.04.2020 
POISTETAAN Työvuorot jolla toistuva_id=3986 ja PVM >= 2020-04-20 
MUOKATAAN Työvuorot jolla toistuva_id=3986 --> toistuva_id=0 
Ketju 3443, Uusi aloituspäivä: 20.04.2020 
POISTETAAN Työvuorot jolla toistuva_id=3443 ja PVM >= 2020-04-20 
MUOKATAAN Työvuorot jolla toistuva_id=3443 --> toistuva_id=0 
TID ongelma, Ketju 1858, Uusi TID on - 298, Uusi aloituspäivä: 20.04.2020 
POISTETAAN Työvuorot jolla toistuva_id=1858 ja PVM >= 2020-04-20 
MUOKATAAN Työvuorot jolla toistuva_id=1858 --> toistuva_id=0 
Ketju 3215, Uusi aloituspäivä: 20.04.2020 
POISTETAAN Työvuorot jolla toistuva_id=3215 ja PVM >= 2020-04-20 
MUOKATAAN Työvuorot jolla toistuva_id=3215 --> toistuva_id=0 
Ketju 1464, Uusi aloituspäivä: 20.04.2020 
POISTETAAN Työvuorot jolla toistuva_id=1464 ja PVM >= 2020-04-20 
MUOKATAAN Työvuorot jolla toistuva_id=1464 --> toistuva_id=0 
Ketju 3882, Uusi aloituspäivä: 20.04.2020 
POISTETAAN Työvuorot jolla toistuva_id=3882 ja PVM >= 2020-04-20 
MUOKATAAN Työvuorot jolla toistuva_id=3882 --> toistuva_id=0 
Ketju 1575, Uusi aloituspäivä: 20.04.2020 
POISTETAAN Työvuorot jolla toistuva_id=1575 ja PVM >= 2020-04-20 
MUOKATAAN Työvuorot jolla toistuva_id=1575 --> toistuva_id=0 
Ketju 4282, Uusi aloituspäivä: 20.04.2020 
POISTETAAN Työvuorot jolla toistuva_id=4282 ja PVM >= 2020-04-20 
MUOKATAAN Työvuorot jolla toistuva_id=4282 --> toistuva_id=0 
Ketju 3166, Uusi aloituspäivä: 20.04.2020 
POISTETAAN Työvuorot jolla toistuva_id=3166 ja PVM >= 2020-04-20 
MUOKATAAN Työvuorot jolla toistuva_id=3166 --> toistuva_id=0 
Ketju 3890, Uusi aloituspäivä: 20.04.2020 
POISTETAAN Työvuorot jolla toistuva_id=3890 ja PVM >= 2020-04-20 
MUOKATAAN Työvuorot jolla toistuva_id=3890 --> toistuva_id=0 
Ketju 2749, Uusi aloituspäivä: 20.04.2020 
POISTETAAN Työvuorot jolla toistuva_id=2749 ja PVM >= 2020-04-20 
MUOKATAAN Työvuorot jolla toistuva_id=2749 --> toistuva_id=0 
Ketju 3972, Uusi aloituspäivä: 20.04.2020 
POISTETAAN Työvuorot jolla toistuva_id=3972 ja PVM >= 2020-04-20 
MUOKATAAN Työvuorot jolla toistuva_id=3972 --> toistuva_id=0 
TID ongelma, Ketju 3037, Uusi TID on - 298, Uusi aloituspäivä: 20.04.2020 
POISTETAAN Työvuorot jolla toistuva_id=3037 ja PVM >= 2020-04-20 
MUOKATAAN Työvuorot jolla toistuva_id=3037 --> toistuva_id=0 
Ketju 1543, Uusi aloituspäivä: 20.04.2020 
POISTETAAN Työvuorot jolla toistuva_id=1543 ja PVM >= 2020-04-20 
MUOKATAAN Työvuorot jolla toistuva_id=1543 --> toistuva_id=0 
Ketju 3015, Uusi aloituspäivä: 20.04.2020 
POISTETAAN Työvuorot jolla toistuva_id=3015 ja PVM >= 2020-04-20 
MUOKATAAN Työvuorot jolla toistuva_id=3015 --> toistuva_id=0 
Ketju 3891, Uusi aloituspäivä: 20.04.2020 
POISTETAAN Työvuorot jolla toistuva_id=3891 ja PVM >= 2020-04-20 
MUOKATAAN Työvuorot jolla toistuva_id=3891 --> toistuva_id=0 
Ketju 2752, Uusi aloituspäivä: 20.04.2020 
POISTETAAN Työvuorot jolla toistuva_id=2752 ja PVM >= 2020-04-20 
MUOKATAAN Työvuorot jolla toistuva_id=2752 --> toistuva_id=0 
Ketju 1010, Uusi aloituspäivä: 20.04.2020 
POISTETAAN Työvuorot jolla toistuva_id=1010 ja PVM >= 2020-04-20 
MUOKATAAN Työvuorot jolla toistuva_id=1010 --> toistuva_id=0 
Ketju 3825, Uusi aloituspäivä: 20.04.2020 
POISTETAAN Työvuorot jolla toistuva_id=3825 ja PVM >= 2020-04-20 
MUOKATAAN Työvuorot jolla toistuva_id=3825 --> toistuva_id=0 
Ketju 2114, Uusi aloituspäivä: 20.04.2020 
POISTETAAN Työvuorot jolla toistuva_id=2114 ja PVM >= 2020-04-20 
MUOKATAAN Työvuorot jolla toistuva_id=2114 --> toistuva_id=0 
Ketju 3251, Uusi aloituspäivä: 20.04.2020 
POISTETAAN Työvuorot jolla toistuva_id=3251 ja PVM >= 2020-04-20 
MUOKATAAN Työvuorot jolla toistuva_id=3251 --> toistuva_id=0 
Ketju 3429, Uusi aloituspäivä: 20.04.2020 
POISTETAAN Työvuorot jolla toistuva_id=3429 ja PVM >= 2020-04-20 
MUOKATAAN Työvuorot jolla toistuva_id=3429 --> toistuva_id=0 
Ketju 2266, Uusi aloituspäivä: 20.04.2020 
POISTETAAN Työvuorot jolla toistuva_id=2266 ja PVM >= 2020-04-20 
MUOKATAAN Työvuorot jolla toistuva_id=2266 --> toistuva_id=0 
Ketju 3301, Uusi aloituspäivä: 20.04.2020 
POISTETAAN Työvuorot jolla toistuva_id=3301 ja PVM >= 2020-04-20 
MUOKATAAN Työvuorot jolla toistuva_id=3301 --> toistuva_id=0 
Ketju 1175, Uusi aloituspäivä: 20.04.2020 
POISTETAAN Työvuorot jolla toistuva_id=1175 ja PVM >= 2020-04-20 
MUOKATAAN Työvuorot jolla toistuva_id=1175 --> toistuva_id=0 
Ketju 1952, Uusi aloituspäivä: 20.04.2020 
POISTETAAN Työvuorot jolla toistuva_id=1952 ja PVM >= 2020-04-20 
MUOKATAAN Työvuorot jolla toistuva_id=1952 --> toistuva_id=0 
Ketju 3919, Uusi aloituspäivä: 20.04.2020 
POISTETAAN Työvuorot jolla toistuva_id=3919 ja PVM >= 2020-04-20 
MUOKATAAN Työvuorot jolla toistuva_id=3919 --> toistuva_id=0 
Ketju 3228, Uusi aloituspäivä: 20.04.2020 
POISTETAAN Työvuorot jolla toistuva_id=3228 ja PVM >= 2020-04-20 
MUOKATAAN Työvuorot jolla toistuva_id=3228 --> toistuva_id=0 
Ketju 3162, Uusi aloituspäivä: 20.04.2020 
POISTETAAN Työvuorot jolla toistuva_id=3162 ja PVM >= 2020-04-20 
MUOKATAAN Työvuorot jolla toistuva_id=3162 --> toistuva_id=0 
Ketju 1018, Uusi aloituspäivä: 20.04.2020 
POISTETAAN Työvuorot jolla toistuva_id=1018 ja PVM >= 2020-04-20 
MUOKATAAN Työvuorot jolla toistuva_id=1018 --> toistuva_id=0 
Ketju 2436, Uusi aloituspäivä: 20.04.2020 
POISTETAAN Työvuorot jolla toistuva_id=2436 ja PVM >= 2020-04-20 
MUOKATAAN Työvuorot jolla toistuva_id=2436 --> toistuva_id=0 
Ketju 3834, Uusi aloituspäivä: 20.04.2020 
POISTETAAN Työvuorot jolla toistuva_id=3834 ja PVM >= 2020-04-20 
MUOKATAAN Työvuorot jolla toistuva_id=3834 --> toistuva_id=0 
Ketju 1414, Uusi aloituspäivä: 20.04.2020 
POISTETAAN Työvuorot jolla toistuva_id=1414 ja PVM >= 2020-04-20 
MUOKATAAN Työvuorot jolla toistuva_id=1414 --> toistuva_id=0 
Ketju 2813, Uusi aloituspäivä: 20.04.2020 
POISTETAAN Työvuorot jolla toistuva_id=2813 ja PVM >= 2020-04-20 
MUOKATAAN Työvuorot jolla toistuva_id=2813 --> toistuva_id=0 
Ketju 1874, Uusi aloituspäivä: 20.04.2020 
POISTETAAN Työvuorot jolla toistuva_id=1874 ja PVM >= 2020-04-20 
MUOKATAAN Työvuorot jolla toistuva_id=1874 --> toistuva_id=0 
Ketju 2305, Uusi aloituspäivä: 20.04.2020 
POISTETAAN Työvuorot jolla toistuva_id=2305 ja PVM >= 2020-04-20 
MUOKATAAN Työvuorot jolla toistuva_id=2305 --> toistuva_id=0 
Ketju 2894, Uusi aloituspäivä: 20.04.2020 
POISTETAAN Työvuorot jolla toistuva_id=2894 ja PVM >= 2020-04-20 
MUOKATAAN Työvuorot jolla toistuva_id=2894 --> toistuva_id=0 
Ketju 3163, Uusi aloituspäivä: 20.04.2020 
POISTETAAN Työvuorot jolla toistuva_id=3163 ja PVM >= 2020-04-20 
MUOKATAAN Työvuorot jolla toistuva_id=3163 --> toistuva_id=0 
Ketju 2438, Uusi aloituspäivä: 20.04.2020 
POISTETAAN Työvuorot jolla toistuva_id=2438 ja PVM >= 2020-04-20 
MUOKATAAN Työvuorot jolla toistuva_id=2438 --> toistuva_id=0 
Ketju 3836, Uusi aloituspäivä: 20.04.2020 
POISTETAAN Työvuorot jolla toistuva_id=3836 ja PVM >= 2020-04-20 
MUOKATAAN Työvuorot jolla toistuva_id=3836 --> toistuva_id=0 
Ketju 2925, Uusi aloituspäivä: 20.04.2020 
POISTETAAN Työvuorot jolla toistuva_id=2925 ja PVM >= 2020-04-20 
MUOKATAAN Työvuorot jolla toistuva_id=2925 --> toistuva_id=0 
Ketju 1417, Uusi aloituspäivä: 20.04.2020 
POISTETAAN Työvuorot jolla toistuva_id=1417 ja PVM >= 2020-04-20 
MUOKATAAN Työvuorot jolla toistuva_id=1417 --> toistuva_id=0 
Ketju 1875, Uusi aloituspäivä: 20.04.2020 
POISTETAAN Työvuorot jolla toistuva_id=1875 ja PVM >= 2020-04-20 
MUOKATAAN Työvuorot jolla toistuva_id=1875 --> toistuva_id=0 
Ketju 2500, Uusi aloituspäivä: 20.04.2020 
POISTETAAN Työvuorot jolla toistuva_id=2500 ja PVM >= 2020-04-20 
MUOKATAAN Työvuorot jolla toistuva_id=2500 --> toistuva_id=0 
Ketju 2895, Uusi aloituspäivä: 20.04.2020 
POISTETAAN Työvuorot jolla toistuva_id=2895 ja PVM >= 2020-04-20 
MUOKATAAN Työvuorot jolla toistuva_id=2895 --> toistuva_id=0 
Ketju 3395, Uusi aloituspäivä: 20.04.2020 
POISTETAAN Työvuorot jolla toistuva_id=3395 ja PVM >= 2020-04-20 
MUOKATAAN Työvuorot jolla toistuva_id=3395 --> toistuva_id=0 
Ketju 4258, Uusi aloituspäivä: 20.04.2020 
POISTETAAN Työvuorot jolla toistuva_id=4258 ja PVM >= 2020-04-20 
MUOKATAAN Työvuorot jolla toistuva_id=4258 --> toistuva_id=0 
Ketju 2106, Uusi aloituspäivä: 20.04.2020 
POISTETAAN Työvuorot jolla toistuva_id=2106 ja PVM >= 2020-04-20 
MUOKATAAN Työvuorot jolla toistuva_id=2106 --> toistuva_id=0 
Ketju 2441, Uusi aloituspäivä: 20.04.2020 
POISTETAAN Työvuorot jolla toistuva_id=2441 ja PVM >= 2020-04-20 
MUOKATAAN Työvuorot jolla toistuva_id=2441 --> toistuva_id=0 
Ketju 3011, Uusi aloituspäivä: 20.04.2020 
POISTETAAN Työvuorot jolla toistuva_id=3011 ja PVM >= 2020-04-20 
MUOKATAAN Työvuorot jolla toistuva_id=3011 --> toistuva_id=0 
Ketju 3638, Uusi aloituspäivä: 20.04.2020 
POISTETAAN Työvuorot jolla toistuva_id=3638 ja PVM >= 2020-04-20 
MUOKATAAN Työvuorot jolla toistuva_id=3638 --> toistuva_id=0 
Ketju 1206, Uusi aloituspäivä: 20.04.2020 
POISTETAAN Työvuorot jolla toistuva_id=1206 ja PVM >= 2020-04-20 
MUOKATAAN Työvuorot jolla toistuva_id=1206 --> toistuva_id=0 
Ketju 2926, Uusi aloituspäivä: 20.04.2020 
POISTETAAN Työvuorot jolla toistuva_id=2926 ja PVM >= 2020-04-20 
MUOKATAAN Työvuorot jolla toistuva_id=2926 --> toistuva_id=0 
Ketju 3422, Uusi aloituspäivä: 20.04.2020 
POISTETAAN Työvuorot jolla toistuva_id=3422 ja PVM >= 2020-04-20 
MUOKATAAN Työvuorot jolla toistuva_id=3422 --> toistuva_id=0 
Ketju 3185, Uusi aloituspäivä: 20.04.2020 
POISTETAAN Työvuorot jolla toistuva_id=3185 ja PVM >= 2020-04-20 
MUOKATAAN Työvuorot jolla toistuva_id=3185 --> toistuva_id=0 
Ketju 3971, Uusi aloituspäivä: 20.04.2020 
POISTETAAN Työvuorot jolla toistuva_id=3971 ja PVM >= 2020-04-20 
MUOKATAAN Työvuorot jolla toistuva_id=3971 --> toistuva_id=0 
Ketju 3116, Uusi aloituspäivä: 20.04.2020 
POISTETAAN Työvuorot jolla toistuva_id=3116 ja PVM >= 2020-04-20 
MUOKATAAN Työvuorot jolla toistuva_id=3116 --> toistuva_id=0 
Ketju 1310, Uusi aloituspäivä: 20.04.2020 
POISTETAAN Työvuorot jolla toistuva_id=1310 ja PVM >= 2020-04-20 
MUOKATAAN Työvuorot jolla toistuva_id=1310 --> toistuva_id=0 
Ketju 4259, Uusi aloituspäivä: 20.04.2020 
POISTETAAN Työvuorot jolla toistuva_id=4259 ja PVM >= 2020-04-20 
MUOKATAAN Työvuorot jolla toistuva_id=4259 --> toistuva_id=0 
Ketju 2109, Uusi aloituspäivä: 20.04.2020 
POISTETAAN Työvuorot jolla toistuva_id=2109 ja PVM >= 2020-04-20 
MUOKATAAN Työvuorot jolla toistuva_id=2109 --> toistuva_id=0 
Ketju 3012, Uusi aloituspäivä: 20.04.2020 
POISTETAAN Työvuorot jolla toistuva_id=3012 ja PVM >= 2020-04-20 
MUOKATAAN Työvuorot jolla toistuva_id=3012 --> toistuva_id=0 
Ketju 3423, Uusi aloituspäivä: 20.04.2020 
POISTETAAN Työvuorot jolla toistuva_id=3423 ja PVM >= 2020-04-20 
MUOKATAAN Työvuorot jolla toistuva_id=3423 --> toistuva_id=0 
Ketju 3830, Uusi aloituspäivä: 20.04.2020 
POISTETAAN Työvuorot jolla toistuva_id=3830 ja PVM >= 2020-04-20 
MUOKATAAN Työvuorot jolla toistuva_id=3830 --> toistuva_id=0 
Ketju 1126, Uusi aloituspäivä: 20.04.2020 
POISTETAAN Työvuorot jolla toistuva_id=1126 ja PVM >= 2020-04-20 
MUOKATAAN Työvuorot jolla toistuva_id=1126 --> toistuva_id=0 
Ketju 1390, Uusi aloituspäivä: 20.04.2020 
POISTETAAN Työvuorot jolla toistuva_id=1390 ja PVM >= 2020-04-20 
MUOKATAAN Työvuorot jolla toistuva_id=1390 --> toistuva_id=0 
Ketju 4260, Uusi aloituspäivä: 20.04.2020 
POISTETAAN Työvuorot jolla toistuva_id=4260 ja PVM >= 2020-04-20 
MUOKATAAN Työvuorot jolla toistuva_id=4260 --> toistuva_id=0 
Ketju 2110, Uusi aloituspäivä: 20.04.2020 
POISTETAAN Työvuorot jolla toistuva_id=2110 ja PVM >= 2020-04-20 
MUOKATAAN Työvuorot jolla toistuva_id=2110 --> toistuva_id=0 
Ketju 2464, Uusi aloituspäivä: 20.04.2020 
POISTETAAN Työvuorot jolla toistuva_id=2464 ja PVM >= 2020-04-20 
MUOKATAAN Työvuorot jolla toistuva_id=2464 --> toistuva_id=0 
Ketju 3224, Uusi aloituspäivä: 20.04.2020 
POISTETAAN Työvuorot jolla toistuva_id=3224 ja PVM >= 2020-04-20 
MUOKATAAN Työvuorot jolla toistuva_id=3224 --> toistuva_id=0 
Ketju 4206, Uusi aloituspäivä: 20.04.2020 
POISTETAAN Työvuorot jolla toistuva_id=4206 ja PVM >= 2020-04-20 
MUOKATAAN Työvuorot jolla toistuva_id=4206 --> toistuva_id=0 
Ketju 1723, Uusi aloituspäivä: 20.04.2020 
POISTETAAN Työvuorot jolla toistuva_id=1723 ja PVM >= 2020-04-20 
MUOKATAAN Työvuorot jolla toistuva_id=1723 --> toistuva_id=0 
Ketju 3859, Uusi aloituspäivä: 20.04.2020 
POISTETAAN Työvuorot jolla toistuva_id=3859 ja PVM >= 2020-04-20 
MUOKATAAN Työvuorot jolla toistuva_id=3859 --> toistuva_id=0 
Ketju 3877, Uusi aloituspäivä: 20.04.2020 
POISTETAAN Työvuorot jolla toistuva_id=3877 ja PVM >= 2020-04-20 
MUOKATAAN Työvuorot jolla toistuva_id=3877 --> toistuva_id=0 
Ketju 2473, Uusi aloituspäivä: 20.04.2020 
POISTETAAN Työvuorot jolla toistuva_id=2473 ja PVM >= 2020-04-20 
MUOKATAAN Työvuorot jolla toistuva_id=2473 --> toistuva_id=0 
Ketju 3225, Uusi aloituspäivä: 20.04.2020 
POISTETAAN Työvuorot jolla toistuva_id=3225 ja PVM >= 2020-04-20 
MUOKATAAN Työvuorot jolla toistuva_id=3225 --> toistuva_id=0 
Ketju 2932, Uusi aloituspäivä: 20.04.2020 
POISTETAAN Työvuorot jolla toistuva_id=2932 ja PVM >= 2020-04-20 
MUOKATAAN Työvuorot jolla toistuva_id=2932 --> toistuva_id=0 
Ketju 1728, Uusi aloituspäivä: 20.04.2020 
POISTETAAN Työvuorot jolla toistuva_id=1728 ja PVM >= 2020-04-20 
MUOKATAAN Työvuorot jolla toistuva_id=1728 --> toistuva_id=0 
Ketju 3575, Uusi aloituspäivä: 20.04.2020 
POISTETAAN Työvuorot jolla toistuva_id=3575 ja PVM >= 2020-04-20 
MUOKATAAN Työvuorot jolla toistuva_id=3575 --> toistuva_id=0 
Ketju 1413, Uusi aloituspäivä: 20.04.2020 
POISTETAAN Työvuorot jolla toistuva_id=1413 ja PVM >= 2020-04-20 
MUOKATAAN Työvuorot jolla toistuva_id=1413 --> toistuva_id=0 
Ketju 4060, Uusi aloituspäivä: 20.04.2020 
POISTETAAN Työvuorot jolla toistuva_id=4060 ja PVM >= 2020-04-20 
MUOKATAAN Työvuorot jolla toistuva_id=4060 --> toistuva_id=0 
Ketju 4263, Uusi aloituspäivä: 20.04.2020 
POISTETAAN Työvuorot jolla toistuva_id=4263 ja PVM >= 2020-04-20 
MUOKATAAN Työvuorot jolla toistuva_id=4263 --> toistuva_id=0 
Ketju 3700, Uusi aloituspäivä: 20.04.2020 
POISTETAAN Työvuorot jolla toistuva_id=3700 ja PVM >= 2020-04-20 
MUOKATAAN Työvuorot jolla toistuva_id=3700 --> toistuva_id=0 
Ketju 4278, Uusi aloituspäivä: 20.04.2020 
POISTETAAN Työvuorot jolla toistuva_id=4278 ja PVM >= 2020-04-20 
MUOKATAAN Työvuorot jolla toistuva_id=4278 --> toistuva_id=0 
TID ongelma, Ketju 1649, Uusi TID on - 285, Uusi aloituspäivä: 20.04.2020 
POISTETAAN Työvuorot jolla toistuva_id=1649 ja PVM >= 2020-04-20 
MUOKATAAN Työvuorot jolla toistuva_id=1649 --> toistuva_id=0 
Ketju 1790, Uusi aloituspäivä: 20.04.2020 
POISTETAAN Työvuorot jolla toistuva_id=1790 ja PVM >= 2020-04-20 
MUOKATAAN Työvuorot jolla toistuva_id=1790 --> toistuva_id=0 
Ketju 2644, Uusi aloituspäivä: 20.04.2020 
POISTETAAN Työvuorot jolla toistuva_id=2644 ja PVM >= 2020-04-20 
MUOKATAAN Työvuorot jolla toistuva_id=2644 --> toistuva_id=0 
Ketju 3205, Uusi aloituspäivä: 20.04.2020 
POISTETAAN Työvuorot jolla toistuva_id=3205 ja PVM >= 2020-04-20 
MUOKATAAN Työvuorot jolla toistuva_id=3205 --> toistuva_id=0 
Ketju 3886, Uusi aloituspäivä: 20.04.2020 
POISTETAAN Työvuorot jolla toistuva_id=3886 ja PVM >= 2020-04-20 
MUOKATAAN Työvuorot jolla toistuva_id=3886 --> toistuva_id=0 
Ketju 3181, Uusi aloituspäivä: 20.04.2020 
POISTETAAN Työvuorot jolla toistuva_id=3181 ja PVM >= 2020-04-20 
MUOKATAAN Työvuorot jolla toistuva_id=3181 --> toistuva_id=0 
Ketju 3293, Uusi aloituspäivä: 20.04.2020 
POISTETAAN Työvuorot jolla toistuva_id=3293 ja PVM >= 2020-04-20 
MUOKATAAN Työvuorot jolla toistuva_id=3293 --> toistuva_id=0 
Ketju 3680, Uusi aloituspäivä: 20.04.2020 
POISTETAAN Työvuorot jolla toistuva_id=3680 ja PVM >= 2020-04-20 
MUOKATAAN Työvuorot jolla toistuva_id=3680 --> toistuva_id=0 
Ketju 3827, Uusi aloituspäivä: 20.04.2020 
POISTETAAN Työvuorot jolla toistuva_id=3827 ja PVM >= 2020-04-20 
MUOKATAAN Työvuorot jolla toistuva_id=3827 --> toistuva_id=0 
Ketju 3880, Uusi aloituspäivä: 20.04.2020 
POISTETAAN Työvuorot jolla toistuva_id=3880 ja PVM >= 2020-04-20 
MUOKATAAN Työvuorot jolla toistuva_id=3880 --> toistuva_id=0 
Ketju 2121, Uusi aloituspäivä: 20.04.2020 
POISTETAAN Työvuorot jolla toistuva_id=2121 ja PVM >= 2020-04-20 
MUOKATAAN Työvuorot jolla toistuva_id=2121 --> toistuva_id=0 
Ketju 2489, Uusi aloituspäivä: 20.04.2020 
POISTETAAN Työvuorot jolla toistuva_id=2489 ja PVM >= 2020-04-20 
MUOKATAAN Työvuorot jolla toistuva_id=2489 --> toistuva_id=0 
Ketju 3229, Uusi aloituspäivä: 20.04.2020 
POISTETAAN Työvuorot jolla toistuva_id=3229 ja PVM >= 2020-04-20 
MUOKATAAN Työvuorot jolla toistuva_id=3229 --> toistuva_id=0 
Ketju 4113, Uusi aloituspäivä: 20.04.2020 
POISTETAAN Työvuorot jolla toistuva_id=4113 ja PVM >= 2020-04-20 
MUOKATAAN Työvuorot jolla toistuva_id=4113 --> toistuva_id=0 
Ketju 4279, Uusi aloituspäivä: 20.04.2020 
POISTETAAN Työvuorot jolla toistuva_id=4279 ja PVM >= 2020-04-20 
MUOKATAAN Työvuorot jolla toistuva_id=4279 --> toistuva_id=0 
Ketju 1500, Uusi aloituspäivä: 20.04.2020 
POISTETAAN Työvuorot jolla toistuva_id=1500 ja PVM >= 2020-04-20 
MUOKATAAN Työvuorot jolla toistuva_id=1500 --> toistuva_id=0 
Ketju 2085, Uusi aloituspäivä: 20.04.2020 
POISTETAAN Työvuorot jolla toistuva_id=2085 ja PVM >= 2020-04-20 
MUOKATAAN Työvuorot jolla toistuva_id=2085 --> toistuva_id=0 
Ketju 3046, Uusi aloituspäivä: 20.04.2020 
POISTETAAN Työvuorot jolla toistuva_id=3046 ja PVM >= 2020-04-20 
MUOKATAAN Työvuorot jolla toistuva_id=3046 --> toistuva_id=0 
Ketju 3183, Uusi aloituspäivä: 20.04.2020 
POISTETAAN Työvuorot jolla toistuva_id=3183 ja PVM >= 2020-04-20 
MUOKATAAN Työvuorot jolla toistuva_id=3183 --> toistuva_id=0 
Ketju 3570, Uusi aloituspäivä: 20.04.2020 
POISTETAAN Työvuorot jolla toistuva_id=3570 ja PVM >= 2020-04-20 
MUOKATAAN Työvuorot jolla toistuva_id=3570 --> toistuva_id=0 
Ketju 3828, Uusi aloituspäivä: 20.04.2020 
POISTETAAN Työvuorot jolla toistuva_id=3828 ja PVM >= 2020-04-20 
MUOKATAAN Työvuorot jolla toistuva_id=3828 --> toistuva_id=0 
Ketju 3881, Uusi aloituspäivä: 20.04.2020 
POISTETAAN Työvuorot jolla toistuva_id=3881 ja PVM >= 2020-04-20 
MUOKATAAN Työvuorot jolla toistuva_id=3881 --> toistuva_id=0 
Ketju 2123, Uusi aloituspäivä: 20.04.2020 
POISTETAAN Työvuorot jolla toistuva_id=2123 ja PVM >= 2020-04-20 
MUOKATAAN Työvuorot jolla toistuva_id=2123 --> toistuva_id=0 
Ketju 2313, Uusi aloituspäivä: 20.04.2020 
POISTETAAN Työvuorot jolla toistuva_id=2313 ja PVM >= 2020-04-20 
MUOKATAAN Työvuorot jolla toistuva_id=2313 --> toistuva_id=0 
Ketju 3230, Uusi aloituspäivä: 20.04.2020 
POISTETAAN Työvuorot jolla toistuva_id=3230 ja PVM >= 2020-04-20 
MUOKATAAN Työvuorot jolla toistuva_id=3230 --> toistuva_id=0 
Ketju 4114, Uusi aloituspäivä: 20.04.2020 
POISTETAAN Työvuorot jolla toistuva_id=4114 ja PVM >= 2020-04-20 
MUOKATAAN Työvuorot jolla toistuva_id=4114 --> toistuva_id=0 
Ketju 4280, Uusi aloituspäivä: 20.04.2020 
POISTETAAN Työvuorot jolla toistuva_id=4280 ja PVM >= 2020-04-20 
MUOKATAAN Työvuorot jolla toistuva_id=4280 --> toistuva_id=0 
Ketju 2382, Uusi aloituspäivä: 20.04.2020 
POISTETAAN Työvuorot jolla toistuva_id=2382 ja PVM >= 2020-04-20 
MUOKATAAN Työvuorot jolla toistuva_id=2382 --> toistuva_id=0 
Ketju 1501, Uusi aloituspäivä: 20.04.2020 
POISTETAAN Työvuorot jolla toistuva_id=1501 ja PVM >= 2020-04-20 
MUOKATAAN Työvuorot jolla toistuva_id=1501 --> toistuva_id=0 
Ketju 3521, Uusi aloituspäivä: 20.04.2020 
POISTETAAN Työvuorot jolla toistuva_id=3521 ja PVM >= 2020-04-20 
MUOKATAAN Työvuorot jolla toistuva_id=3521 --> toistuva_id=0 
Ketju 3153, Uusi aloituspäivä: 20.04.2020 
POISTETAAN Työvuorot jolla toistuva_id=3153 ja PVM >= 2020-04-20 
MUOKATAAN Työvuorot jolla toistuva_id=3153 --> toistuva_id=0 
Ketju 3863, Uusi aloituspäivä: 20.04.2020 
POISTETAAN Työvuorot jolla toistuva_id=3863 ja PVM >= 2020-04-20 
MUOKATAAN Työvuorot jolla toistuva_id=3863 --> toistuva_id=0 
Ketju 3953, Uusi aloituspäivä: 20.04.2020 
POISTETAAN Työvuorot jolla toistuva_id=3953 ja PVM >= 2020-04-20 
MUOKATAAN Työvuorot jolla toistuva_id=3953 --> toistuva_id=0 
Ketju 4115, Uusi aloituspäivä: 20.04.2020 
POISTETAAN Työvuorot jolla toistuva_id=4115 ja PVM >= 2020-04-20 
MUOKATAAN Työvuorot jolla toistuva_id=4115 --> toistuva_id=0 
Ketju 1502, Uusi aloituspäivä: 20.04.2020 
POISTETAAN Työvuorot jolla toistuva_id=1502 ja PVM >= 2020-04-20 
MUOKATAAN Työvuorot jolla toistuva_id=1502 --> toistuva_id=0 
Ketju 2868, Uusi aloituspäivä: 20.04.2020 
POISTETAAN Työvuorot jolla toistuva_id=2868 ja PVM >= 2020-04-20 
MUOKATAAN Työvuorot jolla toistuva_id=2868 --> toistuva_id=0 
Ketju 3774, Uusi aloituspäivä: 20.04.2020 
POISTETAAN Työvuorot jolla toistuva_id=3774 ja PVM >= 2020-04-20 
MUOKATAAN Työvuorot jolla toistuva_id=3774 --> toistuva_id=0 
Ketju 1224, Uusi aloituspäivä: 20.04.2020 
POISTETAAN Työvuorot jolla toistuva_id=1224 ja PVM >= 2020-04-20 
MUOKATAAN Työvuorot jolla toistuva_id=1224 --> toistuva_id=0 
Ketju 2927, Uusi aloituspäivä: 20.04.2020 
POISTETAAN Työvuorot jolla toistuva_id=2927 ja PVM >= 2020-04-20 
MUOKATAAN Työvuorot jolla toistuva_id=2927 --> toistuva_id=0 
Ketju 3864, Uusi aloituspäivä: 20.04.2020 
POISTETAAN Työvuorot jolla toistuva_id=3864 ja PVM >= 2020-04-20 
MUOKATAAN Työvuorot jolla toistuva_id=3864 --> toistuva_id=0 
Ketju 2259, Uusi aloituspäivä: 20.04.2020 
POISTETAAN Työvuorot jolla toistuva_id=2259 ja PVM >= 2020-04-20 
MUOKATAAN Työvuorot jolla toistuva_id=2259 --> toistuva_id=0 
Ketju 2418, Uusi aloituspäivä: 20.04.2020 
POISTETAAN Työvuorot jolla toistuva_id=2418 ja PVM >= 2020-04-20 
MUOKATAAN Työvuorot jolla toistuva_id=2418 --> toistuva_id=0 
Ketju 2904, Uusi aloituspäivä: 20.04.2020 
POISTETAAN Työvuorot jolla toistuva_id=2904 ja PVM >= 2020-04-20 
MUOKATAAN Työvuorot jolla toistuva_id=2904 --> toistuva_id=0 
Ketju 2285, Uusi aloituspäivä: 20.04.2020 
POISTETAAN Työvuorot jolla toistuva_id=2285 ja PVM >= 2020-04-20 
MUOKATAAN Työvuorot jolla toistuva_id=2285 --> toistuva_id=0 
Ketju 3775, Uusi aloituspäivä: 20.04.2020 
POISTETAAN Työvuorot jolla toistuva_id=3775 ja PVM >= 2020-04-20 
MUOKATAAN Työvuorot jolla toistuva_id=3775 --> toistuva_id=0 
Ketju 2790, Uusi aloituspäivä: 20.04.2020 
POISTETAAN Työvuorot jolla toistuva_id=2790 ja PVM >= 2020-04-20 
MUOKATAAN Työvuorot jolla toistuva_id=2790 --> toistuva_id=0 
Ketju 1872, Uusi aloituspäivä: 20.04.2020 
POISTETAAN Työvuorot jolla toistuva_id=1872 ja PVM >= 2020-04-20 
MUOKATAAN Työvuorot jolla toistuva_id=1872 --> toistuva_id=0 
Ketju 2302, Uusi aloituspäivä: 20.04.2020 
POISTETAAN Työvuorot jolla toistuva_id=2302 ja PVM >= 2020-04-20 
MUOKATAAN Työvuorot jolla toistuva_id=2302 --> toistuva_id=0 
Ketju 3017, Uusi aloituspäivä: 20.04.2020 
POISTETAAN Työvuorot jolla toistuva_id=3017 ja PVM >= 2020-04-20 
MUOKATAAN Työvuorot jolla toistuva_id=3017 --> toistuva_id=0 
Ketju 3699, Uusi aloituspäivä: 20.04.2020 
POISTETAAN Työvuorot jolla toistuva_id=3699 ja PVM >= 2020-04-20 
MUOKATAAN Työvuorot jolla toistuva_id=3699 --> toistuva_id=0 
Ketju 2559, Uusi aloituspäivä: 20.04.2020 
POISTETAAN Työvuorot jolla toistuva_id=2559 ja PVM >= 2020-04-20 
MUOKATAAN Työvuorot jolla toistuva_id=2559 --> toistuva_id=0 
Ketju 3691, Uusi aloituspäivä: 20.04.2020 
POISTETAAN Työvuorot jolla toistuva_id=3691 ja PVM >= 2020-04-20 
MUOKATAAN Työvuorot jolla toistuva_id=3691 --> toistuva_id=0 
Ketju 3140, Uusi aloituspäivä: 20.04.2020 
POISTETAAN Työvuorot jolla toistuva_id=3140 ja PVM >= 2020-04-20 
MUOKATAAN Työvuorot jolla toistuva_id=3140 --> toistuva_id=0 
Ketju 3679, Uusi aloituspäivä: 20.04.2020 
POISTETAAN Työvuorot jolla toistuva_id=3679 ja PVM >= 2020-04-20 
MUOKATAAN Työvuorot jolla toistuva_id=3679 --> toistuva_id=0 
Ketju 3826, Uusi aloituspäivä: 20.04.2020 
POISTETAAN Työvuorot jolla toistuva_id=3826 ja PVM >= 2020-04-20 
MUOKATAAN Työvuorot jolla toistuva_id=3826 --> toistuva_id=0 
Ketju 1873, Uusi aloituspäivä: 20.04.2020 
POISTETAAN Työvuorot jolla toistuva_id=1873 ja PVM >= 2020-04-20 
MUOKATAAN Työvuorot jolla toistuva_id=1873 --> toistuva_id=0 
Ketju 2488, Uusi aloituspäivä: 20.04.2020 
POISTETAAN Työvuorot jolla toistuva_id=2488 ja PVM >= 2020-04-20 
MUOKATAAN Työvuorot jolla toistuva_id=2488 --> toistuva_id=0 
Ketju 3912, Uusi aloituspäivä: 20.04.2020 
POISTETAAN Työvuorot jolla toistuva_id=3912 ja PVM >= 2020-04-20 
MUOKATAAN Työvuorot jolla toistuva_id=3912 --> toistuva_id=0 
Ketju 3149, Uusi aloituspäivä: 20.04.2020 
POISTETAAN Työvuorot jolla toistuva_id=3149 ja PVM >= 2020-04-20 
MUOKATAAN Työvuorot jolla toistuva_id=3149 --> toistuva_id=0 
TID ongelma, Ketju 3415, Uusi TID on - 298, Uusi aloituspäivä: 20.04.2020 
POISTETAAN Työvuorot jolla toistuva_id=3415 ja PVM >= 2020-04-20 
MUOKATAAN Työvuorot jolla toistuva_id=3415 --> toistuva_id=0 
TID ongelma, Ketju 3902, Uusi TID on - 286, Uusi aloituspäivä: 20.04.2020 
POISTETAAN Työvuorot jolla toistuva_id=3902 ja PVM >= 2020-04-20 
MUOKATAAN Työvuorot jolla toistuva_id=3902 --> toistuva_id=0 
Ketju 3369, Uusi aloituspäivä: 20.04.2020 
POISTETAAN Työvuorot jolla toistuva_id=3369 ja PVM >= 2020-04-20 
MUOKATAAN Työvuorot jolla toistuva_id=3369 --> toistuva_id=0 
TID ongelma, Ketju 3904, Uusi TID on - 286, Uusi aloituspäivä: 20.04.2020 
POISTETAAN Työvuorot jolla toistuva_id=3904 ja PVM >= 2020-04-20 
MUOKATAAN Työvuorot jolla toistuva_id=3904 --> toistuva_id=0 
Ketju 2058, Uusi aloituspäivä: 20.04.2020 
POISTETAAN Työvuorot jolla toistuva_id=2058 ja PVM >= 2020-04-20 
MUOKATAAN Työvuorot jolla toistuva_id=2058 --> toistuva_id=0 
Ketju 2987, Uusi aloituspäivä: 20.04.2020 
POISTETAAN Työvuorot jolla toistuva_id=2987 ja PVM >= 2020-04-20 
MUOKATAAN Työvuorot jolla toistuva_id=2987 --> toistuva_id=0 
Ketju 3032, Uusi aloituspäivä: 20.04.2020 
POISTETAAN Työvuorot jolla toistuva_id=3032 ja PVM >= 2020-04-20 
MUOKATAAN Työvuorot jolla toistuva_id=3032 --> toistuva_id=0 
Ketju 3272, Uusi aloituspäivä: 20.04.2020 
POISTETAAN Työvuorot jolla toistuva_id=3272 ja PVM >= 2020-04-20 
MUOKATAAN Työvuorot jolla toistuva_id=3272 --> toistuva_id=0 
Ketju 4217, Uusi aloituspäivä: 20.04.2020 
POISTETAAN Työvuorot jolla toistuva_id=4217 ja PVM >= 2020-04-20 
MUOKATAAN Työvuorot jolla toistuva_id=4217 --> toistuva_id=0 
TID ongelma, Ketju 3905, Uusi TID on - 286, Uusi aloituspäivä: 20.04.2020 
POISTETAAN Työvuorot jolla toistuva_id=3905 ja PVM >= 2020-04-20 
MUOKATAAN Työvuorot jolla toistuva_id=3905 --> toistuva_id=0 
Ketju 2059, Uusi aloituspäivä: 20.04.2020 
POISTETAAN Työvuorot jolla toistuva_id=2059 ja PVM >= 2020-04-20 
MUOKATAAN Työvuorot jolla toistuva_id=2059 --> toistuva_id=0 
Ketju 2250, Uusi aloituspäivä: 20.04.2020 
POISTETAAN Työvuorot jolla toistuva_id=2250 ja PVM >= 2020-04-20 
MUOKATAAN Työvuorot jolla toistuva_id=2250 --> toistuva_id=0 
Ketju 2317, Uusi aloituspäivä: 20.04.2020 
POISTETAAN Työvuorot jolla toistuva_id=2317 ja PVM >= 2020-04-20 
MUOKATAAN Työvuorot jolla toistuva_id=2317 --> toistuva_id=0 
Ketju 3033, Uusi aloituspäivä: 20.04.2020 
POISTETAAN Työvuorot jolla toistuva_id=3033 ja PVM >= 2020-04-20 
MUOKATAAN Työvuorot jolla toistuva_id=3033 --> toistuva_id=0 
Ketju 3652, Uusi aloituspäivä: 20.04.2020 
POISTETAAN Työvuorot jolla toistuva_id=3652 ja PVM >= 2020-04-20 
MUOKATAAN Työvuorot jolla toistuva_id=3652 --> toistuva_id=0 
Ketju 3273, Uusi aloituspäivä: 20.04.2020 
POISTETAAN Työvuorot jolla toistuva_id=3273 ja PVM >= 2020-04-20 
MUOKATAAN Työvuorot jolla toistuva_id=3273 --> toistuva_id=0 
Ketju 4218, Uusi aloituspäivä: 20.04.2020 
POISTETAAN Työvuorot jolla toistuva_id=4218 ja PVM >= 2020-04-20 
MUOKATAAN Työvuorot jolla toistuva_id=4218 --> toistuva_id=0 
Ketju 1030, Uusi aloituspäivä: 20.04.2020 
POISTETAAN Työvuorot jolla toistuva_id=1030 ja PVM >= 2020-04-20 
MUOKATAAN Työvuorot jolla toistuva_id=1030 --> toistuva_id=0 
Ketju 3384, Uusi aloituspäivä: 20.04.2020 
POISTETAAN Työvuorot jolla toistuva_id=3384 ja PVM >= 2020-04-20 
MUOKATAAN Työvuorot jolla toistuva_id=3384 --> toistuva_id=0 
Ketju 3580, Uusi aloituspäivä: 20.04.2020 
POISTETAAN Työvuorot jolla toistuva_id=3580 ja PVM >= 2020-04-20 
MUOKATAAN Työvuorot jolla toistuva_id=3580 --> toistuva_id=0 
Ketju 2173, Uusi aloituspäivä: 20.04.2020 
POISTETAAN Työvuorot jolla toistuva_id=2173 ja PVM >= 2020-04-20 
MUOKATAAN Työvuorot jolla toistuva_id=2173 --> toistuva_id=0 
Ketju 3906, Uusi aloituspäivä: 20.04.2020 
POISTETAAN Työvuorot jolla toistuva_id=3906 ja PVM >= 2020-04-20 
MUOKATAAN Työvuorot jolla toistuva_id=3906 --> toistuva_id=0 
Ketju 2060, Uusi aloituspäivä: 20.04.2020 
POISTETAAN Työvuorot jolla toistuva_id=2060 ja PVM >= 2020-04-20 
MUOKATAAN Työvuorot jolla toistuva_id=2060 --> toistuva_id=0 
Ketju 1904, Uusi aloituspäivä: 20.04.2020 
POISTETAAN Työvuorot jolla toistuva_id=1904 ja PVM >= 2020-04-20 
MUOKATAAN Työvuorot jolla toistuva_id=1904 --> toistuva_id=0 
Ketju 2322, Uusi aloituspäivä: 20.04.2020 
POISTETAAN Työvuorot jolla toistuva_id=2322 ja PVM >= 2020-04-20 
MUOKATAAN Työvuorot jolla toistuva_id=2322 --> toistuva_id=0 
Ketju 3232, Uusi aloituspäivä: 20.04.2020 
POISTETAAN Työvuorot jolla toistuva_id=3232 ja PVM >= 2020-04-20 
MUOKATAAN Työvuorot jolla toistuva_id=3232 --> toistuva_id=0 
Ketju 3326, Uusi aloituspäivä: 20.04.2020 
POISTETAAN Työvuorot jolla toistuva_id=3326 ja PVM >= 2020-04-20 
MUOKATAAN Työvuorot jolla toistuva_id=3326 --> toistuva_id=0 
Ketju 3653, Uusi aloituspäivä: 20.04.2020 
POISTETAAN Työvuorot jolla toistuva_id=3653 ja PVM >= 2020-04-20 
MUOKATAAN Työvuorot jolla toistuva_id=3653 --> toistuva_id=0 
Ketju 2052, Uusi aloituspäivä: 20.04.2020 
POISTETAAN Työvuorot jolla toistuva_id=2052 ja PVM >= 2020-04-20 
MUOKATAAN Työvuorot jolla toistuva_id=2052 --> toistuva_id=0 
Ketju 3845, Uusi aloituspäivä: 20.04.2020 
POISTETAAN Työvuorot jolla toistuva_id=3845 ja PVM >= 2020-04-20 
MUOKATAAN Työvuorot jolla toistuva_id=3845 --> toistuva_id=0 
Ketju 3870, Uusi aloituspäivä: 20.04.2020 
POISTETAAN Työvuorot jolla toistuva_id=3870 ja PVM >= 2020-04-20 
MUOKATAAN Työvuorot jolla toistuva_id=3870 --> toistuva_id=0 
Ketju 2063, Uusi aloituspäivä: 20.04.2020 
POISTETAAN Työvuorot jolla toistuva_id=2063 ja PVM >= 2020-04-20 
MUOKATAAN Työvuorot jolla toistuva_id=2063 --> toistuva_id=0 
Ketju 2053, Uusi aloituspäivä: 20.04.2020 
POISTETAAN Työvuorot jolla toistuva_id=2053 ja PVM >= 2020-04-20 
MUOKATAAN Työvuorot jolla toistuva_id=2053 --> toistuva_id=0 
Ketju 2753, Uusi aloituspäivä: 20.04.2020 
POISTETAAN Työvuorot jolla toistuva_id=2753 ja PVM >= 2020-04-20 
MUOKATAAN Työvuorot jolla toistuva_id=2753 --> toistuva_id=0 
Ketju 4134, Uusi aloituspäivä: 20.04.2020 
POISTETAAN Työvuorot jolla toistuva_id=4134 ja PVM >= 2020-04-20 
MUOKATAAN Työvuorot jolla toistuva_id=4134 --> toistuva_id=0 
Ketju 2227, Uusi aloituspäivä: 20.04.2020 
POISTETAAN Työvuorot jolla toistuva_id=2227 ja PVM >= 2020-04-20 
MUOKATAAN Työvuorot jolla toistuva_id=2227 --> toistuva_id=0 
TID ongelma, Ketju 3793, Uusi TID on - 298, Uusi aloituspäivä: 27.04.2020 
POISTETAAN Työvuorot jolla toistuva_id=3793 ja PVM >= 2020-04-27 
MUOKATAAN Työvuorot jolla toistuva_id=3793 --> toistuva_id=0 
Ketju 3849, Uusi aloituspäivä: 27.04.2020 
POISTETAAN Työvuorot jolla toistuva_id=3849 ja PVM >= 2020-04-27 
MUOKATAAN Työvuorot jolla toistuva_id=3849 --> toistuva_id=0 
Ketju 4112, Uusi aloituspäivä: 27.04.2020 
POISTETAAN Työvuorot jolla toistuva_id=4112 ja PVM >= 2020-04-27 
MUOKATAAN Työvuorot jolla toistuva_id=4112 --> toistuva_id=0 
Ketju 2522, Uusi aloituspäivä: 27.04.2020 
POISTETAAN Työvuorot jolla toistuva_id=2522 ja PVM >= 2020-04-27 
MUOKATAAN Työvuorot jolla toistuva_id=2522 --> toistuva_id=0 
Ketju 3850, Uusi aloituspäivä: 27.04.2020 
POISTETAAN Työvuorot jolla toistuva_id=3850 ja PVM >= 2020-04-27 
MUOKATAAN Työvuorot jolla toistuva_id=3850 --> toistuva_id=0 
Ketju 2377, Uusi aloituspäivä: 27.04.2020 
POISTETAAN Työvuorot jolla toistuva_id=2377 ja PVM >= 2020-04-27 
MUOKATAAN Työvuorot jolla toistuva_id=2377 --> toistuva_id=0 
Ketju 3438, Uusi aloituspäivä: 27.04.2020 
POISTETAAN Työvuorot jolla toistuva_id=3438 ja PVM >= 2020-04-27 
MUOKATAAN Työvuorot jolla toistuva_id=3438 --> toistuva_id=0 
Ketju 3995, Uusi aloituspäivä: 27.04.2020 
POISTETAAN Työvuorot jolla toistuva_id=3995 ja PVM >= 2020-04-27 
MUOKATAAN Työvuorot jolla toistuva_id=3995 --> toistuva_id=0 
Ketju 3684, Uusi aloituspäivä: 27.04.2020 
POISTETAAN Työvuorot jolla toistuva_id=3684 ja PVM >= 2020-04-27 
MUOKATAAN Työvuorot jolla toistuva_id=3684 --> toistuva_id=0 
Ketju 4109, Uusi aloituspäivä: 27.04.2020 
POISTETAAN Työvuorot jolla toistuva_id=4109 ja PVM >= 2020-04-27 
MUOKATAAN Työvuorot jolla toistuva_id=4109 --> toistuva_id=0 
Ketju 4154, Uusi aloituspäivä: 27.04.2020 
POISTETAAN Työvuorot jolla toistuva_id=4154 ja PVM >= 2020-04-27 
MUOKATAAN Työvuorot jolla toistuva_id=4154 --> toistuva_id=0 
Ketju 3662, Uusi aloituspäivä: 27.04.2020 
POISTETAAN Työvuorot jolla toistuva_id=3662 ja PVM >= 2020-04-27 
MUOKATAAN Työvuorot jolla toistuva_id=3662 --> toistuva_id=0 
Ketju 4296, Uusi aloituspäivä: 27.04.2020 
POISTETAAN Työvuorot jolla toistuva_id=4296 ja PVM >= 2020-04-27 
MUOKATAAN Työvuorot jolla toistuva_id=4296 --> toistuva_id=0 
Ketju 3174, Uusi aloituspäivä: 27.04.2020 
POISTETAAN Työvuorot jolla toistuva_id=3174 ja PVM >= 2020-04-27 
MUOKATAAN Työvuorot jolla toistuva_id=3174 --> toistuva_id=0 
Ketju 3581, Uusi aloituspäivä: 27.04.2020 
POISTETAAN Työvuorot jolla toistuva_id=3581 ja PVM >= 2020-04-27 
MUOKATAAN Työvuorot jolla toistuva_id=3581 --> toistuva_id=0 
Ketju 4110, Uusi aloituspäivä: 27.04.2020 
POISTETAAN Työvuorot jolla toistuva_id=4110 ja PVM >= 2020-04-27 
MUOKATAAN Työvuorot jolla toistuva_id=4110 --> toistuva_id=0 
Ketju 4155, Uusi aloituspäivä: 27.04.2020 
POISTETAAN Työvuorot jolla toistuva_id=4155 ja PVM >= 2020-04-27 
MUOKATAAN Työvuorot jolla toistuva_id=4155 --> toistuva_id=0 
Ketju 4297, Uusi aloituspäivä: 27.04.2020 
POISTETAAN Työvuorot jolla toistuva_id=4297 ja PVM >= 2020-04-27 
MUOKATAAN Työvuorot jolla toistuva_id=4297 --> toistuva_id=0 
TID ongelma, Ketju 2999, Uusi TID on - 298, Uusi aloituspäivä: 27.04.2020 
POISTETAAN Työvuorot jolla toistuva_id=2999 ja PVM >= 2020-04-27 
MUOKATAAN Työvuorot jolla toistuva_id=2999 --> toistuva_id=0 
Ketju 4117, Uusi aloituspäivä: 27.04.2020 
POISTETAAN Työvuorot jolla toistuva_id=4117 ja PVM >= 2020-04-27 
MUOKATAAN Työvuorot jolla toistuva_id=4117 --> toistuva_id=0 
Ketju 4247, Uusi aloituspäivä: 27.04.2020 
POISTETAAN Työvuorot jolla toistuva_id=4247 ja PVM >= 2020-04-27 
MUOKATAAN Työvuorot jolla toistuva_id=4247 --> toistuva_id=0 
Ketju 3582, Uusi aloituspäivä: 27.04.2020 
POISTETAAN Työvuorot jolla toistuva_id=3582 ja PVM >= 2020-04-27 
MUOKATAAN Työvuorot jolla toistuva_id=3582 --> toistuva_id=0 
Ketju 4111, Uusi aloituspäivä: 27.04.2020 
POISTETAAN Työvuorot jolla toistuva_id=4111 ja PVM >= 2020-04-27 
MUOKATAAN Työvuorot jolla toistuva_id=4111 --> toistuva_id=0 
Ketju 4156, Uusi aloituspäivä: 27.04.2020 
POISTETAAN Työvuorot jolla toistuva_id=4156 ja PVM >= 2020-04-27 
MUOKATAAN Työvuorot jolla toistuva_id=4156 --> toistuva_id=0 
Ketju 4186, Uusi aloituspäivä: 27.04.2020 
POISTETAAN Työvuorot jolla toistuva_id=4186 ja PVM >= 2020-04-27 
MUOKATAAN Työvuorot jolla toistuva_id=4186 --> toistuva_id=0 
TID ongelma, Ketju 2332, Uusi TID on - 285, Uusi aloituspäivä: 27.04.2020 
POISTETAAN Työvuorot jolla toistuva_id=2332 ja PVM >= 2020-04-27 
MUOKATAAN Työvuorot jolla toistuva_id=2332 --> toistuva_id=0 
Ketju 4118, Uusi aloituspäivä: 27.04.2020 
POISTETAAN Työvuorot jolla toistuva_id=4118 ja PVM >= 2020-04-27 
MUOKATAAN Työvuorot jolla toistuva_id=4118 --> toistuva_id=0 
Ketju 4163, Uusi aloituspäivä: 27.04.2020 
POISTETAAN Työvuorot jolla toistuva_id=4163 ja PVM >= 2020-04-27 
MUOKATAAN Työvuorot jolla toistuva_id=4163 --> toistuva_id=0 
Ketju 2564, Uusi aloituspäivä: 27.04.2020 
POISTETAAN Työvuorot jolla toistuva_id=2564 ja PVM >= 2020-04-27 
MUOKATAAN Työvuorot jolla toistuva_id=2564 --> toistuva_id=0 
Ketju 3992, Uusi aloituspäivä: 27.04.2020 
POISTETAAN Työvuorot jolla toistuva_id=3992 ja PVM >= 2020-04-27 
MUOKATAAN Työvuorot jolla toistuva_id=3992 --> toistuva_id=0 
Ketju 2856, Uusi aloituspäivä: 27.04.2020 
POISTETAAN Työvuorot jolla toistuva_id=2856 ja PVM >= 2020-04-27 
MUOKATAAN Työvuorot jolla toistuva_id=2856 --> toistuva_id=0 
Ketju 3770, Uusi aloituspäivä: 27.04.2020 
POISTETAAN Työvuorot jolla toistuva_id=3770 ja PVM >= 2020-04-27 
MUOKATAAN Työvuorot jolla toistuva_id=3770 --> toistuva_id=0 
Ketju 3297, Uusi aloituspäivä: 27.04.2020 
POISTETAAN Työvuorot jolla toistuva_id=3297 ja PVM >= 2020-04-27 
MUOKATAAN Työvuorot jolla toistuva_id=3297 --> toistuva_id=0 
Ketju 3324, Uusi aloituspäivä: 27.04.2020 
POISTETAAN Työvuorot jolla toistuva_id=3324 ja PVM >= 2020-04-27 
MUOKATAAN Työvuorot jolla toistuva_id=3324 --> toistuva_id=0 
Ketju 2946, Uusi aloituspäivä: 27.04.2020 
POISTETAAN Työvuorot jolla toistuva_id=2946 ja PVM >= 2020-04-27 
MUOKATAAN Työvuorot jolla toistuva_id=2946 --> toistuva_id=0 
Ketju 3578, Uusi aloituspäivä: 27.04.2020 
POISTETAAN Työvuorot jolla toistuva_id=3578 ja PVM >= 2020-04-27 
MUOKATAAN Työvuorot jolla toistuva_id=3578 --> toistuva_id=0 
Ketju 2742, Uusi aloituspäivä: 27.04.2020 
POISTETAAN Työvuorot jolla toistuva_id=2742 ja PVM >= 2020-04-27 
MUOKATAAN Työvuorot jolla toistuva_id=2742 --> toistuva_id=0 
Ketju 3298, Uusi aloituspäivä: 27.04.2020 
POISTETAAN Työvuorot jolla toistuva_id=3298 ja PVM >= 2020-04-27 
MUOKATAAN Työvuorot jolla toistuva_id=3298 --> toistuva_id=0 
Ketju 3325, Uusi aloituspäivä: 27.04.2020 
POISTETAAN Työvuorot jolla toistuva_id=3325 ja PVM >= 2020-04-27 
MUOKATAAN Työvuorot jolla toistuva_id=3325 --> toistuva_id=0 
Ketju 3336, Uusi aloituspäivä: 27.04.2020 
POISTETAAN Työvuorot jolla toistuva_id=3336 ja PVM >= 2020-04-27 
MUOKATAAN Työvuorot jolla toistuva_id=3336 --> toistuva_id=0 
Ketju 3299, Uusi aloituspäivä: 27.04.2020 
POISTETAAN Työvuorot jolla toistuva_id=3299 ja PVM >= 2020-04-27 
MUOKATAAN Työvuorot jolla toistuva_id=3299 --> toistuva_id=0 
TID ongelma, Ketju 1646, Uusi TID on - 285, Uusi aloituspäivä: 27.04.2020 
POISTETAAN Työvuorot jolla toistuva_id=1646 ja PVM >= 2020-04-27 
MUOKATAAN Työvuorot jolla toistuva_id=1646 --> toistuva_id=0 
Ketju 3337, Uusi aloituspäivä: 27.04.2020 
POISTETAAN Työvuorot jolla toistuva_id=3337 ja PVM >= 2020-04-27 
MUOKATAAN Työvuorot jolla toistuva_id=3337 --> toistuva_id=0 
Ketju 2700, Uusi aloituspäivä: 27.04.2020 
POISTETAAN Työvuorot jolla toistuva_id=2700 ja PVM >= 2020-04-27 
MUOKATAAN Työvuorot jolla toistuva_id=2700 --> toistuva_id=0 
Ketju 3990, Uusi aloituspäivä: 27.04.2020 
POISTETAAN Työvuorot jolla toistuva_id=3990 ja PVM >= 2020-04-27 
MUOKATAAN Työvuorot jolla toistuva_id=3990 --> toistuva_id=0 
Ketju 3991, Uusi aloituspäivä: 27.04.2020 
POISTETAAN Työvuorot jolla toistuva_id=3991 ja PVM >= 2020-04-27 
MUOKATAAN Työvuorot jolla toistuva_id=3991 --> toistuva_id=0 
Ketju 2272, Uusi aloituspäivä: 27.04.2020 
POISTETAAN Työvuorot jolla toistuva_id=2272 ja PVM >= 2020-04-27 
MUOKATAAN Työvuorot jolla toistuva_id=2272 --> toistuva_id=0 
Ketju 4249, Uusi aloituspäivä: 27.04.2020 
POISTETAAN Työvuorot jolla toistuva_id=4249 ja PVM >= 2020-04-27 
MUOKATAAN Työvuorot jolla toistuva_id=4249 --> toistuva_id=0 
Ketju 4264, Uusi aloituspäivä: 27.04.2020 
POISTETAAN Työvuorot jolla toistuva_id=4264 ja PVM >= 2020-04-27 
MUOKATAAN Työvuorot jolla toistuva_id=4264 --> toistuva_id=0 
Ketju 2273, Uusi aloituspäivä: 27.04.2020 
POISTETAAN Työvuorot jolla toistuva_id=2273 ja PVM >= 2020-04-27 
MUOKATAAN Työvuorot jolla toistuva_id=2273 --> toistuva_id=0 
Ketju 2341, Uusi aloituspäivä: 27.04.2020 
POISTETAAN Työvuorot jolla toistuva_id=2341 ja PVM >= 2020-04-27 
MUOKATAAN Työvuorot jolla toistuva_id=2341 --> toistuva_id=0 
Ketju 4250, Uusi aloituspäivä: 27.04.2020 
POISTETAAN Työvuorot jolla toistuva_id=4250 ja PVM >= 2020-04-27 
MUOKATAAN Työvuorot jolla toistuva_id=4250 --> toistuva_id=0 
Ketju 4116, Uusi aloituspäivä: 27.04.2020 
POISTETAAN Työvuorot jolla toistuva_id=4116 ja PVM >= 2020-04-27 
MUOKATAAN Työvuorot jolla toistuva_id=4116 --> toistuva_id=0 
Ketju 2225, Uusi aloituspäivä: 27.04.2020 
POISTETAAN Työvuorot jolla toistuva_id=2225 ja PVM >= 2020-04-27 
MUOKATAAN Työvuorot jolla toistuva_id=2225 --> toistuva_id=0 
TID ongelma, Ketju 2786, Uusi TID on - 298, Uusi aloituspäivä: 27.04.2020 
POISTETAAN Työvuorot jolla toistuva_id=2786 ja PVM >= 2020-04-27 
MUOKATAAN Työvuorot jolla toistuva_id=2786 --> toistuva_id=0 
Ketju 4076, Uusi aloituspäivä: 27.04.2020 
POISTETAAN Työvuorot jolla toistuva_id=4076 ja PVM >= 2020-04-27 
MUOKATAAN Työvuorot jolla toistuva_id=4076 --> toistuva_id=0 
Ketju 3025, Uusi aloituspäivä: 27.04.2020 
POISTETAAN Työvuorot jolla toistuva_id=3025 ja PVM >= 2020-04-27 
MUOKATAAN Työvuorot jolla toistuva_id=3025 --> toistuva_id=0 
Ketju 2709, Uusi aloituspäivä: 27.04.2020 
POISTETAAN Työvuorot jolla toistuva_id=2709 ja PVM >= 2020-04-27 
MUOKATAAN Työvuorot jolla toistuva_id=2709 --> toistuva_id=0 
Ketju 1716, Uusi aloituspäivä: 27.04.2020 
POISTETAAN Työvuorot jolla toistuva_id=1716 ja PVM >= 2020-04-27 
MUOKATAAN Työvuorot jolla toistuva_id=1716 --> toistuva_id=0 
Ketju 3068, Uusi aloituspäivä: 27.04.2020 
POISTETAAN Työvuorot jolla toistuva_id=3068 ja PVM >= 2020-04-27 
MUOKATAAN Työvuorot jolla toistuva_id=3068 --> toistuva_id=0 
Ketju 3686, Uusi aloituspäivä: 27.04.2020 
POISTETAAN Työvuorot jolla toistuva_id=3686 ja PVM >= 2020-04-27 
MUOKATAAN Työvuorot jolla toistuva_id=3686 --> toistuva_id=0 
Ketju 1116, Uusi aloituspäivä: 27.04.2020 
POISTETAAN Työvuorot jolla toistuva_id=1116 ja PVM >= 2020-04-27 
MUOKATAAN Työvuorot jolla toistuva_id=1116 --> toistuva_id=0 
Ketju 2445, Uusi aloituspäivä: 27.04.2020 
POISTETAAN Työvuorot jolla toistuva_id=2445 ja PVM >= 2020-04-27 
MUOKATAAN Työvuorot jolla toistuva_id=2445 --> toistuva_id=0 
Ketju 3831, Uusi aloituspäivä: 27.04.2020 
POISTETAAN Työvuorot jolla toistuva_id=3831 ja PVM >= 2020-04-27 
MUOKATAAN Työvuorot jolla toistuva_id=3831 --> toistuva_id=0 
Ketju 2708, Uusi aloituspäivä: 27.04.2020 
POISTETAAN Työvuorot jolla toistuva_id=2708 ja PVM >= 2020-04-27 
MUOKATAAN Työvuorot jolla toistuva_id=2708 --> toistuva_id=0 
Ketju 2985, Uusi aloituspäivä: 27.04.2020 
POISTETAAN Työvuorot jolla toistuva_id=2985 ja PVM >= 2020-04-27 
MUOKATAAN Työvuorot jolla toistuva_id=2985 --> toistuva_id=0 
Ketju 2170, Uusi aloituspäivä: 27.04.2020 
POISTETAAN Työvuorot jolla toistuva_id=2170 ja PVM >= 2020-04-27 
MUOKATAAN Työvuorot jolla toistuva_id=2170 --> toistuva_id=0 
Ketju 4255, Uusi aloituspäivä: 04.05.2020 
POISTETAAN Työvuorot jolla toistuva_id=4255 ja PVM >= 2020-05-04 
MUOKATAAN Työvuorot jolla toistuva_id=4255 --> toistuva_id=0 
Ketju 2850, Uusi aloituspäivä: 04.05.2020 
POISTETAAN Työvuorot jolla toistuva_id=2850 ja PVM >= 2020-05-04 
MUOKATAAN Työvuorot jolla toistuva_id=2850 --> toistuva_id=0 
Ketju 2611, Uusi aloituspäivä: 04.05.2020 
POISTETAAN Työvuorot jolla toistuva_id=2611 ja PVM >= 2020-05-04 
MUOKATAAN Työvuorot jolla toistuva_id=2611 --> toistuva_id=0 
Ketju 3026, Uusi aloituspäivä: 04.05.2020 
POISTETAAN Työvuorot jolla toistuva_id=3026 ja PVM >= 2020-05-04 
MUOKATAAN Työvuorot jolla toistuva_id=3026 --> toistuva_id=0 
Ketju 4257, Uusi aloituspäivä: 04.05.2020 
POISTETAAN Työvuorot jolla toistuva_id=4257 ja PVM >= 2020-05-04 
MUOKATAAN Työvuorot jolla toistuva_id=4257 --> toistuva_id=0 
Ketju 4300, Uusi aloituspäivä: 04.05.2020 
POISTETAAN Työvuorot jolla toistuva_id=4300 ja PVM >= 2020-05-04 
MUOKATAAN Työvuorot jolla toistuva_id=4300 --> toistuva_id=0 
Ketju 3417, Uusi aloituspäivä: 04.05.2020 
POISTETAAN Työvuorot jolla toistuva_id=3417 ja PVM >= 2020-05-04 
MUOKATAAN Työvuorot jolla toistuva_id=3417 --> toistuva_id=0 
Ketju 1106, Uusi aloituspäivä: 04.05.2020 
POISTETAAN Työvuorot jolla toistuva_id=1106 ja PVM >= 2020-05-04 
MUOKATAAN Työvuorot jolla toistuva_id=1106 --> toistuva_id=0 
Ketju 4195, Uusi aloituspäivä: 04.05.2020 
POISTETAAN Työvuorot jolla toistuva_id=4195 ja PVM >= 2020-05-04 
MUOKATAAN Työvuorot jolla toistuva_id=4195 --> toistuva_id=0 
Ketju 4301, Uusi aloituspäivä: 04.05.2020 
POISTETAAN Työvuorot jolla toistuva_id=4301 ja PVM >= 2020-05-04 
MUOKATAAN Työvuorot jolla toistuva_id=4301 --> toistuva_id=0 
Ketju 2859, Uusi aloituspäivä: 04.05.2020 
POISTETAAN Työvuorot jolla toistuva_id=2859 ja PVM >= 2020-05-04 
MUOKATAAN Työvuorot jolla toistuva_id=2859 --> toistuva_id=0 
Ketju 3773, Uusi aloituspäivä: 04.05.2020 
POISTETAAN Työvuorot jolla toistuva_id=3773 ja PVM >= 2020-05-04 
MUOKATAAN Työvuorot jolla toistuva_id=3773 --> toistuva_id=0 
Ketju 4274, Uusi aloituspäivä: 04.05.2020 
POISTETAAN Työvuorot jolla toistuva_id=4274 ja PVM >= 2020-05-04 
MUOKATAAN Työvuorot jolla toistuva_id=4274 --> toistuva_id=0 
Ketju 2503, Uusi aloituspäivä: 04.05.2020 
POISTETAAN Työvuorot jolla toistuva_id=2503 ja PVM >= 2020-05-04 
MUOKATAAN Työvuorot jolla toistuva_id=2503 --> toistuva_id=0 
Ketju 2698, Uusi aloituspäivä: 04.05.2020 
POISTETAAN Työvuorot jolla toistuva_id=2698 ja PVM >= 2020-05-04 
MUOKATAAN Työvuorot jolla toistuva_id=2698 --> toistuva_id=0 
Ketju 4196, Uusi aloituspäivä: 04.05.2020 
POISTETAAN Työvuorot jolla toistuva_id=4196 ja PVM >= 2020-05-04 
MUOKATAAN Työvuorot jolla toistuva_id=4196 --> toistuva_id=0 
Ketju 2224, Uusi aloituspäivä: 04.05.2020 
POISTETAAN Työvuorot jolla toistuva_id=2224 ja PVM >= 2020-05-04 
MUOKATAAN Työvuorot jolla toistuva_id=2224 --> toistuva_id=0 
Ketju 3697, Uusi aloituspäivä: 04.05.2020 
POISTETAAN Työvuorot jolla toistuva_id=3697 ja PVM >= 2020-05-04 
MUOKATAAN Työvuorot jolla toistuva_id=3697 --> toistuva_id=0 
Ketju 2699, Uusi aloituspäivä: 04.05.2020 
POISTETAAN Työvuorot jolla toistuva_id=2699 ja PVM >= 2020-05-04 
MUOKATAAN Työvuorot jolla toistuva_id=2699 --> toistuva_id=0 
Ketju 3698, Uusi aloituspäivä: 04.05.2020 
POISTETAAN Työvuorot jolla toistuva_id=3698 ja PVM >= 2020-05-04 
MUOKATAAN Työvuorot jolla toistuva_id=3698 --> toistuva_id=0 
Ketju 2226, Uusi aloituspäivä: 04.05.2020 
POISTETAAN Työvuorot jolla toistuva_id=2226 ja PVM >= 2020-05-04 
MUOKATAAN Työvuorot jolla toistuva_id=2226 --> toistuva_id=0 
Ketju 4220, Uusi aloituspäivä: 04.05.2020 
POISTETAAN Työvuorot jolla toistuva_id=4220 ja PVM >= 2020-05-04 
MUOKATAAN Työvuorot jolla toistuva_id=4220 --> toistuva_id=0 
Ketju 4262, Uusi aloituspäivä: 04.05.2020 
POISTETAAN Työvuorot jolla toistuva_id=4262 ja PVM >= 2020-05-04 
MUOKATAAN Työvuorot jolla toistuva_id=4262 --> toistuva_id=0 
Ketju 2891, Uusi aloituspäivä: 04.05.2020 
POISTETAAN Työvuorot jolla toistuva_id=2891 ja PVM >= 2020-05-04 
MUOKATAAN Työvuorot jolla toistuva_id=2891 --> toistuva_id=0 
Ketju 4254, Uusi aloituspäivä: 04.05.2020 
POISTETAAN Työvuorot jolla toistuva_id=4254 ja PVM >= 2020-05-04 
MUOKATAAN Työvuorot jolla toistuva_id=4254 --> toistuva_id=0 
Ketju 4094, Uusi aloituspäivä: 04.05.2020 
POISTETAAN Työvuorot jolla toistuva_id=4094 ja PVM >= 2020-05-04 
MUOKATAAN Työvuorot jolla toistuva_id=4094 --> toistuva_id=0 
Ketju 3901, Uusi aloituspäivä: 04.05.2020 
POISTETAAN Työvuorot jolla toistuva_id=3901 ja PVM >= 2020-05-04 
MUOKATAAN Työvuorot jolla toistuva_id=3901 --> toistuva_id=0 
Ketju 2398, Uusi aloituspäivä: 04.05.2020 
POISTETAAN Työvuorot jolla toistuva_id=2398 ja PVM >= 2020-05-04 
MUOKATAAN Työvuorot jolla toistuva_id=2398 --> toistuva_id=0 
Ketju 4221, Uusi aloituspäivä: 04.05.2020 
POISTETAAN Työvuorot jolla toistuva_id=4221 ja PVM >= 2020-05-04 
MUOKATAAN Työvuorot jolla toistuva_id=4221 --> toistuva_id=0 
Ketju 3010, Uusi aloituspäivä: 04.05.2020 
POISTETAAN Työvuorot jolla toistuva_id=3010 ja PVM >= 2020-05-04 
MUOKATAAN Työvuorot jolla toistuva_id=3010 --> toistuva_id=0 
Ketju 1954, Uusi aloituspäivä: 04.05.2020 
POISTETAAN Työvuorot jolla toistuva_id=1954 ja PVM >= 2020-05-04 
MUOKATAAN Työvuorot jolla toistuva_id=1954 --> toistuva_id=0 
Ketju 3851, Uusi aloituspäivä: 04.05.2020 
POISTETAAN Työvuorot jolla toistuva_id=3851 ja PVM >= 2020-05-04 
MUOKATAAN Työvuorot jolla toistuva_id=3851 --> toistuva_id=0 
Ketju 3843, Uusi aloituspäivä: 04.05.2020 
POISTETAAN Työvuorot jolla toistuva_id=3843 ja PVM >= 2020-05-04 
MUOKATAAN Työvuorot jolla toistuva_id=3843 --> toistuva_id=0 
Ketju 2407, Uusi aloituspäivä: 04.05.2020 
POISTETAAN Työvuorot jolla toistuva_id=2407 ja PVM >= 2020-05-04 
MUOKATAAN Työvuorot jolla toistuva_id=2407 --> toistuva_id=0 
Ketju 3448, Uusi aloituspäivä: 04.05.2020 
POISTETAAN Työvuorot jolla toistuva_id=3448 ja PVM >= 2020-05-04 
MUOKATAAN Työvuorot jolla toistuva_id=3448 --> toistuva_id=0 
Ketju 3916, Uusi aloituspäivä: 04.05.2020 
POISTETAAN Työvuorot jolla toistuva_id=3916 ja PVM >= 2020-05-04 
MUOKATAAN Työvuorot jolla toistuva_id=3916 --> toistuva_id=0 
Ketju 3844, Uusi aloituspäivä: 04.05.2020 
POISTETAAN Työvuorot jolla toistuva_id=3844 ja PVM >= 2020-05-04 
MUOKATAAN Työvuorot jolla toistuva_id=3844 --> toistuva_id=0 
Ketju 3154, Uusi aloituspäivä: 04.05.2020 
POISTETAAN Työvuorot jolla toistuva_id=3154 ja PVM >= 2020-05-04 
MUOKATAAN Työvuorot jolla toistuva_id=3154 --> toistuva_id=0 
Ketju 3883, Uusi aloituspäivä: 04.05.2020 
POISTETAAN Työvuorot jolla toistuva_id=3883 ja PVM >= 2020-05-04 
MUOKATAAN Työvuorot jolla toistuva_id=3883 --> toistuva_id=0 
Ketju 3917, Uusi aloituspäivä: 04.05.2020 
POISTETAAN Työvuorot jolla toistuva_id=3917 ja PVM >= 2020-05-04 
MUOKATAAN Työvuorot jolla toistuva_id=3917 --> toistuva_id=0 
Ketju 4219, Uusi aloituspäivä: 04.05.2020 
POISTETAAN Työvuorot jolla toistuva_id=4219 ja PVM >= 2020-05-04 
MUOKATAAN Työvuorot jolla toistuva_id=4219 --> toistuva_id=0 
Ketju 3386, Uusi aloituspäivä: 04.05.2020 
POISTETAAN Työvuorot jolla toistuva_id=3386 ja PVM >= 2020-05-04 
MUOKATAAN Työvuorot jolla toistuva_id=3386 --> toistuva_id=0 
Ketju 3155, Uusi aloituspäivä: 04.05.2020 
POISTETAAN Työvuorot jolla toistuva_id=3155 ja PVM >= 2020-05-04 
MUOKATAAN Työvuorot jolla toistuva_id=3155 --> toistuva_id=0 
Ketju 3426, Uusi aloituspäivä: 04.05.2020 
POISTETAAN Työvuorot jolla toistuva_id=3426 ja PVM >= 2020-05-04 
MUOKATAAN Työvuorot jolla toistuva_id=3426 --> toistuva_id=0 
Ketju 3194, Uusi aloituspäivä: 04.05.2020 
POISTETAAN Työvuorot jolla toistuva_id=3194 ja PVM >= 2020-05-04 
MUOKATAAN Työvuorot jolla toistuva_id=3194 --> toistuva_id=0 
Ketju 3884, Uusi aloituspäivä: 04.05.2020 
POISTETAAN Työvuorot jolla toistuva_id=3884 ja PVM >= 2020-05-04 
MUOKATAAN Työvuorot jolla toistuva_id=3884 --> toistuva_id=0 
Ketju 3179, Uusi aloituspäivä: 04.05.2020 
POISTETAAN Työvuorot jolla toistuva_id=3179 ja PVM >= 2020-05-04 
MUOKATAAN Työvuorot jolla toistuva_id=3179 --> toistuva_id=0 
Ketju 3918, Uusi aloituspäivä: 04.05.2020 
POISTETAAN Työvuorot jolla toistuva_id=3918 ja PVM >= 2020-05-04 
MUOKATAAN Työvuorot jolla toistuva_id=3918 --> toistuva_id=0 
Ketju 3391, Uusi aloituspäivä: 04.05.2020 
POISTETAAN Työvuorot jolla toistuva_id=3391 ja PVM >= 2020-05-04 
MUOKATAAN Työvuorot jolla toistuva_id=3391 --> toistuva_id=0 
Ketju 2365, Uusi aloituspäivä: 04.05.2020 
POISTETAAN Työvuorot jolla toistuva_id=2365 ja PVM >= 2020-05-04 
MUOKATAAN Työvuorot jolla toistuva_id=2365 --> toistuva_id=0 
Ketju 3156, Uusi aloituspäivä: 04.05.2020 
POISTETAAN Työvuorot jolla toistuva_id=3156 ja PVM >= 2020-05-04 
MUOKATAAN Työvuorot jolla toistuva_id=3156 --> toistuva_id=0 
Ketju 3911, Uusi aloituspäivä: 04.05.2020 
POISTETAAN Työvuorot jolla toistuva_id=3911 ja PVM >= 2020-05-04 
MUOKATAAN Työvuorot jolla toistuva_id=3911 --> toistuva_id=0 
Ketju 3885, Uusi aloituspäivä: 04.05.2020 
POISTETAAN Työvuorot jolla toistuva_id=3885 ja PVM >= 2020-05-04 
MUOKATAAN Työvuorot jolla toistuva_id=3885 --> toistuva_id=0 
Ketju 992, Uusi aloituspäivä: 04.05.2020 
POISTETAAN Työvuorot jolla toistuva_id=992 ja PVM >= 2020-05-04 
MUOKATAAN Työvuorot jolla toistuva_id=992 --> toistuva_id=0 
Ketju 3180, Uusi aloituspäivä: 04.05.2020 
POISTETAAN Työvuorot jolla toistuva_id=3180 ja PVM >= 2020-05-04 
MUOKATAAN Työvuorot jolla toistuva_id=3180 --> toistuva_id=0 
Ketju 2197, Uusi aloituspäivä: 04.05.2020 
POISTETAAN Työvuorot jolla toistuva_id=2197 ja PVM >= 2020-05-04 
MUOKATAAN Työvuorot jolla toistuva_id=2197 --> toistuva_id=0 
Ketju 2922, Uusi aloituspäivä: 04.05.2020 
POISTETAAN Työvuorot jolla toistuva_id=2922 ja PVM >= 2020-05-04 
MUOKATAAN Työvuorot jolla toistuva_id=2922 --> toistuva_id=0 
Ketju 3357, Uusi aloituspäivä: 04.05.2020 
POISTETAAN Työvuorot jolla toistuva_id=3357 ja PVM >= 2020-05-04 
MUOKATAAN Työvuorot jolla toistuva_id=3357 --> toistuva_id=0 
Ketju 3358, Uusi aloituspäivä: 04.05.2020 
POISTETAAN Työvuorot jolla toistuva_id=3358 ja PVM >= 2020-05-04 
MUOKATAAN Työvuorot jolla toistuva_id=3358 --> toistuva_id=0 
Ketju 3970, Uusi aloituspäivä: 04.05.2020 
POISTETAAN Työvuorot jolla toistuva_id=3970 ja PVM >= 2020-05-04 
MUOKATAAN Työvuorot jolla toistuva_id=3970 --> toistuva_id=0 
Ketju 3651, Uusi aloituspäivä: 04.05.2020 
POISTETAAN Työvuorot jolla toistuva_id=3651 ja PVM >= 2020-05-04 
MUOKATAAN Työvuorot jolla toistuva_id=3651 --> toistuva_id=0 
Ketju 3359, Uusi aloituspäivä: 04.05.2020 
POISTETAAN Työvuorot jolla toistuva_id=3359 ja PVM >= 2020-05-04 
MUOKATAAN Työvuorot jolla toistuva_id=3359 --> toistuva_id=0 
Ketju 2953, Uusi aloituspäivä: 04.05.2020 
POISTETAAN Työvuorot jolla toistuva_id=2953 ja PVM >= 2020-05-04 
MUOKATAAN Työvuorot jolla toistuva_id=2953 --> toistuva_id=0 
Ketju 3222, Uusi aloituspäivä: 04.05.2020 
POISTETAAN Työvuorot jolla toistuva_id=3222 ja PVM >= 2020-05-04 
MUOKATAAN Työvuorot jolla toistuva_id=3222 --> toistuva_id=0 
Ketju 3522, Uusi aloituspäivä: 04.05.2020 
POISTETAAN Työvuorot jolla toistuva_id=3522 ja PVM >= 2020-05-04 
MUOKATAAN Työvuorot jolla toistuva_id=3522 --> toistuva_id=0 
Ketju 4205, Uusi aloituspäivä: 04.05.2020 
POISTETAAN Työvuorot jolla toistuva_id=4205 ja PVM >= 2020-05-04 
MUOKATAAN Työvuorot jolla toistuva_id=4205 --> toistuva_id=0 
Ketju 2347, Uusi aloituspäivä: 04.05.2020 
POISTETAAN Työvuorot jolla toistuva_id=2347 ja PVM >= 2020-05-04 
MUOKATAAN Työvuorot jolla toistuva_id=2347 --> toistuva_id=0 
Ketju 1412, Uusi aloituspäivä: 04.05.2020 
POISTETAAN Työvuorot jolla toistuva_id=1412 ja PVM >= 2020-05-04 
MUOKATAAN Työvuorot jolla toistuva_id=1412 --> toistuva_id=0 
Ketju 1080, Uusi aloituspäivä: 04.05.2020 
POISTETAAN Työvuorot jolla toistuva_id=1080 ja PVM >= 2020-05-04 
MUOKATAAN Työvuorot jolla toistuva_id=1080 --> toistuva_id=0 
Ketju 2196, Uusi aloituspäivä: 04.05.2020 
POISTETAAN Työvuorot jolla toistuva_id=2196 ja PVM >= 2020-05-04 
MUOKATAAN Työvuorot jolla toistuva_id=2196 --> toistuva_id=0 
Ketju 3002, Uusi aloituspäivä: 04.05.2020 
POISTETAAN Työvuorot jolla toistuva_id=3002 ja PVM >= 2020-05-04 
MUOKATAAN Työvuorot jolla toistuva_id=3002 --> toistuva_id=0 
Ketju 1099, Uusi aloituspäivä: 04.05.2020 
POISTETAAN Työvuorot jolla toistuva_id=1099 ja PVM >= 2020-05-04 
MUOKATAAN Työvuorot jolla toistuva_id=1099 --> toistuva_id=0 
Ketju 2686, Uusi aloituspäivä: 04.05.2020 
POISTETAAN Työvuorot jolla toistuva_id=2686 ja PVM >= 2020-05-04 
MUOKATAAN Työvuorot jolla toistuva_id=2686 --> toistuva_id=0 
Ketju 3054, Uusi aloituspäivä: 04.05.2020 
POISTETAAN Työvuorot jolla toistuva_id=3054 ja PVM >= 2020-05-04 
MUOKATAAN Työvuorot jolla toistuva_id=3054 --> toistuva_id=0 
Ketju 2646, Uusi aloituspäivä: 04.05.2020 
POISTETAAN Työvuorot jolla toistuva_id=2646 ja PVM >= 2020-05-04 
MUOKATAAN Työvuorot jolla toistuva_id=2646 --> toistuva_id=0 
Ketju 3055, Uusi aloituspäivä: 04.05.2020 
POISTETAAN Työvuorot jolla toistuva_id=3055 ja PVM >= 2020-05-04 
MUOKATAAN Työvuorot jolla toistuva_id=3055 --> toistuva_id=0 
Ketju 2647, Uusi aloituspäivä: 04.05.2020 
POISTETAAN Työvuorot jolla toistuva_id=2647 ja PVM >= 2020-05-04 
MUOKATAAN Työvuorot jolla toistuva_id=2647 --> toistuva_id=0 
Ketju 3231, Uusi aloituspäivä: 04.05.2020 
POISTETAAN Työvuorot jolla toistuva_id=3231 ja PVM >= 2020-05-04 
MUOKATAAN Työvuorot jolla toistuva_id=3231 --> toistuva_id=0 
Ketju 4303, Uusi aloituspäivä: 04.05.2020 
POISTETAAN Työvuorot jolla toistuva_id=4303 ja PVM >= 2020-05-04 
MUOKATAAN Työvuorot jolla toistuva_id=4303 --> toistuva_id=0 
Ketju 3234, Uusi aloituspäivä: 04.05.2020 
POISTETAAN Työvuorot jolla toistuva_id=3234 ja PVM >= 2020-05-04 
MUOKATAAN Työvuorot jolla toistuva_id=3234 --> toistuva_id=0 
Ketju 4304, Uusi aloituspäivä: 04.05.2020 
POISTETAAN Työvuorot jolla toistuva_id=4304 ja PVM >= 2020-05-04 
MUOKATAAN Työvuorot jolla toistuva_id=4304 --> toistuva_id=0 
Ketju 2986, Uusi aloituspäivä: 04.05.2020 
POISTETAAN Työvuorot jolla toistuva_id=2986 ja PVM >= 2020-05-04 
MUOKATAAN Työvuorot jolla toistuva_id=2986 --> toistuva_id=0 
Ketju 2625, Uusi aloituspäivä: 04.05.2020 
POISTETAAN Työvuorot jolla toistuva_id=2625 ja PVM >= 2020-05-04 
MUOKATAAN Työvuorot jolla toistuva_id=2625 --> toistuva_id=0 
Ketju 2988, Uusi aloituspäivä: 04.05.2020 
POISTETAAN Työvuorot jolla toistuva_id=2988 ja PVM >= 2020-05-04 
MUOKATAAN Työvuorot jolla toistuva_id=2988 --> toistuva_id=0 
Ketju 2626, Uusi aloituspäivä: 04.05.2020 
POISTETAAN Työvuorot jolla toistuva_id=2626 ja PVM >= 2020-05-04 
MUOKATAAN Työvuorot jolla toistuva_id=2626 --> toistuva_id=0 
Ketju 3537, Uusi aloituspäivä: 04.05.2020 
POISTETAAN Työvuorot jolla toistuva_id=3537 ja PVM >= 2020-05-04 
MUOKATAAN Työvuorot jolla toistuva_id=3537 --> toistuva_id=0 
Ketju 4302, Uusi aloituspäivä: 11.05.2020 
POISTETAAN Työvuorot jolla toistuva_id=4302 ja PVM >= 2020-05-11 
MUOKATAAN Työvuorot jolla toistuva_id=4302 --> toistuva_id=0 
Ketju 3641, Uusi aloituspäivä: 11.05.2020 
POISTETAAN Työvuorot jolla toistuva_id=3641 ja PVM >= 2020-05-11 
MUOKATAAN Työvuorot jolla toistuva_id=3641 --> toistuva_id=0 
Ketju 4190, Uusi aloituspäivä: 11.05.2020 
POISTETAAN Työvuorot jolla toistuva_id=4190 ja PVM >= 2020-05-11 
MUOKATAAN Työvuorot jolla toistuva_id=4190 --> toistuva_id=0 
Ketju 4150, Uusi aloituspäivä: 11.05.2020 
POISTETAAN Työvuorot jolla toistuva_id=4150 ja PVM >= 2020-05-11 
MUOKATAAN Työvuorot jolla toistuva_id=4150 --> toistuva_id=0 
Ketju 2912, Uusi aloituspäivä: 11.05.2020 
POISTETAAN Työvuorot jolla toistuva_id=2912 ja PVM >= 2020-05-11 
MUOKATAAN Työvuorot jolla toistuva_id=2912 --> toistuva_id=0 
Ketju 3256, Uusi aloituspäivä: 11.05.2020 
POISTETAAN Työvuorot jolla toistuva_id=3256 ja PVM >= 2020-05-11 
MUOKATAAN Työvuorot jolla toistuva_id=3256 --> toistuva_id=0 
Ketju 1027, Uusi aloituspäivä: 11.05.2020 
POISTETAAN Työvuorot jolla toistuva_id=1027 ja PVM >= 2020-05-11 
MUOKATAAN Työvuorot jolla toistuva_id=1027 --> toistuva_id=0 
POISTETAAN Työvuorot jolla toistuva_id=1103 ja PVM >= kun ketjun alkamispäivä - 2020-04-29 
MUOKATAAN Työvuorot jolla toistuva_id=1103 --> toistuva_id=0 
Ketju 4283, POISTETAAN, koska ketjun lopetuspäivä ajemmin kun 13.04.2020 
MUOKATAAN Työvuorot jolla toistuva_id=4283 --> toistuva_id=0 
Ketju 4305, POISTETAAN, koska ketjun lopetuspäivä ajemmin kun 13.04.2020 
MUOKATAAN Työvuorot jolla toistuva_id=4305 --> toistuva_id=0 
Ketju 4095, POISTETAAN, koska ketjun lopetuspäivä ajemmin kun 13.04.2020 
MUOKATAAN Työvuorot jolla toistuva_id=4095 --> toistuva_id=0 
Ketju 4286, POISTETAAN, koska ketjun lopetuspäivä ajemmin kun 13.04.2020 
MUOKATAAN Työvuorot jolla toistuva_id=4286 --> toistuva_id=0 
Ketju 4288, POISTETAAN, koska ketjun lopetuspäivä ajemmin kun 13.04.2020 
MUOKATAAN Työvuorot jolla toistuva_id=4288 --> toistuva_id=0 
Ketju 2262, POISTETAAN, koska viimeinen työvuoro oli ajemmin kun 13.04.2020 
MUOKATAAN Työvuorot jolla toistuva_id=2262 --> toistuva_id=0 
Ketju 2264, POISTETAAN, koska viimeinen työvuoro oli ajemmin kun 13.04.2020 
MUOKATAAN Työvuorot jolla toistuva_id=2264 --> toistuva_id=0 
Ketju 4281, POISTETAAN, koska ketjun lopetuspäivä ajemmin kun 13.04.2020 
MUOKATAAN Työvuorot jolla toistuva_id=4281 --> toistuva_id=0 
Ketju 4065, POISTETAAN, koska viimeinen työvuoro oli ajemmin kun 13.04.2020 
MUOKATAAN Työvuorot jolla toistuva_id=4065 --> toistuva_id=0 
Ketju 4066, POISTETAAN, koska viimeinen työvuoro oli ajemmin kun 13.04.2020 
MUOKATAAN Työvuorot jolla toistuva_id=4066 --> toistuva_id=0 
Ketju 4212, POISTETAAN, koska viimeinen työvuoro oli ajemmin kun 13.04.2020 
MUOKATAAN Työvuorot jolla toistuva_id=4212 --> toistuva_id=0 
Ketju 4213, POISTETAAN, koska viimeinen työvuoro oli ajemmin kun 13.04.2020 
MUOKATAAN Työvuorot jolla toistuva_id=4213 --> toistuva_id=0 
Ketju 4067, POISTETAAN, koska viimeinen työvuoro oli ajemmin kun 13.04.2020 
MUOKATAAN Työvuorot jolla toistuva_id=4067 --> toistuva_id=0 
Ketju 2443, POISTETAAN, koska viimeinen työvuoro oli ajemmin kun 13.04.2020 
MUOKATAAN Työvuorot jolla toistuva_id=2443 --> toistuva_id=0 
Ketju 4101, POISTETAAN, koska ketjun lopetuspäivä ajemmin kun 13.04.2020 
MUOKATAAN Työvuorot jolla toistuva_id=4101 --> toistuva_id=0 
Ketju 4268, POISTETAAN, koska ketjun lopetuspäivä ajemmin kun 13.04.2020 
MUOKATAAN Työvuorot jolla toistuva_id=4268 --> toistuva_id=0 
Ketju 4267, POISTETAAN, koska ketjun lopetuspäivä ajemmin kun 13.04.2020 
MUOKATAAN Työvuorot jolla toistuva_id=4267 --> toistuva_id=0 
Ketju 4236, POISTETAAN, koska ketjun lopetuspäivä ajemmin kun 13.04.2020 
MUOKATAAN Työvuorot jolla toistuva_id=4236 --> toistuva_id=0 
Ketju 4244, POISTETAAN, koska ketjun lopetuspäivä ajemmin kun 13.04.2020 
MUOKATAAN Työvuorot jolla toistuva_id=4244 --> toistuva_id=0 
Ketju 3915, POISTETAAN, koska viimeinen työvuoro oli ajemmin kun 13.04.2020 
MUOKATAAN Työvuorot jolla toistuva_id=3915 --> toistuva_id=0 
Ketju 4100, POISTETAAN, koska ketjun lopetuspäivä ajemmin kun 13.04.2020 
MUOKATAAN Työvuorot jolla toistuva_id=4100 --> toistuva_id=0 
Ketju 4237, POISTETAAN, koska ketjun lopetuspäivä ajemmin kun 13.04.2020 
MUOKATAAN Työvuorot jolla toistuva_id=4237 --> toistuva_id=0 
Ketju 4245, POISTETAAN, koska ketjun lopetuspäivä ajemmin kun 13.04.2020 
MUOKATAAN Työvuorot jolla toistuva_id=4245 --> toistuva_id=0 
Ketju 4246, POISTETAAN, koska ketjun lopetuspäivä ajemmin kun 13.04.2020 
MUOKATAAN Työvuorot jolla toistuva_id=4246 --> toistuva_id=0 
Ketju 4127, POISTETAAN, koska ketjun lopetuspäivä ajemmin kun 13.04.2020 
MUOKATAAN Työvuorot jolla toistuva_id=4127 --> toistuva_id=0 
Ketju 4243, POISTETAAN, koska ketjun lopetuspäivä ajemmin kun 13.04.2020 
MUOKATAAN Työvuorot jolla toistuva_id=4243 --> toistuva_id=0 
Ketju 4207, POISTETAAN, koska ketjun lopetuspäivä ajemmin kun 13.04.2020 
MUOKATAAN Työvuorot jolla toistuva_id=4207 --> toistuva_id=0 
Ketju 1926, POISTETAAN, koska viimeinen työvuoro oli ajemmin kun 13.04.2020 
MUOKATAAN Työvuorot jolla toistuva_id=1926 --> toistuva_id=0 
Ketju 4214, POISTETAAN, koska ketjun lopetuspäivä ajemmin kun 13.04.2020 
MUOKATAAN Työvuorot jolla toistuva_id=4214 --> toistuva_id=0 
Ketju 4099, POISTETAAN, koska ketjun lopetuspäivä ajemmin kun 13.04.2020 
MUOKATAAN Työvuorot jolla toistuva_id=4099 --> toistuva_id=0 
Ketju 4197, POISTETAAN, koska ketjun lopetuspäivä ajemmin kun 13.04.2020 
MUOKATAAN Työvuorot jolla toistuva_id=4197 --> toistuva_id=0 
Ketju 4198, POISTETAAN, koska ketjun lopetuspäivä ajemmin kun 13.04.2020 
MUOKATAAN Työvuorot jolla toistuva_id=4198 --> toistuva_id=0 
Ketju 4180, POISTETAAN, koska ketjun lopetuspäivä ajemmin kun 13.04.2020 
MUOKATAAN Työvuorot jolla toistuva_id=4180 --> toistuva_id=0 
Ketju 4165, POISTETAAN, koska ketjun lopetuspäivä ajemmin kun 13.04.2020 
MUOKATAAN Työvuorot jolla toistuva_id=4165 --> toistuva_id=0 
Ketju 4164, POISTETAAN, koska ketjun lopetuspäivä ajemmin kun 13.04.2020 
MUOKATAAN Työvuorot jolla toistuva_id=4164 --> toistuva_id=0 
Ketju 4144, POISTETAAN, koska ketjun lopetuspäivä ajemmin kun 13.04.2020 
MUOKATAAN Työvuorot jolla toistuva_id=4144 --> toistuva_id=0 
Ketju 4102, POISTETAAN, koska ketjun lopetuspäivä ajemmin kun 13.04.2020 
MUOKATAAN Työvuorot jolla toistuva_id=4102 --> toistuva_id=0 
Ketju 4145, POISTETAAN, koska ketjun lopetuspäivä ajemmin kun 13.04.2020 
MUOKATAAN Työvuorot jolla toistuva_id=4145 --> toistuva_id=0 
Ketju 4130, POISTETAAN, koska ketjun lopetuspäivä ajemmin kun 13.04.2020 
MUOKATAAN Työvuorot jolla toistuva_id=4130 --> toistuva_id=0 
Ketju 3744, POISTETAAN, koska viimeinen työvuoro oli ajemmin kun 13.04.2020 
MUOKATAAN Työvuorot jolla toistuva_id=3744 --> toistuva_id=0 
Ketju 4129, POISTETAAN, koska ketjun lopetuspäivä ajemmin kun 13.04.2020 
MUOKATAAN Työvuorot jolla toistuva_id=4129 --> toistuva_id=0 
Ketju 4124, POISTETAAN, koska ketjun lopetuspäivä ajemmin kun 13.04.2020 
MUOKATAAN Työvuorot jolla toistuva_id=4124 --> toistuva_id=0 
Ketju 4120, POISTETAAN, koska ketjun lopetuspäivä ajemmin kun 13.04.2020 
MUOKATAAN Työvuorot jolla toistuva_id=4120 --> toistuva_id=0 
Ketju 4121, POISTETAAN, koska ketjun lopetuspäivä ajemmin kun 13.04.2020 
MUOKATAAN Työvuorot jolla toistuva_id=4121 --> toistuva_id=0 
Ketju 4119, POISTETAAN, koska ketjun lopetuspäivä ajemmin kun 13.04.2020 
MUOKATAAN Työvuorot jolla toistuva_id=4119 --> toistuva_id=0 
Ketju 3780, POISTETAAN, koska viimeinen työvuoro oli ajemmin kun 13.04.2020 
MUOKATAAN Työvuorot jolla toistuva_id=3780 --> toistuva_id=0 
Ketju 4123, POISTETAAN, koska ketjun lopetuspäivä ajemmin kun 13.04.2020 
MUOKATAAN Työvuorot jolla toistuva_id=4123 --> toistuva_id=0 
Ketju 4108, POISTETAAN, koska ketjun lopetuspäivä ajemmin kun 13.04.2020 
MUOKATAAN Työvuorot jolla toistuva_id=4108 --> toistuva_id=0 
Ketju 4103, POISTETAAN, koska ketjun lopetuspäivä ajemmin kun 13.04.2020 
MUOKATAAN Työvuorot jolla toistuva_id=4103 --> toistuva_id=0 
Ketju 4125, POISTETAAN, koska ketjun lopetuspäivä ajemmin kun 13.04.2020 
MUOKATAAN Työvuorot jolla toistuva_id=4125 --> toistuva_id=0 
Ketju 3749, POISTETAAN, koska viimeinen työvuoro oli ajemmin kun 13.04.2020 
MUOKATAAN Työvuorot jolla toistuva_id=3749 --> toistuva_id=0 
Ketju 3935, POISTETAAN, koska viimeinen työvuoro oli ajemmin kun 13.04.2020 
MUOKATAAN Työvuorot jolla toistuva_id=3935 --> toistuva_id=0 
Ketju 4078, POISTETAAN, koska ketjun lopetuspäivä ajemmin kun 13.04.2020 
MUOKATAAN Työvuorot jolla toistuva_id=4078 --> toistuva_id=0 
Ketju 3492, POISTETAAN, koska viimeinen työvuoro oli ajemmin kun 13.04.2020 
MUOKATAAN Työvuorot jolla toistuva_id=3492 --> toistuva_id=0 
Ketju 3634, POISTETAAN, koska viimeinen työvuoro oli ajemmin kun 13.04.2020 
MUOKATAAN Työvuorot jolla toistuva_id=3634 --> toistuva_id=0 
Ketju 3612, POISTETAAN, koska viimeinen työvuoro oli ajemmin kun 13.04.2020 
MUOKATAAN Työvuorot jolla toistuva_id=3612 --> toistuva_id=0 
Ketju 3551, POISTETAAN, koska ketjun lopetuspäivä ajemmin kun 13.04.2020 
MUOKATAAN Työvuorot jolla toistuva_id=3551 --> toistuva_id=0 
Ketju 3644, POISTETAAN, koska ketjun lopetuspäivä ajemmin kun 13.04.2020 
MUOKATAAN Työvuorot jolla toistuva_id=3644 --> toistuva_id=0 
Ketju 3097, POISTETAAN, koska viimeinen työvuoro oli ajemmin kun 13.04.2020 
MUOKATAAN Työvuorot jolla toistuva_id=3097 --> toistuva_id=0 
Ketju 3878, POISTETAAN, koska viimeinen työvuoro oli ajemmin kun 13.04.2020 
MUOKATAAN Työvuorot jolla toistuva_id=3878 --> toistuva_id=0 
Ketju 2640, POISTETAAN, koska viimeinen työvuoro oli ajemmin kun 13.04.2020 
MUOKATAAN Työvuorot jolla toistuva_id=2640 --> toistuva_id=0 
Ketju 3957, POISTETAAN, koska viimeinen työvuoro oli ajemmin kun 13.04.2020 
MUOKATAAN Työvuorot jolla toistuva_id=3957 --> toistuva_id=0 
Ketju 3909, POISTETAAN, koska ketjun lopetuspäivä ajemmin kun 13.04.2020 
MUOKATAAN Työvuorot jolla toistuva_id=3909 --> toistuva_id=0 
Ketju 3987, POISTETAAN, koska ketjun lopetuspäivä ajemmin kun 13.04.2020 
MUOKATAAN Työvuorot jolla toistuva_id=3987 --> toistuva_id=0 
Ketju 3792, POISTETAAN, koska viimeinen työvuoro oli ajemmin kun 13.04.2020 
MUOKATAAN Työvuorot jolla toistuva_id=3792 --> toistuva_id=0 
Ketju 3949, POISTETAAN, koska viimeinen työvuoro oli ajemmin kun 13.04.2020 
MUOKATAAN Työvuorot jolla toistuva_id=3949 --> toistuva_id=0 
Ketju 2815, POISTETAAN, koska ketjun lopetuspäivä ajemmin kun 13.04.2020 
MUOKATAAN Työvuorot jolla toistuva_id=2815 --> toistuva_id=0 
Ketju 3945, POISTETAAN, koska viimeinen työvuoro oli ajemmin kun 13.04.2020 
MUOKATAAN Työvuorot jolla toistuva_id=3945 --> toistuva_id=0 
Ketju 3941, POISTETAAN, koska ketjun lopetuspäivä ajemmin kun 13.04.2020 
MUOKATAAN Työvuorot jolla toistuva_id=3941 --> toistuva_id=0 
Ketju 3961, POISTETAAN, koska ketjun lopetuspäivä ajemmin kun 13.04.2020 
MUOKATAAN Työvuorot jolla toistuva_id=3961 --> toistuva_id=0 
Ketju 3908, POISTETAAN, koska ketjun lopetuspäivä ajemmin kun 13.04.2020 
MUOKATAAN Työvuorot jolla toistuva_id=3908 --> toistuva_id=0 
Ketju 3897, POISTETAAN, koska viimeinen työvuoro oli ajemmin kun 13.04.2020 
MUOKATAAN Työvuorot jolla toistuva_id=3897 --> toistuva_id=0 
Ketju 3869, POISTETAAN, koska viimeinen työvuoro oli ajemmin kun 13.04.2020 
MUOKATAAN Työvuorot jolla toistuva_id=3869 --> toistuva_id=0 
Ketju 2750, POISTETAAN, koska ketjun lopetuspäivä ajemmin kun 13.04.2020 
MUOKATAAN Työvuorot jolla toistuva_id=2750 --> toistuva_id=0 
Ketju 3217, POISTETAAN, koska viimeinen työvuoro oli ajemmin kun 13.04.2020 
MUOKATAAN Työvuorot jolla toistuva_id=3217 --> toistuva_id=0 
Ketju 3290, POISTETAAN, koska viimeinen työvuoro oli ajemmin kun 13.04.2020 
MUOKATAAN Työvuorot jolla toistuva_id=3290 --> toistuva_id=0 
Ketju 3207, POISTETAAN, koska viimeinen työvuoro oli ajemmin kun 13.04.2020 
MUOKATAAN Työvuorot jolla toistuva_id=3207 --> toistuva_id=0 
Ketju 2840, POISTETAAN, koska ketjun lopetuspäivä ajemmin kun 13.04.2020 
MUOKATAAN Työvuorot jolla toistuva_id=2840 --> toistuva_id=0 
Ketju 3735, POISTETAAN, koska viimeinen työvuoro oli ajemmin kun 13.04.2020 
MUOKATAAN Työvuorot jolla toistuva_id=3735 --> toistuva_id=0 
Ketju 3803, POISTETAAN, koska viimeinen työvuoro oli ajemmin kun 13.04.2020 
MUOKATAAN Työvuorot jolla toistuva_id=3803 --> toistuva_id=0 
Ketju 3821, POISTETAAN, koska viimeinen työvuoro oli ajemmin kun 13.04.2020 
MUOKATAAN Työvuorot jolla toistuva_id=3821 --> toistuva_id=0 
Ketju 3027, POISTETAAN, koska viimeinen työvuoro oli ajemmin kun 13.04.2020 
MUOKATAAN Työvuorot jolla toistuva_id=3027 --> toistuva_id=0 
Ketju 3840, POISTETAAN, koska ketjun lopetuspäivä ajemmin kun 13.04.2020 
MUOKATAAN Työvuorot jolla toistuva_id=3840 --> toistuva_id=0 
Ketju 3841, POISTETAAN, koska ketjun lopetuspäivä ajemmin kun 13.04.2020 
MUOKATAAN Työvuorot jolla toistuva_id=3841 --> toistuva_id=0 
Ketju 3842, POISTETAAN, koska ketjun lopetuspäivä ajemmin kun 13.04.2020 
MUOKATAAN Työvuorot jolla toistuva_id=3842 --> toistuva_id=0 
Ketju 1965, POISTETAAN, koska viimeinen työvuoro oli ajemmin kun 13.04.2020 
MUOKATAAN Työvuorot jolla toistuva_id=1965 --> toistuva_id=0 
Ketju 3381, POISTETAAN, koska ketjun lopetuspäivä ajemmin kun 13.04.2020 
MUOKATAAN Työvuorot jolla toistuva_id=3381 --> toistuva_id=0 
Ketju 3388, POISTETAAN, koska ketjun lopetuspäivä ajemmin kun 13.04.2020 
MUOKATAAN Työvuorot jolla toistuva_id=3388 --> toistuva_id=0 
Ketju 3457, POISTETAAN, koska viimeinen työvuoro oli ajemmin kun 13.04.2020 
MUOKATAAN Työvuorot jolla toistuva_id=3457 --> toistuva_id=0 
Ketju 3379, POISTETAAN, koska ketjun lopetuspäivä ajemmin kun 13.04.2020 
MUOKATAAN Työvuorot jolla toistuva_id=3379 --> toistuva_id=0 
Ketju 3387, POISTETAAN, koska ketjun lopetuspäivä ajemmin kun 13.04.2020 
MUOKATAAN Työvuorot jolla toistuva_id=3387 --> toistuva_id=0 
Ketju 3742, POISTETAAN, koska viimeinen työvuoro oli ajemmin kun 13.04.2020 
MUOKATAAN Työvuorot jolla toistuva_id=3742 --> toistuva_id=0 
Ketju 2776, POISTETAAN, koska viimeinen työvuoro oli ajemmin kun 13.04.2020 
MUOKATAAN Työvuorot jolla toistuva_id=2776 --> toistuva_id=0 
Ketju 3707, POISTETAAN, koska ketjun lopetuspäivä ajemmin kun 13.04.2020 
MUOKATAAN Työvuorot jolla toistuva_id=3707 --> toistuva_id=0 
Ketju 3822, POISTETAAN, koska ketjun lopetuspäivä ajemmin kun 13.04.2020 
MUOKATAAN Työvuorot jolla toistuva_id=3822 --> toistuva_id=0 
Ketju 3778, POISTETAAN, koska ketjun lopetuspäivä ajemmin kun 13.04.2020 
MUOKATAAN Työvuorot jolla toistuva_id=3778 --> toistuva_id=0 
Ketju 3431, POISTETAAN, koska viimeinen työvuoro oli ajemmin kun 13.04.2020 
MUOKATAAN Työvuorot jolla toistuva_id=3431 --> toistuva_id=0 
Ketju 3105, POISTETAAN, koska ketjun lopetuspäivä ajemmin kun 13.04.2020 
MUOKATAAN Työvuorot jolla toistuva_id=3105 --> toistuva_id=0 
Ketju 3106, POISTETAAN, koska ketjun lopetuspäivä ajemmin kun 13.04.2020 
MUOKATAAN Työvuorot jolla toistuva_id=3106 --> toistuva_id=0 
Ketju 3779, POISTETAAN, koska ketjun lopetuspäivä ajemmin kun 13.04.2020 
MUOKATAAN Työvuorot jolla toistuva_id=3779 --> toistuva_id=0 
Ketju 1207, POISTETAAN, koska viimeinen työvuoro oli ajemmin kun 13.04.2020 
MUOKATAAN Työvuorot jolla toistuva_id=1207 --> toistuva_id=0 
Ketju 3760, POISTETAAN, koska viimeinen työvuoro oli ajemmin kun 13.04.2020 
MUOKATAAN Työvuorot jolla toistuva_id=3760 --> toistuva_id=0 
Ketju 3449, POISTETAAN, koska viimeinen työvuoro oli ajemmin kun 13.04.2020 
MUOKATAAN Työvuorot jolla toistuva_id=3449 --> toistuva_id=0 
Ketju 3696, POISTETAAN, koska ketjun lopetuspäivä ajemmin kun 13.04.2020 
MUOKATAAN Työvuorot jolla toistuva_id=3696 --> toistuva_id=0 
Ketju 3772, POISTETAAN, koska ketjun lopetuspäivä ajemmin kun 13.04.2020 
MUOKATAAN Työvuorot jolla toistuva_id=3772 --> toistuva_id=0 
Ketju 2275, POISTETAAN, koska ketjun lopetuspäivä ajemmin kun 13.04.2020 
MUOKATAAN Työvuorot jolla toistuva_id=2275 --> toistuva_id=0 
Ketju 3286, POISTETAAN, koska ketjun lopetuspäivä ajemmin kun 13.04.2020 
MUOKATAAN Työvuorot jolla toistuva_id=3286 --> toistuva_id=0 
Ketju 3777, POISTETAAN, koska ketjun lopetuspäivä ajemmin kun 13.04.2020 
MUOKATAAN Työvuorot jolla toistuva_id=3777 --> toistuva_id=0 
Ketju 3776, POISTETAAN, koska ketjun lopetuspäivä ajemmin kun 13.04.2020 
MUOKATAAN Työvuorot jolla toistuva_id=3776 --> toistuva_id=0 
Ketju 3096, POISTETAAN, koska viimeinen työvuoro oli ajemmin kun 13.04.2020 
MUOKATAAN Työvuorot jolla toistuva_id=3096 --> toistuva_id=0 
Ketju 973, POISTETAAN, koska viimeinen työvuoro oli ajemmin kun 13.04.2020 
MUOKATAAN Työvuorot jolla toistuva_id=973 --> toistuva_id=0 
Ketju 3645, POISTETAAN, koska ketjun lopetuspäivä ajemmin kun 13.04.2020 
MUOKATAAN Työvuorot jolla toistuva_id=3645 --> toistuva_id=0 
Ketju 3285, POISTETAAN, koska ketjun lopetuspäivä ajemmin kun 13.04.2020 
MUOKATAAN Työvuorot jolla toistuva_id=3285 --> toistuva_id=0 
Ketju 2984, POISTETAAN, koska viimeinen työvuoro oli ajemmin kun 13.04.2020 
MUOKATAAN Työvuorot jolla toistuva_id=2984 --> toistuva_id=0 
Ketju 3646, POISTETAAN, koska ketjun lopetuspäivä ajemmin kun 13.04.2020 
MUOKATAAN Työvuorot jolla toistuva_id=3646 --> toistuva_id=0 
Ketju 1179, POISTETAAN, koska ketjun lopetuspäivä ajemmin kun 13.04.2020 
MUOKATAAN Työvuorot jolla toistuva_id=1179 --> toistuva_id=0 
Ketju 3513, POISTETAAN, koska ketjun lopetuspäivä ajemmin kun 13.04.2020 
MUOKATAAN Työvuorot jolla toistuva_id=3513 --> toistuva_id=0 
Ketju 3080, POISTETAAN, koska ketjun lopetuspäivä ajemmin kun 13.04.2020 
MUOKATAAN Työvuorot jolla toistuva_id=3080 --> toistuva_id=0 
Ketju 2667, POISTETAAN, koska ketjun lopetuspäivä ajemmin kun 13.04.2020 
MUOKATAAN Työvuorot jolla toistuva_id=2667 --> toistuva_id=0 
Ketju 3535, POISTETAAN, koska ketjun lopetuspäivä ajemmin kun 13.04.2020 
MUOKATAAN Työvuorot jolla toistuva_id=3535 --> toistuva_id=0 
Ketju 3195, POISTETAAN, koska ketjun lopetuspäivä ajemmin kun 13.04.2020 
MUOKATAAN Työvuorot jolla toistuva_id=3195 --> toistuva_id=0 
Ketju 2809, POISTETAAN, koska viimeinen työvuoro oli ajemmin kun 13.04.2020 
MUOKATAAN Työvuorot jolla toistuva_id=2809 --> toistuva_id=0 
Ketju 2596, POISTETAAN, koska ketjun lopetuspäivä ajemmin kun 13.04.2020 
MUOKATAAN Työvuorot jolla toistuva_id=2596 --> toistuva_id=0 
Ketju 972, POISTETAAN, koska viimeinen työvuoro oli ajemmin kun 13.04.2020 
MUOKATAAN Työvuorot jolla toistuva_id=972 --> toistuva_id=0 
Ketju 3650, POISTETAAN, koska viimeinen työvuoro oli ajemmin kun 13.04.2020 
MUOKATAAN Työvuorot jolla toistuva_id=3650 --> toistuva_id=0 
Ketju 2531, POISTETAAN, koska viimeinen työvuoro oli ajemmin kun 13.04.2020 
MUOKATAAN Työvuorot jolla toistuva_id=2531 --> toistuva_id=0 
Ketju 2849, POISTETAAN, koska ketjun lopetuspäivä ajemmin kun 13.04.2020 
MUOKATAAN Työvuorot jolla toistuva_id=2849 --> toistuva_id=0 
Ketju 3257, POISTETAAN, koska viimeinen työvuoro oli ajemmin kun 13.04.2020 
MUOKATAAN Työvuorot jolla toistuva_id=3257 --> toistuva_id=0 
Ketju 3464, POISTETAAN, koska ketjun lopetuspäivä ajemmin kun 13.04.2020 
MUOKATAAN Työvuorot jolla toistuva_id=3464 --> toistuva_id=0 
Ketju 1102, POISTETAAN, koska ketjun lopetuspäivä ajemmin kun 13.04.2020 
MUOKATAAN Työvuorot jolla toistuva_id=1102 --> toistuva_id=0 
Ketju 2008, POISTETAAN, koska ketjun lopetuspäivä ajemmin kun 13.04.2020 
MUOKATAAN Työvuorot jolla toistuva_id=2008 --> toistuva_id=0 
Ketju 3294, POISTETAAN, koska ketjun lopetuspäivä ajemmin kun 13.04.2020 
MUOKATAAN Työvuorot jolla toistuva_id=3294 --> toistuva_id=0 
Ketju 3295, POISTETAAN, koska ketjun lopetuspäivä ajemmin kun 13.04.2020 
MUOKATAAN Työvuorot jolla toistuva_id=3295 --> toistuva_id=0 
Ketju 2648, POISTETAAN, koska ketjun lopetuspäivä ajemmin kun 13.04.2020 
MUOKATAAN Työvuorot jolla toistuva_id=2648 --> toistuva_id=0 
Ketju 3705, POISTETAAN, koska ketjun lopetuspäivä ajemmin kun 13.04.2020 
MUOKATAAN Työvuorot jolla toistuva_id=3705 --> toistuva_id=0 
Ketju 3296, POISTETAAN, koska ketjun lopetuspäivä ajemmin kun 13.04.2020 
MUOKATAAN Työvuorot jolla toistuva_id=3296 --> toistuva_id=0 
Ketju 2484, POISTETAAN, koska ketjun lopetuspäivä ajemmin kun 13.04.2020 
MUOKATAAN Työvuorot jolla toistuva_id=2484 --> toistuva_id=0 
Ketju 3477, POISTETAAN, koska ketjun lopetuspäivä ajemmin kun 13.04.2020 
MUOKATAAN Työvuorot jolla toistuva_id=3477 --> toistuva_id=0 
Ketju 3524, POISTETAAN, koska ketjun lopetuspäivä ajemmin kun 13.04.2020 
MUOKATAAN Työvuorot jolla toistuva_id=3524 --> toistuva_id=0 
Ketju 3704, POISTETAAN, koska ketjun lopetuspäivä ajemmin kun 13.04.2020 
MUOKATAAN Työvuorot jolla toistuva_id=3704 --> toistuva_id=0 
Ketju 3525, POISTETAAN, koska ketjun lopetuspäivä ajemmin kun 13.04.2020 
MUOKATAAN Työvuorot jolla toistuva_id=3525 --> toistuva_id=0 
Ketju 2839, POISTETAAN, koska ketjun lopetuspäivä ajemmin kun 13.04.2020 
MUOKATAAN Työvuorot jolla toistuva_id=2839 --> toistuva_id=0 
Ketju 3478, POISTETAAN, koska ketjun lopetuspäivä ajemmin kun 13.04.2020 
MUOKATAAN Työvuorot jolla toistuva_id=3478 --> toistuva_id=0 
Ketju 3075, POISTETAAN, koska ketjun lopetuspäivä ajemmin kun 13.04.2020 
MUOKATAAN Työvuorot jolla toistuva_id=3075 --> toistuva_id=0 
Ketju 3554, POISTETAAN, koska ketjun lopetuspäivä ajemmin kun 13.04.2020 
MUOKATAAN Työvuorot jolla toistuva_id=3554 --> toistuva_id=0 
Ketju 3563, POISTETAAN, koska ketjun lopetuspäivä ajemmin kun 13.04.2020 
MUOKATAAN Työvuorot jolla toistuva_id=3563 --> toistuva_id=0 
Ketju 2821, POISTETAAN, koska ketjun lopetuspäivä ajemmin kun 13.04.2020 
MUOKATAAN Työvuorot jolla toistuva_id=2821 --> toistuva_id=0 
Ketju 3567, POISTETAAN, koska ketjun lopetuspäivä ajemmin kun 13.04.2020 
MUOKATAAN Työvuorot jolla toistuva_id=3567 --> toistuva_id=0 
Ketju 3484, POISTETAAN, koska ketjun lopetuspäivä ajemmin kun 13.04.2020 
MUOKATAAN Työvuorot jolla toistuva_id=3484 --> toistuva_id=0 
Ketju 3533, POISTETAAN, koska ketjun lopetuspäivä ajemmin kun 13.04.2020 
MUOKATAAN Työvuorot jolla toistuva_id=3533 --> toistuva_id=0 
Ketju 3475, POISTETAAN, koska ketjun lopetuspäivä ajemmin kun 13.04.2020 
MUOKATAAN Työvuorot jolla toistuva_id=3475 --> toistuva_id=0 
Ketju 3565, POISTETAAN, koska ketjun lopetuspäivä ajemmin kun 13.04.2020 
MUOKATAAN Työvuorot jolla toistuva_id=3565 --> toistuva_id=0 
Ketju 3462, POISTETAAN, koska ketjun lopetuspäivä ajemmin kun 13.04.2020 
MUOKATAAN Työvuorot jolla toistuva_id=3462 --> toistuva_id=0 
Ketju 3566, POISTETAAN, koska ketjun lopetuspäivä ajemmin kun 13.04.2020 
MUOKATAAN Työvuorot jolla toistuva_id=3566 --> toistuva_id=0 
Ketju 3561, POISTETAAN, koska ketjun lopetuspäivä ajemmin kun 13.04.2020 
MUOKATAAN Työvuorot jolla toistuva_id=3561 --> toistuva_id=0 
Ketju 3473, POISTETAAN, koska ketjun lopetuspäivä ajemmin kun 13.04.2020 
MUOKATAAN Työvuorot jolla toistuva_id=3473 --> toistuva_id=0 
Ketju 3474, POISTETAAN, koska ketjun lopetuspäivä ajemmin kun 13.04.2020 
MUOKATAAN Työvuorot jolla toistuva_id=3474 --> toistuva_id=0 
Ketju 3558, POISTETAAN, koska ketjun lopetuspäivä ajemmin kun 13.04.2020 
MUOKATAAN Työvuorot jolla toistuva_id=3558 --> toistuva_id=0 
Ketju 3559, POISTETAAN, koska ketjun lopetuspäivä ajemmin kun 13.04.2020 
MUOKATAAN Työvuorot jolla toistuva_id=3559 --> toistuva_id=0 
Ketju 2032, POISTETAAN, koska ketjun lopetuspäivä ajemmin kun 13.04.2020 
MUOKATAAN Työvuorot jolla toistuva_id=2032 --> toistuva_id=0 
Ketju 3560, POISTETAAN, koska ketjun lopetuspäivä ajemmin kun 13.04.2020 
MUOKATAAN Työvuorot jolla toistuva_id=3560 --> toistuva_id=0 
Ketju 3562, POISTETAAN, koska ketjun lopetuspäivä ajemmin kun 13.04.2020 
MUOKATAAN Työvuorot jolla toistuva_id=3562 --> toistuva_id=0 
Ketju 3556, POISTETAAN, koska ketjun lopetuspäivä ajemmin kun 13.04.2020 
MUOKATAAN Työvuorot jolla toistuva_id=3556 --> toistuva_id=0 
Ketju 3557, POISTETAAN, koska ketjun lopetuspäivä ajemmin kun 13.04.2020 
MUOKATAAN Työvuorot jolla toistuva_id=3557 --> toistuva_id=0 
Ketju 3538, POISTETAAN, koska ketjun lopetuspäivä ajemmin kun 13.04.2020 
MUOKATAAN Työvuorot jolla toistuva_id=3538 --> toistuva_id=0 
Ketju 3532, POISTETAAN, koska ketjun lopetuspäivä ajemmin kun 13.04.2020 
MUOKATAAN Työvuorot jolla toistuva_id=3532 --> toistuva_id=0 
Ketju 3469, POISTETAAN, koska ketjun lopetuspäivä ajemmin kun 13.04.2020 
MUOKATAAN Työvuorot jolla toistuva_id=3469 --> toistuva_id=0 
Ketju 3471, POISTETAAN, koska ketjun lopetuspäivä ajemmin kun 13.04.2020 
MUOKATAAN Työvuorot jolla toistuva_id=3471 --> toistuva_id=0 
Ketju 3546, POISTETAAN, koska ketjun lopetuspäivä ajemmin kun 13.04.2020 
MUOKATAAN Työvuorot jolla toistuva_id=3546 --> toistuva_id=0 
Ketju 3553, POISTETAAN, koska ketjun lopetuspäivä ajemmin kun 13.04.2020 
MUOKATAAN Työvuorot jolla toistuva_id=3553 --> toistuva_id=0 
Ketju 3547, POISTETAAN, koska ketjun lopetuspäivä ajemmin kun 13.04.2020 
MUOKATAAN Työvuorot jolla toistuva_id=3547 --> toistuva_id=0 
Ketju 3548, POISTETAAN, koska ketjun lopetuspäivä ajemmin kun 13.04.2020 
MUOKATAAN Työvuorot jolla toistuva_id=3548 --> toistuva_id=0 
Ketju 3459, POISTETAAN, koska ketjun lopetuspäivä ajemmin kun 13.04.2020 
MUOKATAAN Työvuorot jolla toistuva_id=3459 --> toistuva_id=0 
Ketju 3549, POISTETAAN, koska ketjun lopetuspäivä ajemmin kun 13.04.2020 
MUOKATAAN Työvuorot jolla toistuva_id=3549 --> toistuva_id=0 
Ketju 3550, POISTETAAN, koska ketjun lopetuspäivä ajemmin kun 13.04.2020 
MUOKATAAN Työvuorot jolla toistuva_id=3550 --> toistuva_id=0 
Ketju 3463, POISTETAAN, koska ketjun lopetuspäivä ajemmin kun 13.04.2020 
MUOKATAAN Työvuorot jolla toistuva_id=3463 --> toistuva_id=0 
Ketju 3552, POISTETAAN, koska ketjun lopetuspäivä ajemmin kun 13.04.2020 
MUOKATAAN Työvuorot jolla toistuva_id=3552 --> toistuva_id=0 
Ketju 3531, POISTETAAN, koska ketjun lopetuspäivä ajemmin kun 13.04.2020 
MUOKATAAN Työvuorot jolla toistuva_id=3531 --> toistuva_id=0 
Ketju 2841, POISTETAAN, koska ketjun lopetuspäivä ajemmin kun 13.04.2020 
MUOKATAAN Työvuorot jolla toistuva_id=2841 --> toistuva_id=0 
Ketju 3534, POISTETAAN, koska ketjun lopetuspäivä ajemmin kun 13.04.2020 
MUOKATAAN Työvuorot jolla toistuva_id=3534 --> toistuva_id=0 
Ketju 3460, POISTETAAN, koska ketjun lopetuspäivä ajemmin kun 13.04.2020 
MUOKATAAN Työvuorot jolla toistuva_id=3460 --> toistuva_id=0 
Ketju 3303, POISTETAAN, koska ketjun lopetuspäivä ajemmin kun 13.04.2020 
MUOKATAAN Työvuorot jolla toistuva_id=3303 --> toistuva_id=0 
Ketju 3476, POISTETAAN, koska ketjun lopetuspäivä ajemmin kun 13.04.2020 
MUOKATAAN Työvuorot jolla toistuva_id=3476 --> toistuva_id=0 
Ketju 3472, POISTETAAN, koska ketjun lopetuspäivä ajemmin kun 13.04.2020 
MUOKATAAN Työvuorot jolla toistuva_id=3472 --> toistuva_id=0 
Ketju 2920, POISTETAAN, koska ketjun lopetuspäivä ajemmin kun 13.04.2020 
MUOKATAAN Työvuorot jolla toistuva_id=2920 --> toistuva_id=0 
Ketju 2921, POISTETAAN, koska ketjun lopetuspäivä ajemmin kun 13.04.2020 
MUOKATAAN Työvuorot jolla toistuva_id=2921 --> toistuva_id=0 
Ketju 3467, POISTETAAN, koska ketjun lopetuspäivä ajemmin kun 13.04.2020 
MUOKATAAN Työvuorot jolla toistuva_id=3467 --> toistuva_id=0 
Ketju 2917, POISTETAAN, koska ketjun lopetuspäivä ajemmin kun 13.04.2020 
MUOKATAAN Työvuorot jolla toistuva_id=2917 --> toistuva_id=0 
Ketju 3528, POISTETAAN, koska ketjun lopetuspäivä ajemmin kun 13.04.2020 
MUOKATAAN Työvuorot jolla toistuva_id=3528 --> toistuva_id=0 
Ketju 3529, POISTETAAN, koska ketjun lopetuspäivä ajemmin kun 13.04.2020 
MUOKATAAN Työvuorot jolla toistuva_id=3529 --> toistuva_id=0 
Ketju 3526, POISTETAAN, koska ketjun lopetuspäivä ajemmin kun 13.04.2020 
MUOKATAAN Työvuorot jolla toistuva_id=3526 --> toistuva_id=0 
Ketju 1916, POISTETAAN, koska ketjun lopetuspäivä ajemmin kun 13.04.2020 
MUOKATAAN Työvuorot jolla toistuva_id=1916 --> toistuva_id=0 
Ketju 3283, POISTETAAN, koska ketjun lopetuspäivä ajemmin kun 13.04.2020 
MUOKATAAN Työvuorot jolla toistuva_id=3283 --> toistuva_id=0 
Ketju 1917, POISTETAAN, koska ketjun lopetuspäivä ajemmin kun 13.04.2020 
MUOKATAAN Työvuorot jolla toistuva_id=1917 --> toistuva_id=0 
Ketju 1918, POISTETAAN, koska ketjun lopetuspäivä ajemmin kun 13.04.2020 
MUOKATAAN Työvuorot jolla toistuva_id=1918 --> toistuva_id=0 
Ketju 1607, POISTETAAN, koska ketjun lopetuspäivä ajemmin kun 13.04.2020 
MUOKATAAN Työvuorot jolla toistuva_id=1607 --> toistuva_id=0 
Ketju 3466, POISTETAAN, koska ketjun lopetuspäivä ajemmin kun 13.04.2020 
MUOKATAAN Työvuorot jolla toistuva_id=3466 --> toistuva_id=0 
Ketju 3519, POISTETAAN, koska ketjun lopetuspäivä ajemmin kun 13.04.2020 
MUOKATAAN Työvuorot jolla toistuva_id=3519 --> toistuva_id=0 
Ketju 2526, POISTETAAN, koska ketjun lopetuspäivä ajemmin kun 13.04.2020 
MUOKATAAN Työvuorot jolla toistuva_id=2526 --> toistuva_id=0 
Ketju 3518, POISTETAAN, koska ketjun lopetuspäivä ajemmin kun 13.04.2020 
MUOKATAAN Työvuorot jolla toistuva_id=3518 --> toistuva_id=0 
Ketju 2755, POISTETAAN, koska ketjun lopetuspäivä ajemmin kun 13.04.2020 
MUOKATAAN Työvuorot jolla toistuva_id=2755 --> toistuva_id=0 
Ketju 2942, POISTETAAN, koska ketjun lopetuspäivä ajemmin kun 13.04.2020 
MUOKATAAN Työvuorot jolla toistuva_id=2942 --> toistuva_id=0 
Ketju 2811, POISTETAAN, koska ketjun lopetuspäivä ajemmin kun 13.04.2020 
MUOKATAAN Työvuorot jolla toistuva_id=2811 --> toistuva_id=0 
Ketju 2812, POISTETAAN, koska ketjun lopetuspäivä ajemmin kun 13.04.2020 
MUOKATAAN Työvuorot jolla toistuva_id=2812 --> toistuva_id=0 
Ketju 3465, POISTETAAN, koska ketjun lopetuspäivä ajemmin kun 13.04.2020 
MUOKATAAN Työvuorot jolla toistuva_id=3465 --> toistuva_id=0 
Ketju 3503, POISTETAAN, koska ketjun lopetuspäivä ajemmin kun 13.04.2020 
MUOKATAAN Työvuorot jolla toistuva_id=3503 --> toistuva_id=0 
Ketju 2590, POISTETAAN, koska ketjun lopetuspäivä ajemmin kun 13.04.2020 
MUOKATAAN Työvuorot jolla toistuva_id=2590 --> toistuva_id=0 
Ketju 2910, POISTETAAN, koska ketjun lopetuspäivä ajemmin kun 13.04.2020 
MUOKATAAN Työvuorot jolla toistuva_id=2910 --> toistuva_id=0 
Ketju 3458, POISTETAAN, koska ketjun lopetuspäivä ajemmin kun 13.04.2020 
MUOKATAAN Työvuorot jolla toistuva_id=3458 --> toistuva_id=0 
Ketju 3496, POISTETAAN, koska ketjun lopetuspäivä ajemmin kun 13.04.2020 
MUOKATAAN Työvuorot jolla toistuva_id=3496 --> toistuva_id=0 
Ketju 2845, POISTETAAN, koska ketjun lopetuspäivä ajemmin kun 13.04.2020 
MUOKATAAN Työvuorot jolla toistuva_id=2845 --> toistuva_id=0 
Ketju 2846, POISTETAAN, koska ketjun lopetuspäivä ajemmin kun 13.04.2020 
MUOKATAAN Työvuorot jolla toistuva_id=2846 --> toistuva_id=0 
Ketju 2852, POISTETAAN, koska ketjun lopetuspäivä ajemmin kun 13.04.2020 
MUOKATAAN Työvuorot jolla toistuva_id=2852 --> toistuva_id=0 
Ketju 3433, POISTETAAN, koska ketjun lopetuspäivä ajemmin kun 13.04.2020 
MUOKATAAN Työvuorot jolla toistuva_id=3433 --> toistuva_id=0 
Ketju 3434, POISTETAAN, koska ketjun lopetuspäivä ajemmin kun 13.04.2020 
MUOKATAAN Työvuorot jolla toistuva_id=3434 --> toistuva_id=0 
Ketju 3063, POISTETAAN, koska ketjun lopetuspäivä ajemmin kun 13.04.2020 
MUOKATAAN Työvuorot jolla toistuva_id=3063 --> toistuva_id=0 
Ketju 3385, POISTETAAN, koska ketjun lopetuspäivä ajemmin kun 13.04.2020 
MUOKATAAN Työvuorot jolla toistuva_id=3385 --> toistuva_id=0 
Ketju 2855, POISTETAAN, koska ketjun lopetuspäivä ajemmin kun 13.04.2020 
MUOKATAAN Työvuorot jolla toistuva_id=2855 --> toistuva_id=0 
Ketju 3418, POISTETAAN, koska ketjun lopetuspäivä ajemmin kun 13.04.2020 
MUOKATAAN Työvuorot jolla toistuva_id=3418 --> toistuva_id=0 
Ketju 3440, POISTETAAN, koska ketjun lopetuspäivä ajemmin kun 13.04.2020 
MUOKATAAN Työvuorot jolla toistuva_id=3440 --> toistuva_id=0 
Ketju 3034, POISTETAAN, koska ketjun lopetuspäivä ajemmin kun 13.04.2020 
MUOKATAAN Työvuorot jolla toistuva_id=3034 --> toistuva_id=0 
Ketju 2521, POISTETAAN, koska ketjun lopetuspäivä ajemmin kun 13.04.2020 
MUOKATAAN Työvuorot jolla toistuva_id=2521 --> toistuva_id=0 
Ketju 3035, POISTETAAN, koska ketjun lopetuspäivä ajemmin kun 13.04.2020 
MUOKATAAN Työvuorot jolla toistuva_id=3035 --> toistuva_id=0 
Ketju 2893, POISTETAAN, koska ketjun lopetuspäivä ajemmin kun 13.04.2020 
MUOKATAAN Työvuorot jolla toistuva_id=2893 --> toistuva_id=0 
Ketju 2990, POISTETAAN, koska ketjun lopetuspäivä ajemmin kun 13.04.2020 
MUOKATAAN Työvuorot jolla toistuva_id=2990 --> toistuva_id=0 
Ketju 3036, POISTETAAN, koska ketjun lopetuspäivä ajemmin kun 13.04.2020 
MUOKATAAN Työvuorot jolla toistuva_id=3036 --> toistuva_id=0 
Ketju 3182, POISTETAAN, koska ketjun lopetuspäivä ajemmin kun 13.04.2020 
MUOKATAAN Työvuorot jolla toistuva_id=3182 --> toistuva_id=0 
Ketju 3539, POISTETAAN, koska ketjun lopetuspäivä ajemmin kun 13.04.2020 
MUOKATAAN Työvuorot jolla toistuva_id=3539 --> toistuva_id=0 
Ketju 3344, POISTETAAN, koska ketjun lopetuspäivä ajemmin kun 13.04.2020 
MUOKATAAN Työvuorot jolla toistuva_id=3344 --> toistuva_id=0 
Ketju 2223, POISTETAAN, koska ketjun lopetuspäivä ajemmin kun 13.04.2020 
MUOKATAAN Työvuorot jolla toistuva_id=2223 --> toistuva_id=0 
Ketju 2560, POISTETAAN, koska ketjun lopetuspäivä ajemmin kun 13.04.2020 
MUOKATAAN Työvuorot jolla toistuva_id=2560 --> toistuva_id=0 
Ketju 1312, POISTETAAN, koska ketjun lopetuspäivä ajemmin kun 13.04.2020 
MUOKATAAN Työvuorot jolla toistuva_id=1312 --> toistuva_id=0 
Ketju 3356, POISTETAAN, koska ketjun lopetuspäivä ajemmin kun 13.04.2020 
MUOKATAAN Työvuorot jolla toistuva_id=3356 --> toistuva_id=0 
Ketju 3102, POISTETAAN, koska ketjun lopetuspäivä ajemmin kun 13.04.2020 
MUOKATAAN Työvuorot jolla toistuva_id=3102 --> toistuva_id=0 
Ketju 3346, POISTETAAN, koska ketjun lopetuspäivä ajemmin kun 13.04.2020 
MUOKATAAN Työvuorot jolla toistuva_id=3346 --> toistuva_id=0 
Ketju 3103, POISTETAAN, koska ketjun lopetuspäivä ajemmin kun 13.04.2020 
MUOKATAAN Työvuorot jolla toistuva_id=3103 --> toistuva_id=0 
Ketju 3345, POISTETAAN, koska ketjun lopetuspäivä ajemmin kun 13.04.2020 
MUOKATAAN Työvuorot jolla toistuva_id=3345 --> toistuva_id=0 
Ketju 3112, POISTETAAN, koska ketjun lopetuspäivä ajemmin kun 13.04.2020 
MUOKATAAN Työvuorot jolla toistuva_id=3112 --> toistuva_id=0 
Ketju 2896, POISTETAAN, koska ketjun lopetuspäivä ajemmin kun 13.04.2020 
MUOKATAAN Työvuorot jolla toistuva_id=2896 --> toistuva_id=0 
Ketju 3267, POISTETAAN, koska ketjun lopetuspäivä ajemmin kun 13.04.2020 
MUOKATAAN Työvuorot jolla toistuva_id=3267 --> toistuva_id=0 
Ketju 3268, POISTETAAN, koska ketjun lopetuspäivä ajemmin kun 13.04.2020 
MUOKATAAN Työvuorot jolla toistuva_id=3268 --> toistuva_id=0 
Ketju 2327, POISTETAAN, koska ketjun lopetuspäivä ajemmin kun 13.04.2020 
MUOKATAAN Työvuorot jolla toistuva_id=2327 --> toistuva_id=0 
Ketju 1702, POISTETAAN, koska ketjun lopetuspäivä ajemmin kun 13.04.2020 
MUOKATAAN Työvuorot jolla toistuva_id=1702 --> toistuva_id=0 
Ketju 1218, POISTETAAN, koska ketjun lopetuspäivä ajemmin kun 13.04.2020 
MUOKATAAN Työvuorot jolla toistuva_id=1218 --> toistuva_id=0 
Ketju 3265, POISTETAAN, koska ketjun lopetuspäivä ajemmin kun 13.04.2020 
MUOKATAAN Työvuorot jolla toistuva_id=3265 --> toistuva_id=0 
Ketju 2955, POISTETAAN, koska ketjun lopetuspäivä ajemmin kun 13.04.2020 
MUOKATAAN Työvuorot jolla toistuva_id=2955 --> toistuva_id=0 
Ketju 1856, POISTETAAN, koska ketjun lopetuspäivä ajemmin kun 13.04.2020 
MUOKATAAN Työvuorot jolla toistuva_id=1856 --> toistuva_id=0 
Ketju 2956, POISTETAAN, koska ketjun lopetuspäivä ajemmin kun 13.04.2020 
MUOKATAAN Työvuorot jolla toistuva_id=2956 --> toistuva_id=0 
Ketju 2958, POISTETAAN, koska ketjun lopetuspäivä ajemmin kun 13.04.2020 
MUOKATAAN Työvuorot jolla toistuva_id=2958 --> toistuva_id=0 
Ketju 2422, POISTETAAN, koska ketjun lopetuspäivä ajemmin kun 13.04.2020 
MUOKATAAN Työvuorot jolla toistuva_id=2422 --> toistuva_id=0 
Ketju 889, POISTETAAN, koska ketjun lopetuspäivä ajemmin kun 13.04.2020 
MUOKATAAN Työvuorot jolla toistuva_id=889 --> toistuva_id=0 
Ketju 3101, POISTETAAN, koska ketjun lopetuspäivä ajemmin kun 13.04.2020 
MUOKATAAN Työvuorot jolla toistuva_id=3101 --> toistuva_id=0 
Ketju 982, POISTETAAN, koska ketjun lopetuspäivä ajemmin kun 13.04.2020 
MUOKATAAN Työvuorot jolla toistuva_id=982 --> toistuva_id=0 
Ketju 1122, POISTETAAN, koska ketjun lopetuspäivä ajemmin kun 13.04.2020 
MUOKATAAN Työvuorot jolla toistuva_id=1122 --> toistuva_id=0 
Ketju 1670, POISTETAAN, koska ketjun lopetuspäivä ajemmin kun 13.04.2020 
MUOKATAAN Työvuorot jolla toistuva_id=1670 --> toistuva_id=0 
Ketju 1694, POISTETAAN, koska ketjun lopetuspäivä ajemmin kun 13.04.2020 
MUOKATAAN Työvuorot jolla toistuva_id=1694 --> toistuva_id=0 
Ketju 3019, POISTETAAN, koska ketjun lopetuspäivä ajemmin kun 13.04.2020 
MUOKATAAN Työvuorot jolla toistuva_id=3019 --> toistuva_id=0 
Ketju 2635, POISTETAAN, koska ketjun lopetuspäivä ajemmin kun 13.04.2020 
MUOKATAAN Työvuorot jolla toistuva_id=2635 --> toistuva_id=0 
Ketju 2031, POISTETAAN, koska ketjun lopetuspäivä ajemmin kun 13.04.2020 
MUOKATAAN Työvuorot jolla toistuva_id=2031 --> toistuva_id=0 
Ketju 2636, POISTETAAN, koska ketjun lopetuspäivä ajemmin kun 13.04.2020 
MUOKATAAN Työvuorot jolla toistuva_id=2636 --> toistuva_id=0 
Ketju 2335, POISTETAAN, koska ketjun lopetuspäivä ajemmin kun 13.04.2020 
MUOKATAAN Työvuorot jolla toistuva_id=2335 --> toistuva_id=0 
Ketju 983, POISTETAAN, koska ketjun lopetuspäivä ajemmin kun 13.04.2020 
MUOKATAAN Työvuorot jolla toistuva_id=983 --> toistuva_id=0 
Ketju 1240, POISTETAAN, koska ketjun lopetuspäivä ajemmin kun 13.04.2020 
MUOKATAAN Työvuorot jolla toistuva_id=1240 --> toistuva_id=0 
Ketju 2429, POISTETAAN, koska ketjun lopetuspäivä ajemmin kun 13.04.2020 
MUOKATAAN Työvuorot jolla toistuva_id=2429 --> toistuva_id=0 
Ketju 2683, POISTETAAN, koska ketjun lopetuspäivä ajemmin kun 13.04.2020 
MUOKATAAN Työvuorot jolla toistuva_id=2683 --> toistuva_id=0 
Ketju 2684, POISTETAAN, koska ketjun lopetuspäivä ajemmin kun 13.04.2020 
MUOKATAAN Työvuorot jolla toistuva_id=2684 --> toistuva_id=0 
Ketju 2555, POISTETAAN, koska ketjun lopetuspäivä ajemmin kun 13.04.2020 
MUOKATAAN Työvuorot jolla toistuva_id=2555 --> toistuva_id=0 
Ketju 3137, POISTETAAN, koska ketjun lopetuspäivä ajemmin kun 13.04.2020 
MUOKATAAN Työvuorot jolla toistuva_id=3137 --> toistuva_id=0 
Ketju 2480, POISTETAAN, koska ketjun lopetuspäivä ajemmin kun 13.04.2020 
MUOKATAAN Työvuorot jolla toistuva_id=2480 --> toistuva_id=0 
Ketju 3219, POISTETAAN, koska ketjun lopetuspäivä ajemmin kun 13.04.2020 
MUOKATAAN Työvuorot jolla toistuva_id=3219 --> toistuva_id=0 
Ketju 3133, POISTETAAN, koska ketjun lopetuspäivä ajemmin kun 13.04.2020 
MUOKATAAN Työvuorot jolla toistuva_id=3133 --> toistuva_id=0 
Ketju 2423, POISTETAAN, koska ketjun lopetuspäivä ajemmin kun 13.04.2020 
MUOKATAAN Työvuorot jolla toistuva_id=2423 --> toistuva_id=0 
Ketju 1472, POISTETAAN, koska ketjun lopetuspäivä ajemmin kun 13.04.2020 
MUOKATAAN Työvuorot jolla toistuva_id=1472 --> toistuva_id=0 
Ketju 3196, POISTETAAN, koska ketjun lopetuspäivä ajemmin kun 13.04.2020 
MUOKATAAN Työvuorot jolla toistuva_id=3196 --> toistuva_id=0 
Ketju 3197, POISTETAAN, koska ketjun lopetuspäivä ajemmin kun 13.04.2020 
MUOKATAAN Työvuorot jolla toistuva_id=3197 --> toistuva_id=0 
Ketju 3198, POISTETAAN, koska ketjun lopetuspäivä ajemmin kun 13.04.2020 
MUOKATAAN Työvuorot jolla toistuva_id=3198 --> toistuva_id=0 
Ketju 2682, POISTETAAN, koska ketjun lopetuspäivä ajemmin kun 13.04.2020 
MUOKATAAN Työvuorot jolla toistuva_id=2682 --> toistuva_id=0 
Ketju 995, POISTETAAN, koska ketjun lopetuspäivä ajemmin kun 13.04.2020 
MUOKATAAN Työvuorot jolla toistuva_id=995 --> toistuva_id=0 
Ketju 3186, POISTETAAN, koska ketjun lopetuspäivä ajemmin kun 13.04.2020 
MUOKATAAN Työvuorot jolla toistuva_id=3186 --> toistuva_id=0 
Ketju 2587, POISTETAAN, koska ketjun lopetuspäivä ajemmin kun 13.04.2020 
MUOKATAAN Työvuorot jolla toistuva_id=2587 --> toistuva_id=0 
Ketju 3123, POISTETAAN, koska ketjun lopetuspäivä ajemmin kun 13.04.2020 
MUOKATAAN Työvuorot jolla toistuva_id=3123 --> toistuva_id=0 
Ketju 3122, POISTETAAN, koska ketjun lopetuspäivä ajemmin kun 13.04.2020 
MUOKATAAN Työvuorot jolla toistuva_id=3122 --> toistuva_id=0 
Ketju 2643, POISTETAAN, koska ketjun lopetuspäivä ajemmin kun 13.04.2020 
MUOKATAAN Työvuorot jolla toistuva_id=2643 --> toistuva_id=0 
Ketju 2741, POISTETAAN, koska ketjun lopetuspäivä ajemmin kun 13.04.2020 
MUOKATAAN Työvuorot jolla toistuva_id=2741 --> toistuva_id=0 
Ketju 2744, POISTETAAN, koska ketjun lopetuspäivä ajemmin kun 13.04.2020 
MUOKATAAN Työvuorot jolla toistuva_id=2744 --> toistuva_id=0 
Ketju 2603, POISTETAAN, koska ketjun lopetuspäivä ajemmin kun 13.04.2020 
MUOKATAAN Työvuorot jolla toistuva_id=2603 --> toistuva_id=0 
Ketju 2916, POISTETAAN, koska ketjun lopetuspäivä ajemmin kun 13.04.2020 
MUOKATAAN Työvuorot jolla toistuva_id=2916 --> toistuva_id=0 
Ketju 1542, POISTETAAN, koska ketjun lopetuspäivä ajemmin kun 13.04.2020 
MUOKATAAN Työvuorot jolla toistuva_id=1542 --> toistuva_id=0 
Ketju 3086, POISTETAAN, koska ketjun lopetuspäivä ajemmin kun 13.04.2020 
MUOKATAAN Työvuorot jolla toistuva_id=3086 --> toistuva_id=0 
Ketju 2819, POISTETAAN, koska ketjun lopetuspäivä ajemmin kun 13.04.2020 
MUOKATAAN Työvuorot jolla toistuva_id=2819 --> toistuva_id=0 
Ketju 2591, POISTETAAN, koska ketjun lopetuspäivä ajemmin kun 13.04.2020 
MUOKATAAN Työvuorot jolla toistuva_id=2591 --> toistuva_id=0 
Ketju 988, POISTETAAN, koska ketjun lopetuspäivä ajemmin kun 13.04.2020 
MUOKATAAN Työvuorot jolla toistuva_id=988 --> toistuva_id=0 
Ketju 2843, POISTETAAN, koska ketjun lopetuspäivä ajemmin kun 13.04.2020 
MUOKATAAN Työvuorot jolla toistuva_id=2843 --> toistuva_id=0 
Ketju 2831, POISTETAAN, koska ketjun lopetuspäivä ajemmin kun 13.04.2020 
MUOKATAAN Työvuorot jolla toistuva_id=2831 --> toistuva_id=0 
Ketju 1850, POISTETAAN, koska ketjun lopetuspäivä ajemmin kun 13.04.2020 
MUOKATAAN Työvuorot jolla toistuva_id=1850 --> toistuva_id=0 
Ketju 2279, POISTETAAN, koska ketjun lopetuspäivä ajemmin kun 13.04.2020 
MUOKATAAN Työvuorot jolla toistuva_id=2279 --> toistuva_id=0 
Ketju 2837, POISTETAAN, koska ketjun lopetuspäivä ajemmin kun 13.04.2020 
MUOKATAAN Työvuorot jolla toistuva_id=2837 --> toistuva_id=0 
Ketju 3016, POISTETAAN, koska ketjun lopetuspäivä ajemmin kun 13.04.2020 
MUOKATAAN Työvuorot jolla toistuva_id=3016 --> toistuva_id=0 
Ketju 2872, POISTETAAN, koska ketjun lopetuspäivä ajemmin kun 13.04.2020 
MUOKATAAN Työvuorot jolla toistuva_id=2872 --> toistuva_id=0 
Ketju 2676, POISTETAAN, koska ketjun lopetuspäivä ajemmin kun 13.04.2020 
MUOKATAAN Työvuorot jolla toistuva_id=2676 --> toistuva_id=0 
Ketju 2876, POISTETAAN, koska ketjun lopetuspäivä ajemmin kun 13.04.2020 
MUOKATAAN Työvuorot jolla toistuva_id=2876 --> toistuva_id=0 
Ketju 2781, POISTETAAN, koska ketjun lopetuspäivä ajemmin kun 13.04.2020 
MUOKATAAN Työvuorot jolla toistuva_id=2781 --> toistuva_id=0 
Ketju 1556, POISTETAAN, koska ketjun lopetuspäivä ajemmin kun 13.04.2020 
MUOKATAAN Työvuorot jolla toistuva_id=1556 --> toistuva_id=0 
Ketju 2838, POISTETAAN, koska ketjun lopetuspäivä ajemmin kun 13.04.2020 
MUOKATAAN Työvuorot jolla toistuva_id=2838 --> toistuva_id=0 
Ketju 2994, POISTETAAN, koska ketjun lopetuspäivä ajemmin kun 13.04.2020 
MUOKATAAN Työvuorot jolla toistuva_id=2994 --> toistuva_id=0 
Ketju 3056, POISTETAAN, koska ketjun lopetuspäivä ajemmin kun 13.04.2020 
MUOKATAAN Työvuorot jolla toistuva_id=3056 --> toistuva_id=0 
Ketju 2581, POISTETAAN, koska ketjun lopetuspäivä ajemmin kun 13.04.2020 
MUOKATAAN Työvuorot jolla toistuva_id=2581 --> toistuva_id=0 
Ketju 2888, POISTETAAN, koska ketjun lopetuspäivä ajemmin kun 13.04.2020 
MUOKATAAN Työvuorot jolla toistuva_id=2888 --> toistuva_id=0 
Ketju 3042, POISTETAAN, koska ketjun lopetuspäivä ajemmin kun 13.04.2020 
MUOKATAAN Työvuorot jolla toistuva_id=3042 --> toistuva_id=0 
Ketju 1214, POISTETAAN, koska ketjun lopetuspäivä ajemmin kun 13.04.2020 
MUOKATAAN Työvuorot jolla toistuva_id=1214 --> toistuva_id=0 
Ketju 3029, POISTETAAN, koska ketjun lopetuspäivä ajemmin kun 13.04.2020 
MUOKATAAN Työvuorot jolla toistuva_id=3029 --> toistuva_id=0 
Ketju 1864, POISTETAAN, koska ketjun lopetuspäivä ajemmin kun 13.04.2020 
MUOKATAAN Työvuorot jolla toistuva_id=1864 --> toistuva_id=0 
Ketju 1616, POISTETAAN, koska ketjun lopetuspäivä ajemmin kun 13.04.2020 
MUOKATAAN Työvuorot jolla toistuva_id=1616 --> toistuva_id=0 
Ketju 2456, POISTETAAN, koska ketjun lopetuspäivä ajemmin kun 13.04.2020 
MUOKATAAN Työvuorot jolla toistuva_id=2456 --> toistuva_id=0 
Ketju 2457, POISTETAAN, koska ketjun lopetuspäivä ajemmin kun 13.04.2020 
MUOKATAAN Työvuorot jolla toistuva_id=2457 --> toistuva_id=0 
Ketju 2458, POISTETAAN, koska ketjun lopetuspäivä ajemmin kun 13.04.2020 
MUOKATAAN Työvuorot jolla toistuva_id=2458 --> toistuva_id=0 
Ketju 2997, POISTETAAN, koska ketjun lopetuspäivä ajemmin kun 13.04.2020 
MUOKATAAN Työvuorot jolla toistuva_id=2997 --> toistuva_id=0 
Ketju 2998, POISTETAAN, koska ketjun lopetuspäivä ajemmin kun 13.04.2020 
MUOKATAAN Työvuorot jolla toistuva_id=2998 --> toistuva_id=0 
Ketju 2952, POISTETAAN, koska ketjun lopetuspäivä ajemmin kun 13.04.2020 
MUOKATAAN Työvuorot jolla toistuva_id=2952 --> toistuva_id=0 
Ketju 2600, POISTETAAN, koska ketjun lopetuspäivä ajemmin kun 13.04.2020 
MUOKATAAN Työvuorot jolla toistuva_id=2600 --> toistuva_id=0 
Ketju 2761, POISTETAAN, koska ketjun lopetuspäivä ajemmin kun 13.04.2020 
MUOKATAAN Työvuorot jolla toistuva_id=2761 --> toistuva_id=0 
Ketju 1186, POISTETAAN, koska ketjun lopetuspäivä ajemmin kun 13.04.2020 
MUOKATAAN Työvuorot jolla toistuva_id=1186 --> toistuva_id=0 
Ketju 2607, POISTETAAN, koska ketjun lopetuspäivä ajemmin kun 13.04.2020 
MUOKATAAN Työvuorot jolla toistuva_id=2607 --> toistuva_id=0 
Ketju 2270, POISTETAAN, koska ketjun lopetuspäivä ajemmin kun 13.04.2020 
MUOKATAAN Työvuorot jolla toistuva_id=2270 --> toistuva_id=0 
Ketju 2364, POISTETAAN, koska ketjun lopetuspäivä ajemmin kun 13.04.2020 
MUOKATAAN Työvuorot jolla toistuva_id=2364 --> toistuva_id=0 
Ketju 2980, POISTETAAN, koska ketjun lopetuspäivä ajemmin kun 13.04.2020 
MUOKATAAN Työvuorot jolla toistuva_id=2980 --> toistuva_id=0 
Ketju 2981, POISTETAAN, koska ketjun lopetuspäivä ajemmin kun 13.04.2020 
MUOKATAAN Työvuorot jolla toistuva_id=2981 --> toistuva_id=0 
Ketju 2820, POISTETAAN, koska ketjun lopetuspäivä ajemmin kun 13.04.2020 
MUOKATAAN Työvuorot jolla toistuva_id=2820 --> toistuva_id=0 
Ketju 2982, POISTETAAN, koska ketjun lopetuspäivä ajemmin kun 13.04.2020 
MUOKATAAN Työvuorot jolla toistuva_id=2982 --> toistuva_id=0 
Ketju 2864, POISTETAAN, koska ketjun lopetuspäivä ajemmin kun 13.04.2020 
MUOKATAAN Työvuorot jolla toistuva_id=2864 --> toistuva_id=0 
Ketju 2936, POISTETAAN, koska ketjun lopetuspäivä ajemmin kun 13.04.2020 
MUOKATAAN Työvuorot jolla toistuva_id=2936 --> toistuva_id=0 
Ketju 2918, POISTETAAN, koska ketjun lopetuspäivä ajemmin kun 13.04.2020 
MUOKATAAN Työvuorot jolla toistuva_id=2918 --> toistuva_id=0 
Ketju 2919, POISTETAAN, koska ketjun lopetuspäivä ajemmin kun 13.04.2020 
MUOKATAAN Työvuorot jolla toistuva_id=2919 --> toistuva_id=0 
Ketju 2873, POISTETAAN, koska ketjun lopetuspäivä ajemmin kun 13.04.2020 
MUOKATAAN Työvuorot jolla toistuva_id=2873 --> toistuva_id=0 
Ketju 2874, POISTETAAN, koska ketjun lopetuspäivä ajemmin kun 13.04.2020 
MUOKATAAN Työvuorot jolla toistuva_id=2874 --> toistuva_id=0 
Ketju 2875, POISTETAAN, koska ketjun lopetuspäivä ajemmin kun 13.04.2020 
MUOKATAAN Työvuorot jolla toistuva_id=2875 --> toistuva_id=0 
Ketju 2702, POISTETAAN, koska ketjun lopetuspäivä ajemmin kun 13.04.2020 
MUOKATAAN Työvuorot jolla toistuva_id=2702 --> toistuva_id=0 
Ketju 2881, POISTETAAN, koska ketjun lopetuspäivä ajemmin kun 13.04.2020 
MUOKATAAN Työvuorot jolla toistuva_id=2881 --> toistuva_id=0 
Ketju 2882, POISTETAAN, koska ketjun lopetuspäivä ajemmin kun 13.04.2020 
MUOKATAAN Työvuorot jolla toistuva_id=2882 --> toistuva_id=0 
Ketju 2883, POISTETAAN, koska ketjun lopetuspäivä ajemmin kun 13.04.2020 
MUOKATAAN Työvuorot jolla toistuva_id=2883 --> toistuva_id=0 
Ketju 2716, POISTETAAN, koska ketjun lopetuspäivä ajemmin kun 13.04.2020 
MUOKATAAN Työvuorot jolla toistuva_id=2716 --> toistuva_id=0 
Ketju 1993, POISTETAAN, koska ketjun lopetuspäivä ajemmin kun 13.04.2020 
MUOKATAAN Työvuorot jolla toistuva_id=1993 --> toistuva_id=0 
Ketju 1994, POISTETAAN, koska ketjun lopetuspäivä ajemmin kun 13.04.2020 
MUOKATAAN Työvuorot jolla toistuva_id=1994 --> toistuva_id=0 
Ketju 1992, POISTETAAN, koska ketjun lopetuspäivä ajemmin kun 13.04.2020 
MUOKATAAN Työvuorot jolla toistuva_id=1992 --> toistuva_id=0 
Ketju 2149, POISTETAAN, koska ketjun lopetuspäivä ajemmin kun 13.04.2020 
MUOKATAAN Työvuorot jolla toistuva_id=2149 --> toistuva_id=0 
Ketju 1177, POISTETAAN, koska ketjun lopetuspäivä ajemmin kun 13.04.2020 
MUOKATAAN Työvuorot jolla toistuva_id=1177 --> toistuva_id=0 
Ketju 2388, POISTETAAN, koska ketjun lopetuspäivä ajemmin kun 13.04.2020 
MUOKATAAN Työvuorot jolla toistuva_id=2388 --> toistuva_id=0 
Ketju 1738, POISTETAAN, koska ketjun lopetuspäivä ajemmin kun 13.04.2020 
MUOKATAAN Työvuorot jolla toistuva_id=1738 --> toistuva_id=0 
Ketju 2832, POISTETAAN, koska ketjun lopetuspäivä ajemmin kun 13.04.2020 
MUOKATAAN Työvuorot jolla toistuva_id=2832 --> toistuva_id=0 
Ketju 1176, POISTETAAN, koska ketjun lopetuspäivä ajemmin kun 13.04.2020 
MUOKATAAN Työvuorot jolla toistuva_id=1176 --> toistuva_id=0 
Ketju 2159, POISTETAAN, koska ketjun lopetuspäivä ajemmin kun 13.04.2020 
MUOKATAAN Työvuorot jolla toistuva_id=2159 --> toistuva_id=0 
Ketju 2828, POISTETAAN, koska ketjun lopetuspäivä ajemmin kun 13.04.2020 
MUOKATAAN Työvuorot jolla toistuva_id=2828 --> toistuva_id=0 
Ketju 2836, POISTETAAN, koska ketjun lopetuspäivä ajemmin kun 13.04.2020 
MUOKATAAN Työvuorot jolla toistuva_id=2836 --> toistuva_id=0 
Ketju 1661, POISTETAAN, koska ketjun lopetuspäivä ajemmin kun 13.04.2020 
MUOKATAAN Työvuorot jolla toistuva_id=1661 --> toistuva_id=0 
Ketju 2497, POISTETAAN, koska ketjun lopetuspäivä ajemmin kun 13.04.2020 
MUOKATAAN Työvuorot jolla toistuva_id=2497 --> toistuva_id=0 
Ketju 2498, POISTETAAN, koska ketjun lopetuspäivä ajemmin kun 13.04.2020 
MUOKATAAN Työvuorot jolla toistuva_id=2498 --> toistuva_id=0 
Ketju 1421, POISTETAAN, koska ketjun lopetuspäivä ajemmin kun 13.04.2020 
MUOKATAAN Työvuorot jolla toistuva_id=1421 --> toistuva_id=0 
Ketju 1740, POISTETAAN, koska ketjun lopetuspäivä ajemmin kun 13.04.2020 
MUOKATAAN Työvuorot jolla toistuva_id=1740 --> toistuva_id=0 
Ketju 1226, POISTETAAN, koska ketjun lopetuspäivä ajemmin kun 13.04.2020 
MUOKATAAN Työvuorot jolla toistuva_id=1226 --> toistuva_id=0 
Ketju 2344, POISTETAAN, koska ketjun lopetuspäivä ajemmin kun 13.04.2020 
MUOKATAAN Työvuorot jolla toistuva_id=2344 --> toistuva_id=0 
Ketju 2704, POISTETAAN, koska ketjun lopetuspäivä ajemmin kun 13.04.2020 
MUOKATAAN Työvuorot jolla toistuva_id=2704 --> toistuva_id=0 
Ketju 1811, POISTETAAN, koska ketjun lopetuspäivä ajemmin kun 13.04.2020 
MUOKATAAN Työvuorot jolla toistuva_id=1811 --> toistuva_id=0 
Ketju 2621, POISTETAAN, koska ketjun lopetuspäivä ajemmin kun 13.04.2020 
MUOKATAAN Työvuorot jolla toistuva_id=2621 --> toistuva_id=0 
Ketju 2061, POISTETAAN, koska ketjun lopetuspäivä ajemmin kun 13.04.2020 
MUOKATAAN Työvuorot jolla toistuva_id=2061 --> toistuva_id=0 
Ketju 2495, POISTETAAN, koska ketjun lopetuspäivä ajemmin kun 13.04.2020 
MUOKATAAN Työvuorot jolla toistuva_id=2495 --> toistuva_id=0 
Ketju 2612, POISTETAAN, koska ketjun lopetuspäivä ajemmin kun 13.04.2020 
MUOKATAAN Työvuorot jolla toistuva_id=2612 --> toistuva_id=0 
Ketju 1972, POISTETAAN, koska ketjun lopetuspäivä ajemmin kun 13.04.2020 
MUOKATAAN Työvuorot jolla toistuva_id=1972 --> toistuva_id=0 
Ketju 2459, POISTETAAN, koska ketjun lopetuspäivä ajemmin kun 13.04.2020 
MUOKATAAN Työvuorot jolla toistuva_id=2459 --> toistuva_id=0 
Ketju 2604, POISTETAAN, koska ketjun lopetuspäivä ajemmin kun 13.04.2020 
MUOKATAAN Työvuorot jolla toistuva_id=2604 --> toistuva_id=0 
Ketju 2605, POISTETAAN, koska ketjun lopetuspäivä ajemmin kun 13.04.2020 
MUOKATAAN Työvuorot jolla toistuva_id=2605 --> toistuva_id=0 
Ketju 2027, POISTETAAN, koska ketjun lopetuspäivä ajemmin kun 13.04.2020 
MUOKATAAN Työvuorot jolla toistuva_id=2027 --> toistuva_id=0 
Ketju 1008, POISTETAAN, koska ketjun lopetuspäivä ajemmin kun 13.04.2020 
MUOKATAAN Työvuorot jolla toistuva_id=1008 --> toistuva_id=0 
Ketju 1985, POISTETAAN, koska ketjun lopetuspäivä ajemmin kun 13.04.2020 
MUOKATAAN Työvuorot jolla toistuva_id=1985 --> toistuva_id=0 
Ketju 961, POISTETAAN, koska ketjun lopetuspäivä ajemmin kun 13.04.2020 
MUOKATAAN Työvuorot jolla toistuva_id=961 --> toistuva_id=0 
Ketju 1178, POISTETAAN, koska ketjun lopetuspäivä ajemmin kun 13.04.2020 
MUOKATAAN Työvuorot jolla toistuva_id=1178 --> toistuva_id=0 
Ketju 1942, POISTETAAN, koska ketjun lopetuspäivä ajemmin kun 13.04.2020 
MUOKATAAN Työvuorot jolla toistuva_id=1942 --> toistuva_id=0 
Ketju 1676, POISTETAAN, koska ketjun lopetuspäivä ajemmin kun 13.04.2020 
MUOKATAAN Työvuorot jolla toistuva_id=1676 --> toistuva_id=0 
Ketju 1746, POISTETAAN, koska ketjun lopetuspäivä ajemmin kun 13.04.2020 
MUOKATAAN Työvuorot jolla toistuva_id=1746 --> toistuva_id=0 
Ketju 2613, POISTETAAN, koska ketjun lopetuspäivä ajemmin kun 13.04.2020 
MUOKATAAN Työvuorot jolla toistuva_id=2613 --> toistuva_id=0 
Ketju 2614, POISTETAAN, koska ketjun lopetuspäivä ajemmin kun 13.04.2020 
MUOKATAAN Työvuorot jolla toistuva_id=2614 --> toistuva_id=0 
Ketju 2615, POISTETAAN, koska ketjun lopetuspäivä ajemmin kun 13.04.2020 
MUOKATAAN Työvuorot jolla toistuva_id=2615 --> toistuva_id=0 
Ketju 2248, POISTETAAN, koska ketjun lopetuspäivä ajemmin kun 13.04.2020 
MUOKATAAN Työvuorot jolla toistuva_id=2248 --> toistuva_id=0 
Ketju 1721, POISTETAAN, koska ketjun lopetuspäivä ajemmin kun 13.04.2020 
MUOKATAAN Työvuorot jolla toistuva_id=1721 --> toistuva_id=0 
Ketju 1808, POISTETAAN, koska ketjun lopetuspäivä ajemmin kun 13.04.2020 
MUOKATAAN Työvuorot jolla toistuva_id=1808 --> toistuva_id=0 
Ketju 2594, POISTETAAN, koska ketjun lopetuspäivä ajemmin kun 13.04.2020 
MUOKATAAN Työvuorot jolla toistuva_id=2594 --> toistuva_id=0 
Ketju 1074, POISTETAAN, koska ketjun lopetuspäivä ajemmin kun 13.04.2020 
MUOKATAAN Työvuorot jolla toistuva_id=1074 --> toistuva_id=0 
Ketju 2592, POISTETAAN, koska ketjun lopetuspäivä ajemmin kun 13.04.2020 
MUOKATAAN Työvuorot jolla toistuva_id=2592 --> toistuva_id=0 
Ketju 1915, POISTETAAN, koska ketjun lopetuspäivä ajemmin kun 13.04.2020 
MUOKATAAN Työvuorot jolla toistuva_id=1915 --> toistuva_id=0 
Ketju 1327, POISTETAAN, koska ketjun lopetuspäivä ajemmin kun 13.04.2020 
MUOKATAAN Työvuorot jolla toistuva_id=1327 --> toistuva_id=0 
Ketju 1250, POISTETAAN, koska ketjun lopetuspäivä ajemmin kun 13.04.2020 
MUOKATAAN Työvuorot jolla toistuva_id=1250 --> toistuva_id=0 
Ketju 1908, POISTETAAN, koska ketjun lopetuspäivä ajemmin kun 13.04.2020 
MUOKATAAN Työvuorot jolla toistuva_id=1908 --> toistuva_id=0 
Ketju 1326, POISTETAAN, koska ketjun lopetuspäivä ajemmin kun 13.04.2020 
MUOKATAAN Työvuorot jolla toistuva_id=1326 --> toistuva_id=0 
Ketju 1907, POISTETAAN, koska ketjun lopetuspäivä ajemmin kun 13.04.2020 
MUOKATAAN Työvuorot jolla toistuva_id=1907 --> toistuva_id=0 
Ketju 2247, POISTETAAN, koska ketjun lopetuspäivä ajemmin kun 13.04.2020 
MUOKATAAN Työvuorot jolla toistuva_id=2247 --> toistuva_id=0 
Ketju 1612, POISTETAAN, koska ketjun lopetuspäivä ajemmin kun 13.04.2020 
MUOKATAAN Työvuorot jolla toistuva_id=1612 --> toistuva_id=0 
Ketju 1163, POISTETAAN, koska ketjun lopetuspäivä ajemmin kun 13.04.2020 
MUOKATAAN Työvuorot jolla toistuva_id=1163 --> toistuva_id=0 
Ketju 2506, POISTETAAN, koska ketjun lopetuspäivä ajemmin kun 13.04.2020 
MUOKATAAN Työvuorot jolla toistuva_id=2506 --> toistuva_id=0 
Ketju 2507, POISTETAAN, koska ketjun lopetuspäivä ajemmin kun 13.04.2020 
MUOKATAAN Työvuorot jolla toistuva_id=2507 --> toistuva_id=0 
Ketju 2181, POISTETAAN, koska ketjun lopetuspäivä ajemmin kun 13.04.2020 
MUOKATAAN Työvuorot jolla toistuva_id=2181 --> toistuva_id=0 
Ketju 1615, POISTETAAN, koska ketjun lopetuspäivä ajemmin kun 13.04.2020 
MUOKATAAN Työvuorot jolla toistuva_id=1615 --> toistuva_id=0 
Ketju 2145, POISTETAAN, koska ketjun lopetuspäivä ajemmin kun 13.04.2020 
MUOKATAAN Työvuorot jolla toistuva_id=2145 --> toistuva_id=0 
Ketju 1085, POISTETAAN, koska ketjun lopetuspäivä ajemmin kun 13.04.2020 
MUOKATAAN Työvuorot jolla toistuva_id=1085 --> toistuva_id=0 
Ketju 1611, POISTETAAN, koska ketjun lopetuspäivä ajemmin kun 13.04.2020 
MUOKATAAN Työvuorot jolla toistuva_id=1611 --> toistuva_id=0 
Ketju 2222, POISTETAAN, koska ketjun lopetuspäivä ajemmin kun 13.04.2020 
MUOKATAAN Työvuorot jolla toistuva_id=2222 --> toistuva_id=0 
Ketju 1158, POISTETAAN, koska ketjun lopetuspäivä ajemmin kun 13.04.2020 
MUOKATAAN Työvuorot jolla toistuva_id=1158 --> toistuva_id=0 
Ketju 2239, POISTETAAN, koska ketjun lopetuspäivä ajemmin kun 13.04.2020 
MUOKATAAN Työvuorot jolla toistuva_id=2239 --> toistuva_id=0 
Ketju 1160, POISTETAAN, koska ketjun lopetuspäivä ajemmin kun 13.04.2020 
MUOKATAAN Työvuorot jolla toistuva_id=1160 --> toistuva_id=0 
Ketju 1975, POISTETAAN, koska ketjun lopetuspäivä ajemmin kun 13.04.2020 
MUOKATAAN Työvuorot jolla toistuva_id=1975 --> toistuva_id=0 
Ketju 953, POISTETAAN, koska ketjun lopetuspäivä ajemmin kun 13.04.2020 
MUOKATAAN Työvuorot jolla toistuva_id=953 --> toistuva_id=0 
Ketju 954, POISTETAAN, koska ketjun lopetuspäivä ajemmin kun 13.04.2020 
MUOKATAAN Työvuorot jolla toistuva_id=954 --> toistuva_id=0 
Ketju 1316, POISTETAAN, koska ketjun lopetuspäivä ajemmin kun 13.04.2020 
MUOKATAAN Työvuorot jolla toistuva_id=1316 --> toistuva_id=0 
Ketju 1674, POISTETAAN, koska ketjun lopetuspäivä ajemmin kun 13.04.2020 
MUOKATAAN Työvuorot jolla toistuva_id=1674 --> toistuva_id=0 
Ketju 2461, POISTETAAN, koska ketjun lopetuspäivä ajemmin kun 13.04.2020 
MUOKATAAN Työvuorot jolla toistuva_id=2461 --> toistuva_id=0 
Ketju 2460, POISTETAAN, koska ketjun lopetuspäivä ajemmin kun 13.04.2020 
MUOKATAAN Työvuorot jolla toistuva_id=2460 --> toistuva_id=0 
Ketju 2153, POISTETAAN, koska ketjun lopetuspäivä ajemmin kun 13.04.2020 
MUOKATAAN Työvuorot jolla toistuva_id=2153 --> toistuva_id=0 
Ketju 2416, POISTETAAN, koska ketjun lopetuspäivä ajemmin kun 13.04.2020 
MUOKATAAN Työvuorot jolla toistuva_id=2416 --> toistuva_id=0 
Ketju 1622, POISTETAAN, koska ketjun lopetuspäivä ajemmin kun 13.04.2020 
MUOKATAAN Työvuorot jolla toistuva_id=1622 --> toistuva_id=0 
Ketju 2195, POISTETAAN, koska ketjun lopetuspäivä ajemmin kun 13.04.2020 
MUOKATAAN Työvuorot jolla toistuva_id=2195 --> toistuva_id=0 
Ketju 2379, POISTETAAN, koska ketjun lopetuspäivä ajemmin kun 13.04.2020 
MUOKATAAN Työvuorot jolla toistuva_id=2379 --> toistuva_id=0 
Ketju 2296, POISTETAAN, koska ketjun lopetuspäivä ajemmin kun 13.04.2020 
MUOKATAAN Työvuorot jolla toistuva_id=2296 --> toistuva_id=0 
Ketju 2252, POISTETAAN, koska ketjun lopetuspäivä ajemmin kun 13.04.2020 
MUOKATAAN Työvuorot jolla toistuva_id=2252 --> toistuva_id=0 
Ketju 1627, POISTETAAN, koska ketjun lopetuspäivä ajemmin kun 13.04.2020 
MUOKATAAN Työvuorot jolla toistuva_id=1627 --> toistuva_id=0 
Ketju 1095, POISTETAAN, koska ketjun lopetuspäivä ajemmin kun 13.04.2020 
MUOKATAAN Työvuorot jolla toistuva_id=1095 --> toistuva_id=0 
Ketju 1096, POISTETAAN, koska ketjun lopetuspäivä ajemmin kun 13.04.2020 
MUOKATAAN Työvuorot jolla toistuva_id=1096 --> toistuva_id=0 
Ketju 1515, POISTETAAN, koska ketjun lopetuspäivä ajemmin kun 13.04.2020 
MUOKATAAN Työvuorot jolla toistuva_id=1515 --> toistuva_id=0 
Ketju 2075, POISTETAAN, koska ketjun lopetuspäivä ajemmin kun 13.04.2020 
MUOKATAAN Työvuorot jolla toistuva_id=2075 --> toistuva_id=0 
Ketju 1621, POISTETAAN, koska ketjun lopetuspäivä ajemmin kun 13.04.2020 
MUOKATAAN Työvuorot jolla toistuva_id=1621 --> toistuva_id=0 
Ketju 2120, POISTETAAN, koska ketjun lopetuspäivä ajemmin kun 13.04.2020 
MUOKATAAN Työvuorot jolla toistuva_id=2120 --> toistuva_id=0 
Ketju 948, POISTETAAN, koska ketjun lopetuspäivä ajemmin kun 13.04.2020 
MUOKATAAN Työvuorot jolla toistuva_id=948 --> toistuva_id=0 
Ketju 1970, POISTETAAN, koska ketjun lopetuspäivä ajemmin kun 13.04.2020 
MUOKATAAN Työvuorot jolla toistuva_id=1970 --> toistuva_id=0 
Ketju 1109, POISTETAAN, koska ketjun lopetuspäivä ajemmin kun 13.04.2020 
MUOKATAAN Työvuorot jolla toistuva_id=1109 --> toistuva_id=0 
Ketju 1971, POISTETAAN, koska ketjun lopetuspäivä ajemmin kun 13.04.2020 
MUOKATAAN Työvuorot jolla toistuva_id=1971 --> toistuva_id=0 
Ketju 2172, POISTETAAN, koska ketjun lopetuspäivä ajemmin kun 13.04.2020 
MUOKATAAN Työvuorot jolla toistuva_id=2172 --> toistuva_id=0 
Ketju 930, POISTETAAN, koska ketjun lopetuspäivä ajemmin kun 13.04.2020 
MUOKATAAN Työvuorot jolla toistuva_id=930 --> toistuva_id=0 
Ketju 2134, POISTETAAN, koska ketjun lopetuspäivä ajemmin kun 13.04.2020 
MUOKATAAN Työvuorot jolla toistuva_id=2134 --> toistuva_id=0 
Ketju 1708, POISTETAAN, koska ketjun lopetuspäivä ajemmin kun 13.04.2020 
MUOKATAAN Työvuorot jolla toistuva_id=1708 --> toistuva_id=0 
Ketju 2087, POISTETAAN, koska ketjun lopetuspäivä ajemmin kun 13.04.2020 
MUOKATAAN Työvuorot jolla toistuva_id=2087 --> toistuva_id=0 
Ketju 1118, POISTETAAN, koska ketjun lopetuspäivä ajemmin kun 13.04.2020 
MUOKATAAN Työvuorot jolla toistuva_id=1118 --> toistuva_id=0 
Ketju 1831, POISTETAAN, koska ketjun lopetuspäivä ajemmin kun 13.04.2020 
MUOKATAAN Työvuorot jolla toistuva_id=1831 --> toistuva_id=0 
Ketju 1768, POISTETAAN, koska ketjun lopetuspäivä ajemmin kun 13.04.2020 
MUOKATAAN Työvuorot jolla toistuva_id=1768 --> toistuva_id=0 
Ketju 2140, POISTETAAN, koska ketjun lopetuspäivä ajemmin kun 13.04.2020 
MUOKATAAN Työvuorot jolla toistuva_id=2140 --> toistuva_id=0 
Ketju 2130, POISTETAAN, koska ketjun lopetuspäivä ajemmin kun 13.04.2020 
MUOKATAAN Työvuorot jolla toistuva_id=2130 --> toistuva_id=0 
Ketju 2002, POISTETAAN, koska ketjun lopetuspäivä ajemmin kun 13.04.2020 
MUOKATAAN Työvuorot jolla toistuva_id=2002 --> toistuva_id=0 
Ketju 2006, POISTETAAN, koska ketjun lopetuspäivä ajemmin kun 13.04.2020 
MUOKATAAN Työvuorot jolla toistuva_id=2006 --> toistuva_id=0 
Ketju 2098, POISTETAAN, koska ketjun lopetuspäivä ajemmin kun 13.04.2020 
MUOKATAAN Työvuorot jolla toistuva_id=2098 --> toistuva_id=0 
Ketju 2129, POISTETAAN, koska ketjun lopetuspäivä ajemmin kun 13.04.2020 
MUOKATAAN Työvuorot jolla toistuva_id=2129 --> toistuva_id=0 
Ketju 2003, POISTETAAN, koska ketjun lopetuspäivä ajemmin kun 13.04.2020 
MUOKATAAN Työvuorot jolla toistuva_id=2003 --> toistuva_id=0 
Ketju 1997, POISTETAAN, koska ketjun lopetuspäivä ajemmin kun 13.04.2020 
MUOKATAAN Työvuorot jolla toistuva_id=1997 --> toistuva_id=0 
Ketju 1998, POISTETAAN, koska ketjun lopetuspäivä ajemmin kun 13.04.2020 
MUOKATAAN Työvuorot jolla toistuva_id=1998 --> toistuva_id=0 
Ketju 1603, POISTETAAN, koska ketjun lopetuspäivä ajemmin kun 13.04.2020 
MUOKATAAN Työvuorot jolla toistuva_id=1603 --> toistuva_id=0 
Ketju 1979, POISTETAAN, koska ketjun lopetuspäivä ajemmin kun 13.04.2020 
MUOKATAAN Työvuorot jolla toistuva_id=1979 --> toistuva_id=0 
Ketju 1483, POISTETAAN, koska ketjun lopetuspäivä ajemmin kun 13.04.2020 
MUOKATAAN Työvuorot jolla toistuva_id=1483 --> toistuva_id=0 
Ketju 1731, POISTETAAN, koska ketjun lopetuspäivä ajemmin kun 13.04.2020 
MUOKATAAN Työvuorot jolla toistuva_id=1731 --> toistuva_id=0 
Ketju 2012, POISTETAAN, koska ketjun lopetuspäivä ajemmin kun 13.04.2020 
MUOKATAAN Työvuorot jolla toistuva_id=2012 --> toistuva_id=0 
Ketju 2001, POISTETAAN, koska ketjun lopetuspäivä ajemmin kun 13.04.2020 
MUOKATAAN Työvuorot jolla toistuva_id=2001 --> toistuva_id=0 
Ketju 1996, POISTETAAN, koska ketjun lopetuspäivä ajemmin kun 13.04.2020 
MUOKATAAN Työvuorot jolla toistuva_id=1996 --> toistuva_id=0 
Ketju 2011, POISTETAAN, koska ketjun lopetuspäivä ajemmin kun 13.04.2020 
MUOKATAAN Työvuorot jolla toistuva_id=2011 --> toistuva_id=0 
Ketju 2000, POISTETAAN, koska ketjun lopetuspäivä ajemmin kun 13.04.2020 
MUOKATAAN Työvuorot jolla toistuva_id=2000 --> toistuva_id=0 
Ketju 1503, POISTETAAN, koska ketjun lopetuspäivä ajemmin kun 13.04.2020 
MUOKATAAN Työvuorot jolla toistuva_id=1503 --> toistuva_id=0 
Ketju 1108, POISTETAAN, koska ketjun lopetuspäivä ajemmin kun 13.04.2020 
MUOKATAAN Työvuorot jolla toistuva_id=1108 --> toistuva_id=0 
Ketju 1984, POISTETAAN, koska ketjun lopetuspäivä ajemmin kun 13.04.2020 
MUOKATAAN Työvuorot jolla toistuva_id=1984 --> toistuva_id=0 
Ketju 1999, POISTETAAN, koska ketjun lopetuspäivä ajemmin kun 13.04.2020 
MUOKATAAN Työvuorot jolla toistuva_id=1999 --> toistuva_id=0 
Ketju 1894, POISTETAAN, koska ketjun lopetuspäivä ajemmin kun 13.04.2020 
MUOKATAAN Työvuorot jolla toistuva_id=1894 --> toistuva_id=0 
Ketju 1534, POISTETAAN, koska ketjun lopetuspäivä ajemmin kun 13.04.2020 
MUOKATAAN Työvuorot jolla toistuva_id=1534 --> toistuva_id=0 
Ketju 1892, POISTETAAN, koska ketjun lopetuspäivä ajemmin kun 13.04.2020 
MUOKATAAN Työvuorot jolla toistuva_id=1892 --> toistuva_id=0 
Ketju 1912, POISTETAAN, koska ketjun lopetuspäivä ajemmin kun 13.04.2020 
MUOKATAAN Työvuorot jolla toistuva_id=1912 --> toistuva_id=0 
Ketju 1913, POISTETAAN, koska ketjun lopetuspäivä ajemmin kun 13.04.2020 
MUOKATAAN Työvuorot jolla toistuva_id=1913 --> toistuva_id=0 
Ketju 1705, POISTETAAN, koska ketjun lopetuspäivä ajemmin kun 13.04.2020 
MUOKATAAN Työvuorot jolla toistuva_id=1705 --> toistuva_id=0 
Ketju 1911, POISTETAAN, koska ketjun lopetuspäivä ajemmin kun 13.04.2020 
MUOKATAAN Työvuorot jolla toistuva_id=1911 --> toistuva_id=0 
Ketju 1981, POISTETAAN, koska ketjun lopetuspäivä ajemmin kun 13.04.2020 
MUOKATAAN Työvuorot jolla toistuva_id=1981 --> toistuva_id=0 
Ketju 918, POISTETAAN, koska ketjun lopetuspäivä ajemmin kun 13.04.2020 
MUOKATAAN Työvuorot jolla toistuva_id=918 --> toistuva_id=0 
Ketju 1932, POISTETAAN, koska ketjun lopetuspäivä ajemmin kun 13.04.2020 
MUOKATAAN Työvuorot jolla toistuva_id=1932 --> toistuva_id=0 
Ketju 1620, POISTETAAN, koska ketjun lopetuspäivä ajemmin kun 13.04.2020 
MUOKATAAN Työvuorot jolla toistuva_id=1620 --> toistuva_id=0 
Ketju 1925, POISTETAAN, koska ketjun lopetuspäivä ajemmin kun 13.04.2020 
MUOKATAAN Työvuorot jolla toistuva_id=1925 --> toistuva_id=0 
Ketju 2019, POISTETAAN, koska ketjun lopetuspäivä ajemmin kun 13.04.2020 
MUOKATAAN Työvuorot jolla toistuva_id=2019 --> toistuva_id=0 
Ketju 2020, POISTETAAN, koska ketjun lopetuspäivä ajemmin kun 13.04.2020 
MUOKATAAN Työvuorot jolla toistuva_id=2020 --> toistuva_id=0 
Ketju 1799, POISTETAAN, koska ketjun lopetuspäivä ajemmin kun 13.04.2020 
MUOKATAAN Työvuorot jolla toistuva_id=1799 --> toistuva_id=0 
Ketju 2021, POISTETAAN, koska ketjun lopetuspäivä ajemmin kun 13.04.2020 
MUOKATAAN Työvuorot jolla toistuva_id=2021 --> toistuva_id=0 
Ketju 1990, POISTETAAN, koska ketjun lopetuspäivä ajemmin kun 13.04.2020 
MUOKATAAN Työvuorot jolla toistuva_id=1990 --> toistuva_id=0 
Ketju 1879, POISTETAAN, koska ketjun lopetuspäivä ajemmin kun 13.04.2020 
MUOKATAAN Työvuorot jolla toistuva_id=1879 --> toistuva_id=0 
Ketju 1878, POISTETAAN, koska ketjun lopetuspäivä ajemmin kun 13.04.2020 
MUOKATAAN Työvuorot jolla toistuva_id=1878 --> toistuva_id=0 
Ketju 1817, POISTETAAN, koska ketjun lopetuspäivä ajemmin kun 13.04.2020 
MUOKATAAN Työvuorot jolla toistuva_id=1817 --> toistuva_id=0 
Ketju 1763, POISTETAAN, koska ketjun lopetuspäivä ajemmin kun 13.04.2020 
MUOKATAAN Työvuorot jolla toistuva_id=1763 --> toistuva_id=0 
Ketju 1830, POISTETAAN, koska ketjun lopetuspäivä ajemmin kun 13.04.2020 
MUOKATAAN Työvuorot jolla toistuva_id=1830 --> toistuva_id=0 
Ketju 1947, POISTETAAN, koska ketjun lopetuspäivä ajemmin kun 13.04.2020 
MUOKATAAN Työvuorot jolla toistuva_id=1947 --> toistuva_id=0 
Ketju 1792, POISTETAAN, koska ketjun lopetuspäivä ajemmin kun 13.04.2020 
MUOKATAAN Työvuorot jolla toistuva_id=1792 --> toistuva_id=0 
Ketju 1829, POISTETAAN, koska ketjun lopetuspäivä ajemmin kun 13.04.2020 
MUOKATAAN Työvuorot jolla toistuva_id=1829 --> toistuva_id=0 
Ketju 1945, POISTETAAN, koska ketjun lopetuspäivä ajemmin kun 13.04.2020 
MUOKATAAN Työvuorot jolla toistuva_id=1945 --> toistuva_id=0 
Ketju 1946, POISTETAAN, koska ketjun lopetuspäivä ajemmin kun 13.04.2020 
MUOKATAAN Työvuorot jolla toistuva_id=1946 --> toistuva_id=0 
Ketju 1601, POISTETAAN, koska ketjun lopetuspäivä ajemmin kun 13.04.2020 
MUOKATAAN Työvuorot jolla toistuva_id=1601 --> toistuva_id=0 
Ketju 1780, POISTETAAN, koska ketjun lopetuspäivä ajemmin kun 13.04.2020 
MUOKATAAN Työvuorot jolla toistuva_id=1780 --> toistuva_id=0 
Ketju 1602, POISTETAAN, koska ketjun lopetuspäivä ajemmin kun 13.04.2020 
MUOKATAAN Työvuorot jolla toistuva_id=1602 --> toistuva_id=0 
Ketju 1836, POISTETAAN, koska ketjun lopetuspäivä ajemmin kun 13.04.2020 
MUOKATAAN Työvuorot jolla toistuva_id=1836 --> toistuva_id=0 
Ketju 1881, POISTETAAN, koska ketjun lopetuspäivä ajemmin kun 13.04.2020 
MUOKATAAN Työvuorot jolla toistuva_id=1881 --> toistuva_id=0 
Ketju 1827, POISTETAAN, koska ketjun lopetuspäivä ajemmin kun 13.04.2020 
MUOKATAAN Työvuorot jolla toistuva_id=1827 --> toistuva_id=0 
Ketju 1882, POISTETAAN, koska ketjun lopetuspäivä ajemmin kun 13.04.2020 
MUOKATAAN Työvuorot jolla toistuva_id=1882 --> toistuva_id=0 
Ketju 1637, POISTETAAN, koska ketjun lopetuspäivä ajemmin kun 13.04.2020 
MUOKATAAN Työvuorot jolla toistuva_id=1637 --> toistuva_id=0 
Ketju 1600, POISTETAAN, koska ketjun lopetuspäivä ajemmin kun 13.04.2020 
MUOKATAAN Työvuorot jolla toistuva_id=1600 --> toistuva_id=0 
Ketju 1766, POISTETAAN, koska ketjun lopetuspäivä ajemmin kun 13.04.2020 
MUOKATAAN Työvuorot jolla toistuva_id=1766 --> toistuva_id=0 
Ketju 1826, POISTETAAN, koska ketjun lopetuspäivä ajemmin kun 13.04.2020 
MUOKATAAN Työvuorot jolla toistuva_id=1826 --> toistuva_id=0 
Ketju 1909, POISTETAAN, koska ketjun lopetuspäivä ajemmin kun 13.04.2020 
MUOKATAAN Työvuorot jolla toistuva_id=1909 --> toistuva_id=0 
Ketju 1548, POISTETAAN, koska ketjun lopetuspäivä ajemmin kun 13.04.2020 
MUOKATAAN Työvuorot jolla toistuva_id=1548 --> toistuva_id=0 
Ketju 1910, POISTETAAN, koska ketjun lopetuspäivä ajemmin kun 13.04.2020 
MUOKATAAN Työvuorot jolla toistuva_id=1910 --> toistuva_id=0 
Ketju 1765, POISTETAAN, koska ketjun lopetuspäivä ajemmin kun 13.04.2020 
MUOKATAAN Työvuorot jolla toistuva_id=1765 --> toistuva_id=0 
Ketju 1699, POISTETAAN, koska ketjun lopetuspäivä ajemmin kun 13.04.2020 
MUOKATAAN Työvuorot jolla toistuva_id=1699 --> toistuva_id=0 
Ketju 1696, POISTETAAN, koska ketjun lopetuspäivä ajemmin kun 13.04.2020 
MUOKATAAN Työvuorot jolla toistuva_id=1696 --> toistuva_id=0 
Ketju 1697, POISTETAAN, koska ketjun lopetuspäivä ajemmin kun 13.04.2020 
MUOKATAAN Työvuorot jolla toistuva_id=1697 --> toistuva_id=0 
Ketju 1605, POISTETAAN, koska ketjun lopetuspäivä ajemmin kun 13.04.2020 
MUOKATAAN Työvuorot jolla toistuva_id=1605 --> toistuva_id=0 
Ketju 1890, POISTETAAN, koska ketjun lopetuspäivä ajemmin kun 13.04.2020 
MUOKATAAN Työvuorot jolla toistuva_id=1890 --> toistuva_id=0 
Ketju 1891, POISTETAAN, koska ketjun lopetuspäivä ajemmin kun 13.04.2020 
MUOKATAAN Työvuorot jolla toistuva_id=1891 --> toistuva_id=0 
Ketju 1736, POISTETAAN, koska ketjun lopetuspäivä ajemmin kun 13.04.2020 
MUOKATAAN Työvuorot jolla toistuva_id=1736 --> toistuva_id=0 
Ketju 1786, POISTETAAN, koska ketjun lopetuspäivä ajemmin kun 13.04.2020 
MUOKATAAN Työvuorot jolla toistuva_id=1786 --> toistuva_id=0 
Ketju 1533, POISTETAAN, koska ketjun lopetuspäivä ajemmin kun 13.04.2020 
MUOKATAAN Työvuorot jolla toistuva_id=1533 --> toistuva_id=0 
Ketju 1787, POISTETAAN, koska ketjun lopetuspäivä ajemmin kun 13.04.2020 
MUOKATAAN Työvuorot jolla toistuva_id=1787 --> toistuva_id=0 
Ketju 1776, POISTETAAN, koska ketjun lopetuspäivä ajemmin kun 13.04.2020 
MUOKATAAN Työvuorot jolla toistuva_id=1776 --> toistuva_id=0 
Ketju 1777, POISTETAAN, koska ketjun lopetuspäivä ajemmin kun 13.04.2020 
MUOKATAAN Työvuorot jolla toistuva_id=1777 --> toistuva_id=0 
Ketju 1778, POISTETAAN, koska ketjun lopetuspäivä ajemmin kun 13.04.2020 
MUOKATAAN Työvuorot jolla toistuva_id=1778 --> toistuva_id=0 
Ketju 1865, POISTETAAN, koska ketjun lopetuspäivä ajemmin kun 13.04.2020 
MUOKATAAN Työvuorot jolla toistuva_id=1865 --> toistuva_id=0 
Ketju 1779, POISTETAAN, koska ketjun lopetuspäivä ajemmin kun 13.04.2020 
MUOKATAAN Työvuorot jolla toistuva_id=1779 --> toistuva_id=0 
Ketju 1669, POISTETAAN, koska ketjun lopetuspäivä ajemmin kun 13.04.2020 
MUOKATAAN Työvuorot jolla toistuva_id=1669 --> toistuva_id=0 
Ketju 1867, POISTETAAN, koska ketjun lopetuspäivä ajemmin kun 13.04.2020 
MUOKATAAN Työvuorot jolla toistuva_id=1867 --> toistuva_id=0 
Ketju 1956, POISTETAAN, koska ketjun lopetuspäivä ajemmin kun 13.04.2020 
MUOKATAAN Työvuorot jolla toistuva_id=1956 --> toistuva_id=0 
Ketju 1957, POISTETAAN, koska ketjun lopetuspäivä ajemmin kun 13.04.2020 
MUOKATAAN Työvuorot jolla toistuva_id=1957 --> toistuva_id=0 
Ketju 1617, POISTETAAN, koska ketjun lopetuspäivä ajemmin kun 13.04.2020 
MUOKATAAN Työvuorot jolla toistuva_id=1617 --> toistuva_id=0 
Ketju 1692, POISTETAAN, koska ketjun lopetuspäivä ajemmin kun 13.04.2020 
MUOKATAAN Työvuorot jolla toistuva_id=1692 --> toistuva_id=0 
Ketju 1595, POISTETAAN, koska ketjun lopetuspäivä ajemmin kun 13.04.2020 
MUOKATAAN Työvuorot jolla toistuva_id=1595 --> toistuva_id=0 
Ketju 1439, POISTETAAN, koska ketjun lopetuspäivä ajemmin kun 13.04.2020 
MUOKATAAN Työvuorot jolla toistuva_id=1439 --> toistuva_id=0 
Ketju 1581, POISTETAAN, koska ketjun lopetuspäivä ajemmin kun 13.04.2020 
MUOKATAAN Työvuorot jolla toistuva_id=1581 --> toistuva_id=0 
Ketju 1619, POISTETAAN, koska ketjun lopetuspäivä ajemmin kun 13.04.2020 
MUOKATAAN Työvuorot jolla toistuva_id=1619 --> toistuva_id=0 
Ketju 1814, POISTETAAN, koska ketjun lopetuspäivä ajemmin kun 13.04.2020 
MUOKATAAN Työvuorot jolla toistuva_id=1814 --> toistuva_id=0 
Ketju 1053, POISTETAAN, koska ketjun lopetuspäivä ajemmin kun 13.04.2020 
MUOKATAAN Työvuorot jolla toistuva_id=1053 --> toistuva_id=0 
Ketju 1497, POISTETAAN, koska ketjun lopetuspäivä ajemmin kun 13.04.2020 
MUOKATAAN Työvuorot jolla toistuva_id=1497 --> toistuva_id=0 
Ketju 1499, POISTETAAN, koska ketjun lopetuspäivä ajemmin kun 13.04.2020 
MUOKATAAN Työvuorot jolla toistuva_id=1499 --> toistuva_id=0 
Ketju 1629, POISTETAAN, koska ketjun lopetuspäivä ajemmin kun 13.04.2020 
MUOKATAAN Työvuorot jolla toistuva_id=1629 --> toistuva_id=0 
Ketju 1426, POISTETAAN, koska ketjun lopetuspäivä ajemmin kun 13.04.2020 
MUOKATAAN Työvuorot jolla toistuva_id=1426 --> toistuva_id=0 
Ketju 1427, POISTETAAN, koska ketjun lopetuspäivä ajemmin kun 13.04.2020 
MUOKATAAN Työvuorot jolla toistuva_id=1427 --> toistuva_id=0 
Ketju 1496, POISTETAAN, koska ketjun lopetuspäivä ajemmin kun 13.04.2020 
MUOKATAAN Työvuorot jolla toistuva_id=1496 --> toistuva_id=0 
Ketju 1518, POISTETAAN, koska ketjun lopetuspäivä ajemmin kun 13.04.2020 
MUOKATAAN Työvuorot jolla toistuva_id=1518 --> toistuva_id=0 
Ketju 1582, POISTETAAN, koska ketjun lopetuspäivä ajemmin kun 13.04.2020 
MUOKATAAN Työvuorot jolla toistuva_id=1582 --> toistuva_id=0 
Ketju 1489, POISTETAAN, koska ketjun lopetuspäivä ajemmin kun 13.04.2020 
MUOKATAAN Työvuorot jolla toistuva_id=1489 --> toistuva_id=0 
Ketju 1573, POISTETAAN, koska ketjun lopetuspäivä ajemmin kun 13.04.2020 
MUOKATAAN Työvuorot jolla toistuva_id=1573 --> toistuva_id=0 
Ketju 1630, POISTETAAN, koska ketjun lopetuspäivä ajemmin kun 13.04.2020 
MUOKATAAN Työvuorot jolla toistuva_id=1630 --> toistuva_id=0 
Ketju 1504, POISTETAAN, koska ketjun lopetuspäivä ajemmin kun 13.04.2020 
MUOKATAAN Työvuorot jolla toistuva_id=1504 --> toistuva_id=0 
Ketju 1505, POISTETAAN, koska ketjun lopetuspäivä ajemmin kun 13.04.2020 
MUOKATAAN Työvuorot jolla toistuva_id=1505 --> toistuva_id=0 
Ketju 1567, POISTETAAN, koska ketjun lopetuspäivä ajemmin kun 13.04.2020 
MUOKATAAN Työvuorot jolla toistuva_id=1567 --> toistuva_id=0 
Ketju 1368, POISTETAAN, koska ketjun lopetuspäivä ajemmin kun 13.04.2020 
MUOKATAAN Työvuorot jolla toistuva_id=1368 --> toistuva_id=0 
Ketju 585, POISTETAAN, koska ketjun lopetuspäivä ajemmin kun 13.04.2020 
MUOKATAAN Työvuorot jolla toistuva_id=585 --> toistuva_id=0 
Ketju 1385, POISTETAAN, koska ketjun lopetuspäivä ajemmin kun 13.04.2020 
MUOKATAAN Työvuorot jolla toistuva_id=1385 --> toistuva_id=0 
Ketju 1441, POISTETAAN, koska ketjun lopetuspäivä ajemmin kun 13.04.2020 
MUOKATAAN Työvuorot jolla toistuva_id=1441 --> toistuva_id=0 
Ketju 1461, POISTETAAN, koska ketjun lopetuspäivä ajemmin kun 13.04.2020 
MUOKATAAN Työvuorot jolla toistuva_id=1461 --> toistuva_id=0 
Ketju 1424, POISTETAAN, koska ketjun lopetuspäivä ajemmin kun 13.04.2020 
MUOKATAAN Työvuorot jolla toistuva_id=1424 --> toistuva_id=0 
Ketju 933, POISTETAAN, koska ketjun lopetuspäivä ajemmin kun 13.04.2020 
MUOKATAAN Työvuorot jolla toistuva_id=933 --> toistuva_id=0 
Ketju 772, POISTETAAN, koska ketjun lopetuspäivä ajemmin kun 13.04.2020 
MUOKATAAN Työvuorot jolla toistuva_id=772 --> toistuva_id=0 
Ketju 1420, POISTETAAN, koska ketjun lopetuspäivä ajemmin kun 13.04.2020 
MUOKATAAN Työvuorot jolla toistuva_id=1420 --> toistuva_id=0 
Ketju 443, POISTETAAN, koska ketjun lopetuspäivä ajemmin kun 13.04.2020 
MUOKATAAN Työvuorot jolla toistuva_id=443 --> toistuva_id=0 
Ketju 392, POISTETAAN, koska ketjun lopetuspäivä ajemmin kun 13.04.2020 
MUOKATAAN Työvuorot jolla toistuva_id=392 --> toistuva_id=0 
Ketju 631, POISTETAAN, koska ketjun lopetuspäivä ajemmin kun 13.04.2020 
MUOKATAAN Työvuorot jolla toistuva_id=631 --> toistuva_id=0 
Ketju 1437, POISTETAAN, koska ketjun lopetuspäivä ajemmin kun 13.04.2020 
MUOKATAAN Työvuorot jolla toistuva_id=1437 --> toistuva_id=0 
Ketju 1408, POISTETAAN, koska ketjun lopetuspäivä ajemmin kun 13.04.2020 
MUOKATAAN Työvuorot jolla toistuva_id=1408 --> toistuva_id=0 
Ketju 1409, POISTETAAN, koska ketjun lopetuspäivä ajemmin kun 13.04.2020 
MUOKATAAN Työvuorot jolla toistuva_id=1409 --> toistuva_id=0 
Ketju 624, POISTETAAN, koska ketjun lopetuspäivä ajemmin kun 13.04.2020 
MUOKATAAN Työvuorot jolla toistuva_id=624 --> toistuva_id=0 
Ketju 1381, POISTETAAN, koska ketjun lopetuspäivä ajemmin kun 13.04.2020 
MUOKATAAN Työvuorot jolla toistuva_id=1381 --> toistuva_id=0 
Ketju 444, POISTETAAN, koska ketjun lopetuspäivä ajemmin kun 13.04.2020 
MUOKATAAN Työvuorot jolla toistuva_id=444 --> toistuva_id=0 
Ketju 1324, POISTETAAN, koska ketjun lopetuspäivä ajemmin kun 13.04.2020 
MUOKATAAN Työvuorot jolla toistuva_id=1324 --> toistuva_id=0 
Ketju 676, POISTETAAN, koska ketjun lopetuspäivä ajemmin kun 13.04.2020 
MUOKATAAN Työvuorot jolla toistuva_id=676 --> toistuva_id=0 
Ketju 967, POISTETAAN, koska ketjun lopetuspäivä ajemmin kun 13.04.2020 
MUOKATAAN Työvuorot jolla toistuva_id=967 --> toistuva_id=0 
Ketju 1313, POISTETAAN, koska ketjun lopetuspäivä ajemmin kun 13.04.2020 
MUOKATAAN Työvuorot jolla toistuva_id=1313 --> toistuva_id=0 
Ketju 1057, POISTETAAN, koska ketjun lopetuspäivä ajemmin kun 13.04.2020 
MUOKATAAN Työvuorot jolla toistuva_id=1057 --> toistuva_id=0 
Ketju 832, POISTETAAN, koska ketjun lopetuspäivä ajemmin kun 13.04.2020 
MUOKATAAN Työvuorot jolla toistuva_id=832 --> toistuva_id=0 
Ketju 781, POISTETAAN, koska ketjun lopetuspäivä ajemmin kun 13.04.2020 
MUOKATAAN Työvuorot jolla toistuva_id=781 --> toistuva_id=0 
Ketju 900, POISTETAAN, koska ketjun lopetuspäivä ajemmin kun 13.04.2020 
MUOKATAAN Työvuorot jolla toistuva_id=900 --> toistuva_id=0 
Ketju 937, POISTETAAN, koska ketjun lopetuspäivä ajemmin kun 13.04.2020 
MUOKATAAN Työvuorot jolla toistuva_id=937 --> toistuva_id=0 
Ketju 949, POISTETAAN, koska ketjun lopetuspäivä ajemmin kun 13.04.2020 
MUOKATAAN Työvuorot jolla toistuva_id=949 --> toistuva_id=0 
Ketju 1091, POISTETAAN, koska ketjun lopetuspäivä ajemmin kun 13.04.2020 
MUOKATAAN Työvuorot jolla toistuva_id=1091 --> toistuva_id=0 
MUOKATAAN Työvuorot jolla toistuva_id=442 --> toistuva_id=0 
Ketju 742, POISTETAAN, koska ketjun lopetuspäivä ajemmin kun 13.04.2020 
MUOKATAAN Työvuorot jolla toistuva_id=742 --> toistuva_id=0 
Ketju 347, POISTETAAN, koska ketjun lopetuspäivä ajemmin kun 13.04.2020 
MUOKATAAN Työvuorot jolla toistuva_id=347 --> toistuva_id=0 
Ketju 932, POISTETAAN, koska ketjun lopetuspäivä ajemmin kun 13.04.2020 
MUOKATAAN Työvuorot jolla toistuva_id=932 --> toistuva_id=0 
Ketju 1089, POISTETAAN, koska ketjun lopetuspäivä ajemmin kun 13.04.2020 
MUOKATAAN Työvuorot jolla toistuva_id=1089 --> toistuva_id=0 
Ketju 1090, POISTETAAN, koska ketjun lopetuspäivä ajemmin kun 13.04.2020 
MUOKATAAN Työvuorot jolla toistuva_id=1090 --> toistuva_id=0 
Ketju 489, POISTETAAN, koska ketjun lopetuspäivä ajemmin kun 13.04.2020 
MUOKATAAN Työvuorot jolla toistuva_id=489 --> toistuva_id=0 
Ketju 409, POISTETAAN, koska ketjun lopetuspäivä ajemmin kun 13.04.2020 
MUOKATAAN Työvuorot jolla toistuva_id=409 --> toistuva_id=0 
Ketju 362, POISTETAAN, koska ketjun lopetuspäivä ajemmin kun 13.04.2020 
MUOKATAAN Työvuorot jolla toistuva_id=362 --> toistuva_id=0 
Ketju 1023, POISTETAAN, koska ketjun lopetuspäivä ajemmin kun 13.04.2020 
MUOKATAAN Työvuorot jolla toistuva_id=1023 --> toistuva_id=0 
Ketju 816, POISTETAAN, koska ketjun lopetuspäivä ajemmin kun 13.04.2020 
MUOKATAAN Työvuorot jolla toistuva_id=816 --> toistuva_id=0 
Ketju 691, POISTETAAN, koska ketjun lopetuspäivä ajemmin kun 13.04.2020 
MUOKATAAN Työvuorot jolla toistuva_id=691 --> toistuva_id=0 
Ketju 964, POISTETAAN, koska ketjun lopetuspäivä ajemmin kun 13.04.2020 
MUOKATAAN Työvuorot jolla toistuva_id=964 --> toistuva_id=0 
Ketju 945, POISTETAAN, koska ketjun lopetuspäivä ajemmin kun 13.04.2020 
MUOKATAAN Työvuorot jolla toistuva_id=945 --> toistuva_id=0 
Ketju 416, POISTETAAN, koska ketjun lopetuspäivä ajemmin kun 13.04.2020 
MUOKATAAN Työvuorot jolla toistuva_id=416 --> toistuva_id=0 
Ketju 368, POISTETAAN, koska ketjun lopetuspäivä ajemmin kun 13.04.2020 
MUOKATAAN Työvuorot jolla toistuva_id=368 --> toistuva_id=0 
Ketju 815, POISTETAAN, koska ketjun lopetuspäivä ajemmin kun 13.04.2020 
MUOKATAAN Työvuorot jolla toistuva_id=815 --> toistuva_id=0 
Ketju 692, POISTETAAN, koska ketjun lopetuspäivä ajemmin kun 13.04.2020 
MUOKATAAN Työvuorot jolla toistuva_id=692 --> toistuva_id=0 
Ketju 912, POISTETAAN, koska ketjun lopetuspäivä ajemmin kun 13.04.2020 
MUOKATAAN Työvuorot jolla toistuva_id=912 --> toistuva_id=0 
Ketju 813, POISTETAAN, koska ketjun lopetuspäivä ajemmin kun 13.04.2020 
MUOKATAAN Työvuorot jolla toistuva_id=813 --> toistuva_id=0 
Ketju 958, POISTETAAN, koska ketjun lopetuspäivä ajemmin kun 13.04.2020 
MUOKATAAN Työvuorot jolla toistuva_id=958 --> toistuva_id=0 
Ketju 959, POISTETAAN, koska ketjun lopetuspäivä ajemmin kun 13.04.2020 
MUOKATAAN Työvuorot jolla toistuva_id=959 --> toistuva_id=0 
Ketju 621, POISTETAAN, koska ketjun lopetuspäivä ajemmin kun 13.04.2020 
MUOKATAAN Työvuorot jolla toistuva_id=621 --> toistuva_id=0 
Ketju 814, POISTETAAN, koska ketjun lopetuspäivä ajemmin kun 13.04.2020 
MUOKATAAN Työvuorot jolla toistuva_id=814 --> toistuva_id=0 
Ketju 686, POISTETAAN, koska ketjun lopetuspäivä ajemmin kun 13.04.2020 
MUOKATAAN Työvuorot jolla toistuva_id=686 --> toistuva_id=0 
Ketju 859, POISTETAAN, koska ketjun lopetuspäivä ajemmin kun 13.04.2020 
MUOKATAAN Työvuorot jolla toistuva_id=859 --> toistuva_id=0 
Ketju 576, POISTETAAN, koska ketjun lopetuspäivä ajemmin kun 13.04.2020 
MUOKATAAN Työvuorot jolla toistuva_id=576 --> toistuva_id=0 
Ketju 361, POISTETAAN, koska ketjun lopetuspäivä ajemmin kun 13.04.2020 
MUOKATAAN Työvuorot jolla toistuva_id=361 --> toistuva_id=0 
Ketju 819, POISTETAAN, koska ketjun lopetuspäivä ajemmin kun 13.04.2020 
MUOKATAAN Työvuorot jolla toistuva_id=819 --> toistuva_id=0 
Ketju 947, POISTETAAN, koska ketjun lopetuspäivä ajemmin kun 13.04.2020 
MUOKATAAN Työvuorot jolla toistuva_id=947 --> toistuva_id=0 
Ketju 929, POISTETAAN, koska ketjun lopetuspäivä ajemmin kun 13.04.2020 
MUOKATAAN Työvuorot jolla toistuva_id=929 --> toistuva_id=0 
Ketju 549, POISTETAAN, koska ketjun lopetuspäivä ajemmin kun 13.04.2020 
MUOKATAAN Työvuorot jolla toistuva_id=549 --> toistuva_id=0 
Ketju 687, POISTETAAN, koska ketjun lopetuspäivä ajemmin kun 13.04.2020 
MUOKATAAN Työvuorot jolla toistuva_id=687 --> toistuva_id=0 
Ketju 911, POISTETAAN, koska ketjun lopetuspäivä ajemmin kun 13.04.2020 
MUOKATAAN Työvuorot jolla toistuva_id=911 --> toistuva_id=0 
Ketju 434, POISTETAAN, koska ketjun lopetuspäivä ajemmin kun 13.04.2020 
MUOKATAAN Työvuorot jolla toistuva_id=434 --> toistuva_id=0 
Ketju 379, POISTETAAN, koska ketjun lopetuspäivä ajemmin kun 13.04.2020 
MUOKATAAN Työvuorot jolla toistuva_id=379 --> toistuva_id=0 
Ketju 857, POISTETAAN, koska ketjun lopetuspäivä ajemmin kun 13.04.2020 
MUOKATAAN Työvuorot jolla toistuva_id=857 --> toistuva_id=0 
Ketju 921, POISTETAAN, koska ketjun lopetuspäivä ajemmin kun 13.04.2020 
MUOKATAAN Työvuorot jolla toistuva_id=921 --> toistuva_id=0 
Ketju 923, POISTETAAN, koska ketjun lopetuspäivä ajemmin kun 13.04.2020 
MUOKATAAN Työvuorot jolla toistuva_id=923 --> toistuva_id=0 
Ketju 509, POISTETAAN, koska ketjun lopetuspäivä ajemmin kun 13.04.2020 
MUOKATAAN Työvuorot jolla toistuva_id=509 --> toistuva_id=0 
Ketju 340, POISTETAAN, koska ketjun lopetuspäivä ajemmin kun 13.04.2020 
MUOKATAAN Työvuorot jolla toistuva_id=340 --> toistuva_id=0 
Ketju 916, POISTETAAN, koska ketjun lopetuspäivä ajemmin kun 13.04.2020 
MUOKATAAN Työvuorot jolla toistuva_id=916 --> toistuva_id=0 
Ketju 917, POISTETAAN, koska ketjun lopetuspäivä ajemmin kun 13.04.2020 
MUOKATAAN Työvuorot jolla toistuva_id=917 --> toistuva_id=0 
Ketju 498, POISTETAAN, koska ketjun lopetuspäivä ajemmin kun 13.04.2020 
MUOKATAAN Työvuorot jolla toistuva_id=498 --> toistuva_id=0 
Ketju 599, POISTETAAN, koska ketjun lopetuspäivä ajemmin kun 13.04.2020 
MUOKATAAN Työvuorot jolla toistuva_id=599 --> toistuva_id=0 
Ketju 904, POISTETAAN, koska ketjun lopetuspäivä ajemmin kun 13.04.2020 
MUOKATAAN Työvuorot jolla toistuva_id=904 --> toistuva_id=0 
Ketju 886, POISTETAAN, koska ketjun lopetuspäivä ajemmin kun 13.04.2020 
MUOKATAAN Työvuorot jolla toistuva_id=886 --> toistuva_id=0 
Ketju 544, POISTETAAN, koska ketjun lopetuspäivä ajemmin kun 13.04.2020 
MUOKATAAN Työvuorot jolla toistuva_id=544 --> toistuva_id=0 
Ketju 822, POISTETAAN, koska ketjun lopetuspäivä ajemmin kun 13.04.2020 
MUOKATAAN Työvuorot jolla toistuva_id=822 --> toistuva_id=0 
MUOKATAAN Työvuorot jolla toistuva_id=501 --> toistuva_id=0 
Ketju 634, POISTETAAN, koska ketjun lopetuspäivä ajemmin kun 13.04.2020 
MUOKATAAN Työvuorot jolla toistuva_id=634 --> toistuva_id=0 
Ketju 824, POISTETAAN, koska ketjun lopetuspäivä ajemmin kun 13.04.2020 
MUOKATAAN Työvuorot jolla toistuva_id=824 --> toistuva_id=0 
Ketju 898, POISTETAAN, koska ketjun lopetuspäivä ajemmin kun 13.04.2020 
MUOKATAAN Työvuorot jolla toistuva_id=898 --> toistuva_id=0 
Ketju 311, POISTETAAN, koska ketjun lopetuspäivä ajemmin kun 13.04.2020 
MUOKATAAN Työvuorot jolla toistuva_id=311 --> toistuva_id=0 
Ketju 451, POISTETAAN, koska ketjun lopetuspäivä ajemmin kun 13.04.2020 
MUOKATAAN Työvuorot jolla toistuva_id=451 --> toistuva_id=0 
Ketju 495, POISTETAAN, koska ketjun lopetuspäivä ajemmin kun 13.04.2020 
MUOKATAAN Työvuorot jolla toistuva_id=495 --> toistuva_id=0 
Ketju 496, POISTETAAN, koska ketjun lopetuspäivä ajemmin kun 13.04.2020 
MUOKATAAN Työvuorot jolla toistuva_id=496 --> toistuva_id=0 
Ketju 869, POISTETAAN, koska ketjun lopetuspäivä ajemmin kun 13.04.2020 
MUOKATAAN Työvuorot jolla toistuva_id=869 --> toistuva_id=0 
Ketju 470, POISTETAAN, koska ketjun lopetuspäivä ajemmin kun 13.04.2020 
MUOKATAAN Työvuorot jolla toistuva_id=470 --> toistuva_id=0 
Ketju 896, POISTETAAN, koska ketjun lopetuspäivä ajemmin kun 13.04.2020 
MUOKATAAN Työvuorot jolla toistuva_id=896 --> toistuva_id=0 
Ketju 499, POISTETAAN, koska ketjun lopetuspäivä ajemmin kun 13.04.2020 
MUOKATAAN Työvuorot jolla toistuva_id=499 --> toistuva_id=0 
Ketju 894, POISTETAAN, koska ketjun lopetuspäivä ajemmin kun 13.04.2020 
MUOKATAAN Työvuorot jolla toistuva_id=894 --> toistuva_id=0 
Ketju 502, POISTETAAN, koska ketjun lopetuspäivä ajemmin kun 13.04.2020 
MUOKATAAN Työvuorot jolla toistuva_id=502 --> toistuva_id=0 
Ketju 504, POISTETAAN, koska ketjun lopetuspäivä ajemmin kun 13.04.2020 
MUOKATAAN Työvuorot jolla toistuva_id=504 --> toistuva_id=0 
Ketju 371, POISTETAAN, koska ketjun lopetuspäivä ajemmin kun 13.04.2020 
MUOKATAAN Työvuorot jolla toistuva_id=371 --> toistuva_id=0 
Ketju 743, POISTETAAN, koska ketjun lopetuspäivä ajemmin kun 13.04.2020 
MUOKATAAN Työvuorot jolla toistuva_id=743 --> toistuva_id=0 
Ketju 457, POISTETAAN, koska ketjun lopetuspäivä ajemmin kun 13.04.2020 
MUOKATAAN Työvuorot jolla toistuva_id=457 --> toistuva_id=0 
Ketju 459, POISTETAAN, koska ketjun lopetuspäivä ajemmin kun 13.04.2020 
MUOKATAAN Työvuorot jolla toistuva_id=459 --> toistuva_id=0 
Ketju 432, POISTETAAN, koska ketjun lopetuspäivä ajemmin kun 13.04.2020 
MUOKATAAN Työvuorot jolla toistuva_id=432 --> toistuva_id=0 
Ketju 433, POISTETAAN, koska ketjun lopetuspäivä ajemmin kun 13.04.2020 
MUOKATAAN Työvuorot jolla toistuva_id=433 --> toistuva_id=0 
Ketju 477, POISTETAAN, koska ketjun lopetuspäivä ajemmin kun 13.04.2020 
MUOKATAAN Työvuorot jolla toistuva_id=477 --> toistuva_id=0 
Ketju 422, POISTETAAN, koska ketjun lopetuspäivä ajemmin kun 13.04.2020 
MUOKATAAN Työvuorot jolla toistuva_id=422 --> toistuva_id=0 
Ketju 882, POISTETAAN, koska ketjun lopetuspäivä ajemmin kun 13.04.2020 
MUOKATAAN Työvuorot jolla toistuva_id=882 --> toistuva_id=0 
Ketju 841, POISTETAAN, koska ketjun lopetuspäivä ajemmin kun 13.04.2020 
MUOKATAAN Työvuorot jolla toistuva_id=841 --> toistuva_id=0 
Ketju 249, POISTETAAN, koska ketjun lopetuspäivä ajemmin kun 13.04.2020 
MUOKATAAN Työvuorot jolla toistuva_id=249 --> toistuva_id=0 
Ketju 421, POISTETAAN, koska ketjun lopetuspäivä ajemmin kun 13.04.2020 
MUOKATAAN Työvuorot jolla toistuva_id=421 --> toistuva_id=0 
Ketju 818, POISTETAAN, koska ketjun lopetuspäivä ajemmin kun 13.04.2020 
MUOKATAAN Työvuorot jolla toistuva_id=818 --> toistuva_id=0 
Ketju 458, POISTETAAN, koska ketjun lopetuspäivä ajemmin kun 13.04.2020 
MUOKATAAN Työvuorot jolla toistuva_id=458 --> toistuva_id=0 
Ketju 833, POISTETAAN, koska ketjun lopetuspäivä ajemmin kun 13.04.2020 
MUOKATAAN Työvuorot jolla toistuva_id=833 --> toistuva_id=0 
Ketju 479, POISTETAAN, koska ketjun lopetuspäivä ajemmin kun 13.04.2020 
MUOKATAAN Työvuorot jolla toistuva_id=479 --> toistuva_id=0 
Ketju 300, POISTETAAN, koska ketjun lopetuspäivä ajemmin kun 13.04.2020 
MUOKATAAN Työvuorot jolla toistuva_id=300 --> toistuva_id=0 
Ketju 337, POISTETAAN, koska ketjun lopetuspäivä ajemmin kun 13.04.2020 
MUOKATAAN Työvuorot jolla toistuva_id=337 --> toistuva_id=0 
Ketju 872, POISTETAAN, koska ketjun lopetuspäivä ajemmin kun 13.04.2020 
MUOKATAAN Työvuorot jolla toistuva_id=872 --> toistuva_id=0 
Ketju 438, POISTETAAN, koska ketjun lopetuspäivä ajemmin kun 13.04.2020 
MUOKATAAN Työvuorot jolla toistuva_id=438 --> toistuva_id=0 
Ketju 775, POISTETAAN, koska ketjun lopetuspäivä ajemmin kun 13.04.2020 
MUOKATAAN Työvuorot jolla toistuva_id=775 --> toistuva_id=0 
Ketju 482, POISTETAAN, koska ketjun lopetuspäivä ajemmin kun 13.04.2020 
MUOKATAAN Työvuorot jolla toistuva_id=482 --> toistuva_id=0 
Ketju 863, POISTETAAN, koska ketjun lopetuspäivä ajemmin kun 13.04.2020 
MUOKATAAN Työvuorot jolla toistuva_id=863 --> toistuva_id=0 
Ketju 586, POISTETAAN, koska ketjun lopetuspäivä ajemmin kun 13.04.2020 
MUOKATAAN Työvuorot jolla toistuva_id=586 --> toistuva_id=0 
Ketju 550, POISTETAAN, koska ketjun lopetuspäivä ajemmin kun 13.04.2020 
MUOKATAAN Työvuorot jolla toistuva_id=550 --> toistuva_id=0 
Ketju 668, POISTETAAN, koska ketjun lopetuspäivä ajemmin kun 13.04.2020 
MUOKATAAN Työvuorot jolla toistuva_id=668 --> toistuva_id=0 
Ketju 829, POISTETAAN, koska ketjun lopetuspäivä ajemmin kun 13.04.2020 
MUOKATAAN Työvuorot jolla toistuva_id=829 --> toistuva_id=0 
Ketju 475, POISTETAAN, koska ketjun lopetuspäivä ajemmin kun 13.04.2020 
MUOKATAAN Työvuorot jolla toistuva_id=475 --> toistuva_id=0 
Ketju 871, POISTETAAN, koska ketjun lopetuspäivä ajemmin kun 13.04.2020 
MUOKATAAN Työvuorot jolla toistuva_id=871 --> toistuva_id=0 
Ketju 431, POISTETAAN, koska ketjun lopetuspäivä ajemmin kun 13.04.2020 
MUOKATAAN Työvuorot jolla toistuva_id=431 --> toistuva_id=0 
Ketju 474, POISTETAAN, koska ketjun lopetuspäivä ajemmin kun 13.04.2020 
MUOKATAAN Työvuorot jolla toistuva_id=474 --> toistuva_id=0 
Ketju 858, POISTETAAN, koska ketjun lopetuspäivä ajemmin kun 13.04.2020 
MUOKATAAN Työvuorot jolla toistuva_id=858 --> toistuva_id=0 
Ketju 425, POISTETAAN, koska ketjun lopetuspäivä ajemmin kun 13.04.2020 
MUOKATAAN Työvuorot jolla toistuva_id=425 --> toistuva_id=0 
Ketju 556, POISTETAAN, koska ketjun lopetuspäivä ajemmin kun 13.04.2020 
MUOKATAAN Työvuorot jolla toistuva_id=556 --> toistuva_id=0 
Ketju 426, POISTETAAN, koska ketjun lopetuspäivä ajemmin kun 13.04.2020 
MUOKATAAN Työvuorot jolla toistuva_id=426 --> toistuva_id=0 
Ketju 850, POISTETAAN, koska ketjun lopetuspäivä ajemmin kun 13.04.2020 
MUOKATAAN Työvuorot jolla toistuva_id=850 --> toistuva_id=0 
Ketju 428, POISTETAAN, koska ketjun lopetuspäivä ajemmin kun 13.04.2020 
MUOKATAAN Työvuorot jolla toistuva_id=428 --> toistuva_id=0 
Ketju 452, POISTETAAN, koska ketjun lopetuspäivä ajemmin kun 13.04.2020 
MUOKATAAN Työvuorot jolla toistuva_id=452 --> toistuva_id=0 
Ketju 429, POISTETAAN, koska ketjun lopetuspäivä ajemmin kun 13.04.2020 
MUOKATAAN Työvuorot jolla toistuva_id=429 --> toistuva_id=0 
Ketju 471, POISTETAAN, koska ketjun lopetuspäivä ajemmin kun 13.04.2020 
MUOKATAAN Työvuorot jolla toistuva_id=471 --> toistuva_id=0 
Ketju 472, POISTETAAN, koska ketjun lopetuspäivä ajemmin kun 13.04.2020 
MUOKATAAN Työvuorot jolla toistuva_id=472 --> toistuva_id=0 
Ketju 659, POISTETAAN, koska ketjun lopetuspäivä ajemmin kun 13.04.2020 
MUOKATAAN Työvuorot jolla toistuva_id=659 --> toistuva_id=0 
Ketju 645, POISTETAAN, koska ketjun lopetuspäivä ajemmin kun 13.04.2020 
MUOKATAAN Työvuorot jolla toistuva_id=645 --> toistuva_id=0 
Ketju 488, POISTETAAN, koska ketjun lopetuspäivä ajemmin kun 13.04.2020 
MUOKATAAN Työvuorot jolla toistuva_id=488 --> toistuva_id=0 
Ketju 369, POISTETAAN, koska ketjun lopetuspäivä ajemmin kun 13.04.2020 
MUOKATAAN Työvuorot jolla toistuva_id=369 --> toistuva_id=0 
Ketju 370, POISTETAAN, koska ketjun lopetuspäivä ajemmin kun 13.04.2020 
MUOKATAAN Työvuorot jolla toistuva_id=370 --> toistuva_id=0 
Ketju 487, POISTETAAN, koska ketjun lopetuspäivä ajemmin kun 13.04.2020 
MUOKATAAN Työvuorot jolla toistuva_id=487 --> toistuva_id=0 
Ketju 476, POISTETAAN, koska ketjun lopetuspäivä ajemmin kun 13.04.2020 
MUOKATAAN Työvuorot jolla toistuva_id=476 --> toistuva_id=0 
Ketju 851, POISTETAAN, koska ketjun lopetuspäivä ajemmin kun 13.04.2020 
MUOKATAAN Työvuorot jolla toistuva_id=851 --> toistuva_id=0 
Ketju 600, POISTETAAN, koska ketjun lopetuspäivä ajemmin kun 13.04.2020 
MUOKATAAN Työvuorot jolla toistuva_id=600 --> toistuva_id=0 
Ketju 439, POISTETAAN, koska ketjun lopetuspäivä ajemmin kun 13.04.2020 
MUOKATAAN Työvuorot jolla toistuva_id=439 --> toistuva_id=0 
Ketju 430, POISTETAAN, koska ketjun lopetuspäivä ajemmin kun 13.04.2020 
MUOKATAAN Työvuorot jolla toistuva_id=430 --> toistuva_id=0 
Ketju 768, POISTETAAN, koska ketjun lopetuspäivä ajemmin kun 13.04.2020 
MUOKATAAN Työvuorot jolla toistuva_id=768 --> toistuva_id=0 
Ketju 463, POISTETAAN, koska ketjun lopetuspäivä ajemmin kun 13.04.2020 
MUOKATAAN Työvuorot jolla toistuva_id=463 --> toistuva_id=0 
Ketju 485, POISTETAAN, koska ketjun lopetuspäivä ajemmin kun 13.04.2020 
MUOKATAAN Työvuorot jolla toistuva_id=485 --> toistuva_id=0 
Ketju 486, POISTETAAN, koska ketjun lopetuspäivä ajemmin kun 13.04.2020 
MUOKATAAN Työvuorot jolla toistuva_id=486 --> toistuva_id=0 
Ketju 436, POISTETAAN, koska ketjun lopetuspäivä ajemmin kun 13.04.2020 
MUOKATAAN Työvuorot jolla toistuva_id=436 --> toistuva_id=0 
Ketju 845, POISTETAAN, koska ketjun lopetuspäivä ajemmin kun 13.04.2020 
MUOKATAAN Työvuorot jolla toistuva_id=845 --> toistuva_id=0 
Ketju 435, POISTETAAN, koska ketjun lopetuspäivä ajemmin kun 13.04.2020 
MUOKATAAN Työvuorot jolla toistuva_id=435 --> toistuva_id=0 
Ketju 583, POISTETAAN, koska ketjun lopetuspäivä ajemmin kun 13.04.2020 
MUOKATAAN Työvuorot jolla toistuva_id=583 --> toistuva_id=0 
Ketju 817, POISTETAAN, koska ketjun lopetuspäivä ajemmin kun 13.04.2020 
MUOKATAAN Työvuorot jolla toistuva_id=817 --> toistuva_id=0 
Ketju 205, POISTETAAN, koska ketjun lopetuspäivä ajemmin kun 13.04.2020 
MUOKATAAN Työvuorot jolla toistuva_id=205 --> toistuva_id=0 
Ketju 745, POISTETAAN, koska ketjun lopetuspäivä ajemmin kun 13.04.2020 
MUOKATAAN Työvuorot jolla toistuva_id=745 --> toistuva_id=0 
Ketju 589, POISTETAAN, koska ketjun lopetuspäivä ajemmin kun 13.04.2020 
MUOKATAAN Työvuorot jolla toistuva_id=589 --> toistuva_id=0 
Ketju 564, POISTETAAN, koska ketjun lopetuspäivä ajemmin kun 13.04.2020 
MUOKATAAN Työvuorot jolla toistuva_id=564 --> toistuva_id=0 
Ketju 784, POISTETAAN, koska ketjun lopetuspäivä ajemmin kun 13.04.2020 
MUOKATAAN Työvuorot jolla toistuva_id=784 --> toistuva_id=0 
Ketju 853, POISTETAAN, koska ketjun lopetuspäivä ajemmin kun 13.04.2020 
MUOKATAAN Työvuorot jolla toistuva_id=853 --> toistuva_id=0 
Ketju 810, POISTETAAN, koska ketjun lopetuspäivä ajemmin kun 13.04.2020 
MUOKATAAN Työvuorot jolla toistuva_id=810 --> toistuva_id=0 
Ketju 399, POISTETAAN, koska ketjun lopetuspäivä ajemmin kun 13.04.2020 
MUOKATAAN Työvuorot jolla toistuva_id=399 --> toistuva_id=0 
Ketju 702, POISTETAAN, koska ketjun lopetuspäivä ajemmin kun 13.04.2020 
MUOKATAAN Työvuorot jolla toistuva_id=702 --> toistuva_id=0 
Ketju 698, POISTETAAN, koska ketjun lopetuspäivä ajemmin kun 13.04.2020 
MUOKATAAN Työvuorot jolla toistuva_id=698 --> toistuva_id=0 
Ketju 653, POISTETAAN, koska ketjun lopetuspäivä ajemmin kun 13.04.2020 
MUOKATAAN Työvuorot jolla toistuva_id=653 --> toistuva_id=0 
Ketju 302, POISTETAAN, koska ketjun lopetuspäivä ajemmin kun 13.04.2020 
MUOKATAAN Työvuorot jolla toistuva_id=302 --> toistuva_id=0 
Ketju 848, POISTETAAN, koska ketjun lopetuspäivä ajemmin kun 13.04.2020 
MUOKATAAN Työvuorot jolla toistuva_id=848 --> toistuva_id=0 
Ketju 413, POISTETAAN, koska ketjun lopetuspäivä ajemmin kun 13.04.2020 
MUOKATAAN Työvuorot jolla toistuva_id=413 --> toistuva_id=0 
Ketju 769, POISTETAAN, koska ketjun lopetuspäivä ajemmin kun 13.04.2020 
MUOKATAAN Työvuorot jolla toistuva_id=769 --> toistuva_id=0 
Ketju 617, POISTETAAN, koska ketjun lopetuspäivä ajemmin kun 13.04.2020 
MUOKATAAN Työvuorot jolla toistuva_id=617 --> toistuva_id=0 
Ketju 261, POISTETAAN, koska ketjun lopetuspäivä ajemmin kun 13.04.2020 
MUOKATAAN Työvuorot jolla toistuva_id=261 --> toistuva_id=0 
Ketju 308, POISTETAAN, koska ketjun lopetuspäivä ajemmin kun 13.04.2020 
MUOKATAAN Työvuorot jolla toistuva_id=308 --> toistuva_id=0 
Ketju 358, POISTETAAN, koska ketjun lopetuspäivä ajemmin kun 13.04.2020 
MUOKATAAN Työvuorot jolla toistuva_id=358 --> toistuva_id=0 
Ketju 152, POISTETAAN, koska ketjun lopetuspäivä ajemmin kun 13.04.2020 
MUOKATAAN Työvuorot jolla toistuva_id=152 --> toistuva_id=0 
Ketju 766, POISTETAAN, koska ketjun lopetuspäivä ajemmin kun 13.04.2020 
MUOKATAAN Työvuorot jolla toistuva_id=766 --> toistuva_id=0 
Ketju 299, POISTETAAN, koska ketjun lopetuspäivä ajemmin kun 13.04.2020 
MUOKATAAN Työvuorot jolla toistuva_id=299 --> toistuva_id=0 
Ketju 616, POISTETAAN, koska ketjun lopetuspäivä ajemmin kun 13.04.2020 
MUOKATAAN Työvuorot jolla toistuva_id=616 --> toistuva_id=0 
Ketju 150, POISTETAAN, koska ketjun lopetuspäivä ajemmin kun 13.04.2020 
MUOKATAAN Työvuorot jolla toistuva_id=150 --> toistuva_id=0 
Ketju 420, POISTETAAN, koska ketjun lopetuspäivä ajemmin kun 13.04.2020 
MUOKATAAN Työvuorot jolla toistuva_id=420 --> toistuva_id=0 
Ketju 306, POISTETAAN, koska ketjun lopetuspäivä ajemmin kun 13.04.2020 
MUOKATAAN Työvuorot jolla toistuva_id=306 --> toistuva_id=0 
Ketju 602, POISTETAAN, koska ketjun lopetuspäivä ajemmin kun 13.04.2020 
MUOKATAAN Työvuorot jolla toistuva_id=602 --> toistuva_id=0 
Ketju 507, POISTETAAN, koska ketjun lopetuspäivä ajemmin kun 13.04.2020 
MUOKATAAN Työvuorot jolla toistuva_id=507 --> toistuva_id=0 
Ketju 811, POISTETAAN, koska ketjun lopetuspäivä ajemmin kun 13.04.2020 
MUOKATAAN Työvuorot jolla toistuva_id=811 --> toistuva_id=0 
Ketju 508, POISTETAAN, koska ketjun lopetuspäivä ajemmin kun 13.04.2020 
MUOKATAAN Työvuorot jolla toistuva_id=508 --> toistuva_id=0 
Ketju 840, POISTETAAN, koska ketjun lopetuspäivä ajemmin kun 13.04.2020 
MUOKATAAN Työvuorot jolla toistuva_id=840 --> toistuva_id=0 
Ketju 570, POISTETAAN, koska ketjun lopetuspäivä ajemmin kun 13.04.2020 
MUOKATAAN Työvuorot jolla toistuva_id=570 --> toistuva_id=0 
Ketju 367, POISTETAAN, koska ketjun lopetuspäivä ajemmin kun 13.04.2020 
MUOKATAAN Työvuorot jolla toistuva_id=367 --> toistuva_id=0 
Ketju 726, POISTETAAN, koska ketjun lopetuspäivä ajemmin kun 13.04.2020 
MUOKATAAN Työvuorot jolla toistuva_id=726 --> toistuva_id=0 
Ketju 646, POISTETAAN, koska ketjun lopetuspäivä ajemmin kun 13.04.2020 
MUOKATAAN Työvuorot jolla toistuva_id=646 --> toistuva_id=0 
Ketju 842, POISTETAAN, koska ketjun lopetuspäivä ajemmin kun 13.04.2020 
MUOKATAAN Työvuorot jolla toistuva_id=842 --> toistuva_id=0 
Ketju 843, POISTETAAN, koska ketjun lopetuspäivä ajemmin kun 13.04.2020 
MUOKATAAN Työvuorot jolla toistuva_id=843 --> toistuva_id=0 
Ketju 592, POISTETAAN, koska ketjun lopetuspäivä ajemmin kun 13.04.2020 
MUOKATAAN Työvuorot jolla toistuva_id=592 --> toistuva_id=0 
Ketju 844, POISTETAAN, koska ketjun lopetuspäivä ajemmin kun 13.04.2020 
MUOKATAAN Työvuorot jolla toistuva_id=844 --> toistuva_id=0 
Ketju 680, POISTETAAN, koska ketjun lopetuspäivä ajemmin kun 13.04.2020 
MUOKATAAN Työvuorot jolla toistuva_id=680 --> toistuva_id=0 
Ketju 652, POISTETAAN, koska ketjun lopetuspäivä ajemmin kun 13.04.2020 
MUOKATAAN Työvuorot jolla toistuva_id=652 --> toistuva_id=0 
Ketju 650, POISTETAAN, koska ketjun lopetuspäivä ajemmin kun 13.04.2020 
MUOKATAAN Työvuorot jolla toistuva_id=650 --> toistuva_id=0 
Ketju 783, POISTETAAN, koska ketjun lopetuspäivä ajemmin kun 13.04.2020 
MUOKATAAN Työvuorot jolla toistuva_id=783 --> toistuva_id=0 
Ketju 228, POISTETAAN, koska ketjun lopetuspäivä ajemmin kun 13.04.2020 
MUOKATAAN Työvuorot jolla toistuva_id=228 --> toistuva_id=0 
Ketju 760, POISTETAAN, koska ketjun lopetuspäivä ajemmin kun 13.04.2020 
MUOKATAAN Työvuorot jolla toistuva_id=760 --> toistuva_id=0 
Ketju 527, POISTETAAN, koska ketjun lopetuspäivä ajemmin kun 13.04.2020 
MUOKATAAN Työvuorot jolla toistuva_id=527 --> toistuva_id=0 
Ketju 643, POISTETAAN, koska ketjun lopetuspäivä ajemmin kun 13.04.2020 
MUOKATAAN Työvuorot jolla toistuva_id=643 --> toistuva_id=0 
Ketju 380, POISTETAAN, koska ketjun lopetuspäivä ajemmin kun 13.04.2020 
MUOKATAAN Työvuorot jolla toistuva_id=380 --> toistuva_id=0 
Ketju 678, POISTETAAN, koska ketjun lopetuspäivä ajemmin kun 13.04.2020 
MUOKATAAN Työvuorot jolla toistuva_id=678 --> toistuva_id=0 
Ketju 712, POISTETAAN, koska ketjun lopetuspäivä ajemmin kun 13.04.2020 
MUOKATAAN Työvuorot jolla toistuva_id=712 --> toistuva_id=0 
Ketju 739, POISTETAAN, koska ketjun lopetuspäivä ajemmin kun 13.04.2020 
MUOKATAAN Työvuorot jolla toistuva_id=739 --> toistuva_id=0 
Ketju 577, POISTETAAN, koska ketjun lopetuspäivä ajemmin kun 13.04.2020 
MUOKATAAN Työvuorot jolla toistuva_id=577 --> toistuva_id=0 
Ketju 255, POISTETAAN, koska ketjun lopetuspäivä ajemmin kun 13.04.2020 
MUOKATAAN Työvuorot jolla toistuva_id=255 --> toistuva_id=0 
Ketju 683, POISTETAAN, koska ketjun lopetuspäivä ajemmin kun 13.04.2020 
MUOKATAAN Työvuorot jolla toistuva_id=683 --> toistuva_id=0 
Ketju 684, POISTETAAN, koska ketjun lopetuspäivä ajemmin kun 13.04.2020 
MUOKATAAN Työvuorot jolla toistuva_id=684 --> toistuva_id=0 
Ketju 396, POISTETAAN, koska ketjun lopetuspäivä ajemmin kun 13.04.2020 
MUOKATAAN Työvuorot jolla toistuva_id=396 --> toistuva_id=0 
Ketju 788, POISTETAAN, koska ketjun lopetuspäivä ajemmin kun 13.04.2020 
MUOKATAAN Työvuorot jolla toistuva_id=788 --> toistuva_id=0 
Ketju 528, POISTETAAN, koska ketjun lopetuspäivä ajemmin kun 13.04.2020 
MUOKATAAN Työvuorot jolla toistuva_id=528 --> toistuva_id=0 
Ketju 440, POISTETAAN, koska ketjun lopetuspäivä ajemmin kun 13.04.2020 
MUOKATAAN Työvuorot jolla toistuva_id=440 --> toistuva_id=0 
Ketju 419, POISTETAAN, koska ketjun lopetuspäivä ajemmin kun 13.04.2020 
MUOKATAAN Työvuorot jolla toistuva_id=419 --> toistuva_id=0 
Ketju 260, POISTETAAN, koska ketjun lopetuspäivä ajemmin kun 13.04.2020 
MUOKATAAN Työvuorot jolla toistuva_id=260 --> toistuva_id=0 
Ketju 538, POISTETAAN, koska ketjun lopetuspäivä ajemmin kun 13.04.2020 
MUOKATAAN Työvuorot jolla toistuva_id=538 --> toistuva_id=0 
Ketju 539, POISTETAAN, koska ketjun lopetuspäivä ajemmin kun 13.04.2020 
MUOKATAAN Työvuorot jolla toistuva_id=539 --> toistuva_id=0 
Ketju 262, POISTETAAN, koska ketjun lopetuspäivä ajemmin kun 13.04.2020 
MUOKATAAN Työvuorot jolla toistuva_id=262 --> toistuva_id=0 
Ketju 651, POISTETAAN, koska ketjun lopetuspäivä ajemmin kun 13.04.2020 
MUOKATAAN Työvuorot jolla toistuva_id=651 --> toistuva_id=0 
Ketju 469, POISTETAAN, koska ketjun lopetuspäivä ajemmin kun 13.04.2020 
MUOKATAAN Työvuorot jolla toistuva_id=469 --> toistuva_id=0 
MUOKATAAN Työvuorot jolla toistuva_id=520 --> toistuva_id=0 
Ketju 685, POISTETAAN, koska ketjun lopetuspäivä ajemmin kun 13.04.2020 
MUOKATAAN Työvuorot jolla toistuva_id=685 --> toistuva_id=0 
Ketju 565, POISTETAAN, koska ketjun lopetuspäivä ajemmin kun 13.04.2020 
MUOKATAAN Työvuorot jolla toistuva_id=565 --> toistuva_id=0 
Ketju 740, POISTETAAN, koska ketjun lopetuspäivä ajemmin kun 13.04.2020 
MUOKATAAN Työvuorot jolla toistuva_id=740 --> toistuva_id=0 
Ketju 578, POISTETAAN, koska ketjun lopetuspäivä ajemmin kun 13.04.2020 
MUOKATAAN Työvuorot jolla toistuva_id=578 --> toistuva_id=0 
Ketju 779, POISTETAAN, koska ketjun lopetuspäivä ajemmin kun 13.04.2020 
MUOKATAAN Työvuorot jolla toistuva_id=779 --> toistuva_id=0 
Ketju 558, POISTETAAN, koska ketjun lopetuspäivä ajemmin kun 13.04.2020 
MUOKATAAN Työvuorot jolla toistuva_id=558 --> toistuva_id=0 
Ketju 605, POISTETAAN, koska ketjun lopetuspäivä ajemmin kun 13.04.2020 
MUOKATAAN Työvuorot jolla toistuva_id=605 --> toistuva_id=0 
Ketju 757, POISTETAAN, koska ketjun lopetuspäivä ajemmin kun 13.04.2020 
MUOKATAAN Työvuorot jolla toistuva_id=757 --> toistuva_id=0 
Ketju 834, POISTETAAN, koska ketjun lopetuspäivä ajemmin kun 13.04.2020 
MUOKATAAN Työvuorot jolla toistuva_id=834 --> toistuva_id=0 
Ketju 752, POISTETAAN, koska ketjun lopetuspäivä ajemmin kun 13.04.2020 
MUOKATAAN Työvuorot jolla toistuva_id=752 --> toistuva_id=0 
Ketju 657, POISTETAAN, koska ketjun lopetuspäivä ajemmin kun 13.04.2020 
MUOKATAAN Työvuorot jolla toistuva_id=657 --> toistuva_id=0 
Ketju 754, POISTETAAN, koska ketjun lopetuspäivä ajemmin kun 13.04.2020 
MUOKATAAN Työvuorot jolla toistuva_id=754 --> toistuva_id=0 
Ketju 693, POISTETAAN, koska ketjun lopetuspäivä ajemmin kun 13.04.2020 
MUOKATAAN Työvuorot jolla toistuva_id=693 --> toistuva_id=0 
Ketju 797, POISTETAAN, koska ketjun lopetuspäivä ajemmin kun 13.04.2020 
MUOKATAAN Työvuorot jolla toistuva_id=797 --> toistuva_id=0 
Ketju 802, POISTETAAN, koska ketjun lopetuspäivä ajemmin kun 13.04.2020 
MUOKATAAN Työvuorot jolla toistuva_id=802 --> toistuva_id=0 
Ketju 773, POISTETAAN, koska ketjun lopetuspäivä ajemmin kun 13.04.2020 
MUOKATAAN Työvuorot jolla toistuva_id=773 --> toistuva_id=0 
Ketju 711, POISTETAAN, koska ketjun lopetuspäivä ajemmin kun 13.04.2020 
MUOKATAAN Työvuorot jolla toistuva_id=711 --> toistuva_id=0 
Ketju 648, POISTETAAN, koska ketjun lopetuspäivä ajemmin kun 13.04.2020 
MUOKATAAN Työvuorot jolla toistuva_id=648 --> toistuva_id=0 
Ketju 354, POISTETAAN, koska ketjun lopetuspäivä ajemmin kun 13.04.2020 
MUOKATAAN Työvuorot jolla toistuva_id=354 --> toistuva_id=0 
Ketju 468, POISTETAAN, koska ketjun lopetuspäivä ajemmin kun 13.04.2020 
MUOKATAAN Työvuorot jolla toistuva_id=468 --> toistuva_id=0 
Ketju 696, POISTETAAN, koska ketjun lopetuspäivä ajemmin kun 13.04.2020 
MUOKATAAN Työvuorot jolla toistuva_id=696 --> toistuva_id=0 
Ketju 214, POISTETAAN, koska ketjun lopetuspäivä ajemmin kun 13.04.2020 
MUOKATAAN Työvuorot jolla toistuva_id=214 --> toistuva_id=0 
Ketju 794, POISTETAAN, koska ketjun lopetuspäivä ajemmin kun 13.04.2020 
MUOKATAAN Työvuorot jolla toistuva_id=794 --> toistuva_id=0 
Ketju 738, POISTETAAN, koska ketjun lopetuspäivä ajemmin kun 13.04.2020 
MUOKATAAN Työvuorot jolla toistuva_id=738 --> toistuva_id=0 
Ketju 608, POISTETAAN, koska ketjun lopetuspäivä ajemmin kun 13.04.2020 
MUOKATAAN Työvuorot jolla toistuva_id=608 --> toistuva_id=0 
Ketju 837, POISTETAAN, koska ketjun lopetuspäivä ajemmin kun 13.04.2020 
MUOKATAAN Työvuorot jolla toistuva_id=837 --> toistuva_id=0 
Ketju 700, POISTETAAN, koska ketjun lopetuspäivä ajemmin kun 13.04.2020 
MUOKATAAN Työvuorot jolla toistuva_id=700 --> toistuva_id=0 
Ketju 695, POISTETAAN, koska ketjun lopetuspäivä ajemmin kun 13.04.2020 
MUOKATAAN Työvuorot jolla toistuva_id=695 --> toistuva_id=0 
Ketju 663, POISTETAAN, koska ketjun lopetuspäivä ajemmin kun 13.04.2020 
MUOKATAAN Työvuorot jolla toistuva_id=663 --> toistuva_id=0 
Ketju 749, POISTETAAN, koska ketjun lopetuspäivä ajemmin kun 13.04.2020 
MUOKATAAN Työvuorot jolla toistuva_id=749 --> toistuva_id=0 
Ketju 677, POISTETAAN, koska ketjun lopetuspäivä ajemmin kun 13.04.2020 
MUOKATAAN Työvuorot jolla toistuva_id=677 --> toistuva_id=0 
Ketju 622, POISTETAAN, koska ketjun lopetuspäivä ajemmin kun 13.04.2020 
MUOKATAAN Työvuorot jolla toistuva_id=622 --> toistuva_id=0 
Ketju 505, POISTETAAN, koska ketjun lopetuspäivä ajemmin kun 13.04.2020 
MUOKATAAN Työvuorot jolla toistuva_id=505 --> toistuva_id=0 
Ketju 407, POISTETAAN, koska ketjun lopetuspäivä ajemmin kun 13.04.2020 
MUOKATAAN Työvuorot jolla toistuva_id=407 --> toistuva_id=0 
Ketju 588, POISTETAAN, koska ketjun lopetuspäivä ajemmin kun 13.04.2020 
MUOKATAAN Työvuorot jolla toistuva_id=588 --> toistuva_id=0 
Ketju 675, POISTETAAN, koska ketjun lopetuspäivä ajemmin kun 13.04.2020 
MUOKATAAN Työvuorot jolla toistuva_id=675 --> toistuva_id=0 
Ketju 791, POISTETAAN, koska ketjun lopetuspäivä ajemmin kun 13.04.2020 
MUOKATAAN Työvuorot jolla toistuva_id=791 --> toistuva_id=0 
Ketju 793, POISTETAAN, koska ketjun lopetuspäivä ajemmin kun 13.04.2020 
MUOKATAAN Työvuorot jolla toistuva_id=793 --> toistuva_id=0 
Ketju 758, POISTETAAN, koska ketjun lopetuspäivä ajemmin kun 13.04.2020 
MUOKATAAN Työvuorot jolla toistuva_id=758 --> toistuva_id=0 
Ketju 697, POISTETAAN, koska ketjun lopetuspäivä ajemmin kun 13.04.2020 
MUOKATAAN Työvuorot jolla toistuva_id=697 --> toistuva_id=0 
Ketju 656, POISTETAAN, koska ketjun lopetuspäivä ajemmin kun 13.04.2020 
MUOKATAAN Työvuorot jolla toistuva_id=656 --> toistuva_id=0 
Ketju 809, POISTETAAN, koska ketjun lopetuspäivä ajemmin kun 13.04.2020 
MUOKATAAN Työvuorot jolla toistuva_id=809 --> toistuva_id=0 
Ketju 774, POISTETAAN, koska ketjun lopetuspäivä ajemmin kun 13.04.2020 
MUOKATAAN Työvuorot jolla toistuva_id=774 --> toistuva_id=0 
Ketju 835, POISTETAAN, koska ketjun lopetuspäivä ajemmin kun 13.04.2020 
MUOKATAAN Työvuorot jolla toistuva_id=835 --> toistuva_id=0 
Ketju 649, POISTETAAN, koska ketjun lopetuspäivä ajemmin kun 13.04.2020 
MUOKATAAN Työvuorot jolla toistuva_id=649 --> toistuva_id=0 
Ketju 666, POISTETAAN, koska ketjun lopetuspäivä ajemmin kun 13.04.2020 
MUOKATAAN Työvuorot jolla toistuva_id=666 --> toistuva_id=0 
Ketju 568, POISTETAAN, koska ketjun lopetuspäivä ajemmin kun 13.04.2020 
MUOKATAAN Työvuorot jolla toistuva_id=568 --> toistuva_id=0 
Ketju 776, POISTETAAN, koska ketjun lopetuspäivä ajemmin kun 13.04.2020 
MUOKATAAN Työvuorot jolla toistuva_id=776 --> toistuva_id=0 
Ketju 828, POISTETAAN, koska ketjun lopetuspäivä ajemmin kun 13.04.2020 
MUOKATAAN Työvuorot jolla toistuva_id=828 --> toistuva_id=0 
Ketju 674, POISTETAAN, koska ketjun lopetuspäivä ajemmin kun 13.04.2020 
MUOKATAAN Työvuorot jolla toistuva_id=674 --> toistuva_id=0 
Ketju 747, POISTETAAN, koska ketjun lopetuspäivä ajemmin kun 13.04.2020 
MUOKATAAN Työvuorot jolla toistuva_id=747 --> toistuva_id=0 
Ketju 838, POISTETAAN, koska ketjun lopetuspäivä ajemmin kun 13.04.2020 
MUOKATAAN Työvuorot jolla toistuva_id=838 --> toistuva_id=0 
Ketju 763, POISTETAAN, koska ketjun lopetuspäivä ajemmin kun 13.04.2020 
MUOKATAAN Työvuorot jolla toistuva_id=763 --> toistuva_id=0 
Ketju 619, POISTETAAN, koska ketjun lopetuspäivä ajemmin kun 13.04.2020 
MUOKATAAN Työvuorot jolla toistuva_id=619 --> toistuva_id=0 
Ketju 764, POISTETAAN, koska ketjun lopetuspäivä ajemmin kun 13.04.2020 
MUOKATAAN Työvuorot jolla toistuva_id=764 --> toistuva_id=0 
Ketju 669, POISTETAAN, koska ketjun lopetuspäivä ajemmin kun 13.04.2020 
MUOKATAAN Työvuorot jolla toistuva_id=669 --> toistuva_id=0 
Ketju 725, POISTETAAN, koska ketjun lopetuspäivä ajemmin kun 13.04.2020 
MUOKATAAN Työvuorot jolla toistuva_id=725 --> toistuva_id=0 
Ketju 670, POISTETAAN, koska ketjun lopetuspäivä ajemmin kun 13.04.2020 
MUOKATAAN Työvuorot jolla toistuva_id=670 --> toistuva_id=0 
Ketju 559, POISTETAAN, koska ketjun lopetuspäivä ajemmin kun 13.04.2020 
MUOKATAAN Työvuorot jolla toistuva_id=559 --> toistuva_id=0 
Ketju 737, POISTETAAN, koska ketjun lopetuspäivä ajemmin kun 13.04.2020 
MUOKATAAN Työvuorot jolla toistuva_id=737 --> toistuva_id=0 
Ketju 744, POISTETAAN, koska ketjun lopetuspäivä ajemmin kun 13.04.2020 
MUOKATAAN Työvuorot jolla toistuva_id=744 --> toistuva_id=0 
Ketju 720, POISTETAAN, koska ketjun lopetuspäivä ajemmin kun 13.04.2020 
MUOKATAAN Työvuorot jolla toistuva_id=720 --> toistuva_id=0 
Ketju 523, POISTETAAN, koska ketjun lopetuspäivä ajemmin kun 13.04.2020 
MUOKATAAN Työvuorot jolla toistuva_id=523 --> toistuva_id=0 
Ketju 729, POISTETAAN, koska ketjun lopetuspäivä ajemmin kun 13.04.2020 
MUOKATAAN Työvuorot jolla toistuva_id=729 --> toistuva_id=0 
Ketju 404, POISTETAAN, koska ketjun lopetuspäivä ajemmin kun 13.04.2020 
MUOKATAAN Työvuorot jolla toistuva_id=404 --> toistuva_id=0 
Ketju 491, POISTETAAN, koska ketjun lopetuspäivä ajemmin kun 13.04.2020 
MUOKATAAN Työvuorot jolla toistuva_id=491 --> toistuva_id=0 
Ketju 796, POISTETAAN, koska ketjun lopetuspäivä ajemmin kun 13.04.2020 
MUOKATAAN Työvuorot jolla toistuva_id=796 --> toistuva_id=0 
Ketju 424, POISTETAAN, koska ketjun lopetuspäivä ajemmin kun 13.04.2020 
MUOKATAAN Työvuorot jolla toistuva_id=424 --> toistuva_id=0 
Ketju 730, POISTETAAN, koska ketjun lopetuspäivä ajemmin kun 13.04.2020 
MUOKATAAN Työvuorot jolla toistuva_id=730 --> toistuva_id=0 
Ketju 708, POISTETAAN, koska ketjun lopetuspäivä ajemmin kun 13.04.2020 
MUOKATAAN Työvuorot jolla toistuva_id=708 --> toistuva_id=0 
Ketju 604, POISTETAAN, koska ketjun lopetuspäivä ajemmin kun 13.04.2020 
MUOKATAAN Työvuorot jolla toistuva_id=604 --> toistuva_id=0 
Ketju 798, POISTETAAN, koska ketjun lopetuspäivä ajemmin kun 13.04.2020 
MUOKATAAN Työvuorot jolla toistuva_id=798 --> toistuva_id=0 
Ketju 661, POISTETAAN, koska ketjun lopetuspäivä ajemmin kun 13.04.2020 
MUOKATAAN Työvuorot jolla toistuva_id=661 --> toistuva_id=0 
Ketju 733, POISTETAAN, koska ketjun lopetuspäivä ajemmin kun 13.04.2020 
MUOKATAAN Työvuorot jolla toistuva_id=733 --> toistuva_id=0 
Ketju 630, POISTETAAN, koska ketjun lopetuspäivä ajemmin kun 13.04.2020 
MUOKATAAN Työvuorot jolla toistuva_id=630 --> toistuva_id=0 
Ketju 799, POISTETAAN, koska ketjun lopetuspäivä ajemmin kun 13.04.2020 
MUOKATAAN Työvuorot jolla toistuva_id=799 --> toistuva_id=0 
Ketju 640, POISTETAAN, koska ketjun lopetuspäivä ajemmin kun 13.04.2020 
MUOKATAAN Työvuorot jolla toistuva_id=640 --> toistuva_id=0 
Ketju 765, POISTETAAN, koska ketjun lopetuspäivä ajemmin kun 13.04.2020 
MUOKATAAN Työvuorot jolla toistuva_id=765 --> toistuva_id=0 
Ketju 647, POISTETAAN, koska ketjun lopetuspäivä ajemmin kun 13.04.2020 
MUOKATAAN Työvuorot jolla toistuva_id=647 --> toistuva_id=0 
MUOKATAAN Työvuorot jolla toistuva_id=664 --> toistuva_id=0 
Ketju 614, POISTETAAN, koska ketjun lopetuspäivä ajemmin kun 13.04.2020 
MUOKATAAN Työvuorot jolla toistuva_id=614 --> toistuva_id=0 
Ketju 823, POISTETAAN, koska ketjun lopetuspäivä ajemmin kun 13.04.2020 
MUOKATAAN Työvuorot jolla toistuva_id=823 --> toistuva_id=0 
Ketju 601, POISTETAAN, koska ketjun lopetuspäivä ajemmin kun 13.04.2020 
MUOKATAAN Työvuorot jolla toistuva_id=601 --> toistuva_id=0 
Ketju 706, POISTETAAN, koska ketjun lopetuspäivä ajemmin kun 13.04.2020 
MUOKATAAN Työvuorot jolla toistuva_id=706 --> toistuva_id=0 
Ketju 603, POISTETAAN, koska ketjun lopetuspäivä ajemmin kun 13.04.2020 
MUOKATAAN Työvuorot jolla toistuva_id=603 --> toistuva_id=0 
Ketju 465, POISTETAAN, koska ketjun lopetuspäivä ajemmin kun 13.04.2020 
MUOKATAAN Työvuorot jolla toistuva_id=465 --> toistuva_id=0 
Ketju 694, POISTETAAN, koska ketjun lopetuspäivä ajemmin kun 13.04.2020 
MUOKATAAN Työvuorot jolla toistuva_id=694 --> toistuva_id=0 
Ketju 626, POISTETAAN, koska ketjun lopetuspäivä ajemmin kun 13.04.2020 
MUOKATAAN Työvuorot jolla toistuva_id=626 --> toistuva_id=0 
Ketju 748, POISTETAAN, koska ketjun lopetuspäivä ajemmin kun 13.04.2020 
MUOKATAAN Työvuorot jolla toistuva_id=748 --> toistuva_id=0 
Ketju 620, POISTETAAN, koska ketjun lopetuspäivä ajemmin kun 13.04.2020 
MUOKATAAN Työvuorot jolla toistuva_id=620 --> toistuva_id=0 
Ketju 606, POISTETAAN, koska ketjun lopetuspäivä ajemmin kun 13.04.2020 
MUOKATAAN Työvuorot jolla toistuva_id=606 --> toistuva_id=0 
Ketju 534, POISTETAAN, koska ketjun lopetuspäivä ajemmin kun 13.04.2020 
MUOKATAAN Työvuorot jolla toistuva_id=534 --> toistuva_id=0 
Ketju 671, POISTETAAN, koska ketjun lopetuspäivä ajemmin kun 13.04.2020 
MUOKATAAN Työvuorot jolla toistuva_id=671 --> toistuva_id=0 
Ketju 615, POISTETAAN, koska ketjun lopetuspäivä ajemmin kun 13.04.2020 
MUOKATAAN Työvuorot jolla toistuva_id=615 --> toistuva_id=0 
Ketju 707, POISTETAAN, koska ketjun lopetuspäivä ajemmin kun 13.04.2020 
MUOKATAAN Työvuorot jolla toistuva_id=707 --> toistuva_id=0 
Ketju 609, POISTETAAN, koska ketjun lopetuspäivä ajemmin kun 13.04.2020 
MUOKATAAN Työvuorot jolla toistuva_id=609 --> toistuva_id=0 
Ketju 542, POISTETAAN, koska ketjun lopetuspäivä ajemmin kun 13.04.2020 
MUOKATAAN Työvuorot jolla toistuva_id=542 --> toistuva_id=0 
Ketju 820, POISTETAAN, koska ketjun lopetuspäivä ajemmin kun 13.04.2020 
MUOKATAAN Työvuorot jolla toistuva_id=820 --> toistuva_id=0 
Ketju 734, POISTETAAN, koska ketjun lopetuspäivä ajemmin kun 13.04.2020 
MUOKATAAN Työvuorot jolla toistuva_id=734 --> toistuva_id=0 
Ketju 821, POISTETAAN, koska ketjun lopetuspäivä ajemmin kun 13.04.2020 
MUOKATAAN Työvuorot jolla toistuva_id=821 --> toistuva_id=0 
Ketju 704, POISTETAAN, koska ketjun lopetuspäivä ajemmin kun 13.04.2020 
MUOKATAAN Työvuorot jolla toistuva_id=704 --> toistuva_id=0 
Ketju 665, POISTETAAN, koska ketjun lopetuspäivä ajemmin kun 13.04.2020 
MUOKATAAN Työvuorot jolla toistuva_id=665 --> toistuva_id=0 
MUOKATAAN Työvuorot jolla toistuva_id=795 --> toistuva_id=0 
Ketju 461, POISTETAAN, koska ketjun lopetuspäivä ajemmin kun 13.04.2020 
MUOKATAAN Työvuorot jolla toistuva_id=461 --> toistuva_id=0 
Ketju 713, POISTETAAN, koska ketjun lopetuspäivä ajemmin kun 13.04.2020 
MUOKATAAN Työvuorot jolla toistuva_id=713 --> toistuva_id=0 
Ketju 746, POISTETAAN, koska ketjun lopetuspäivä ajemmin kun 13.04.2020 
MUOKATAAN Työvuorot jolla toistuva_id=746 --> toistuva_id=0 
Ketju 762, POISTETAAN, koska ketjun lopetuspäivä ajemmin kun 13.04.2020 
MUOKATAAN Työvuorot jolla toistuva_id=762 --> toistuva_id=0 
Ketju 714, POISTETAAN, koska ketjun lopetuspäivä ajemmin kun 13.04.2020 
MUOKATAAN Työvuorot jolla toistuva_id=714 --> toistuva_id=0 
Ketju 755, POISTETAAN, koska ketjun lopetuspäivä ajemmin kun 13.04.2020 
MUOKATAAN Työvuorot jolla toistuva_id=755 --> toistuva_id=0 
Ketju 770, POISTETAAN, koska ketjun lopetuspäivä ajemmin kun 13.04.2020 
MUOKATAAN Työvuorot jolla toistuva_id=770 --> toistuva_id=0 
Ketju 790, POISTETAAN, koska ketjun lopetuspäivä ajemmin kun 13.04.2020 
MUOKATAAN Työvuorot jolla toistuva_id=790 --> toistuva_id=0 
Ketju 611, POISTETAAN, koska ketjun lopetuspäivä ajemmin kun 13.04.2020 
MUOKATAAN Työvuorot jolla toistuva_id=611 --> toistuva_id=0 
Ketju 688, POISTETAAN, koska ketjun lopetuspäivä ajemmin kun 13.04.2020 
MUOKATAAN Työvuorot jolla toistuva_id=688 --> toistuva_id=0 
Ketju 741, POISTETAAN, koska ketjun lopetuspäivä ajemmin kun 13.04.2020 
MUOKATAAN Työvuorot jolla toistuva_id=741 --> toistuva_id=0 
Ketju 756, POISTETAAN, koska ketjun lopetuspäivä ajemmin kun 13.04.2020 
MUOKATAAN Työvuorot jolla toistuva_id=756 --> toistuva_id=0 
Ketju 771, POISTETAAN, koska ketjun lopetuspäivä ajemmin kun 13.04.2020 
MUOKATAAN Työvuorot jolla toistuva_id=771 --> toistuva_id=0 
Ketju 598, POISTETAAN, koska ketjun lopetuspäivä ajemmin kun 13.04.2020 
MUOKATAAN Työvuorot jolla toistuva_id=598 --> toistuva_id=0 
Ketju 612, POISTETAAN, koska ketjun lopetuspäivä ajemmin kun 13.04.2020 
MUOKATAAN Työvuorot jolla toistuva_id=612 --> toistuva_id=0 
Ketju 411, POISTETAAN, koska ketjun lopetuspäivä ajemmin kun 13.04.2020 
MUOKATAAN Työvuorot jolla toistuva_id=411 --> toistuva_id=0 
Ketju 580, POISTETAAN, koska ketjun lopetuspäivä ajemmin kun 13.04.2020 
MUOKATAAN Työvuorot jolla toistuva_id=580 --> toistuva_id=0 
Ketju 401, POISTETAAN, koska ketjun lopetuspäivä ajemmin kun 13.04.2020 
MUOKATAAN Työvuorot jolla toistuva_id=401 --> toistuva_id=0 
Ketju 613, POISTETAAN, koska ketjun lopetuspäivä ajemmin kun 13.04.2020 
MUOKATAAN Työvuorot jolla toistuva_id=613 --> toistuva_id=0 
Ketju 690, POISTETAAN, koska ketjun lopetuspäivä ajemmin kun 13.04.2020 
MUOKATAAN Työvuorot jolla toistuva_id=690 --> toistuva_id=0 
Ketju 590, POISTETAAN, koska ketjun lopetuspäivä ajemmin kun 13.04.2020 
MUOKATAAN Työvuorot jolla toistuva_id=590 --> toistuva_id=0 
Ketju 412, POISTETAAN, koska ketjun lopetuspäivä ajemmin kun 13.04.2020 
MUOKATAAN Työvuorot jolla toistuva_id=412 --> toistuva_id=0 
Ketju 750, POISTETAAN, koska ketjun lopetuspäivä ajemmin kun 13.04.2020 
MUOKATAAN Työvuorot jolla toistuva_id=750 --> toistuva_id=0 
Ketju 573, POISTETAAN, koska ketjun lopetuspäivä ajemmin kun 13.04.2020 
MUOKATAAN Työvuorot jolla toistuva_id=573 --> toistuva_id=0 
Ketju 591, POISTETAAN, koska ketjun lopetuspäivä ajemmin kun 13.04.2020 
MUOKATAAN Työvuorot jolla toistuva_id=591 --> toistuva_id=0 
Ketju 759, POISTETAAN, koska ketjun lopetuspäivä ajemmin kun 13.04.2020 
MUOKATAAN Työvuorot jolla toistuva_id=759 --> toistuva_id=0 
Ketju 447, POISTETAAN, koska ketjun lopetuspäivä ajemmin kun 13.04.2020 
MUOKATAAN Työvuorot jolla toistuva_id=447 --> toistuva_id=0 
MUOKATAAN Työvuorot jolla toistuva_id=448 --> toistuva_id=0 
Ketju 587, POISTETAAN, koska ketjun lopetuspäivä ajemmin kun 13.04.2020 
MUOKATAAN Työvuorot jolla toistuva_id=587 --> toistuva_id=0 
Ketju 660, POISTETAAN, koska ketjun lopetuspäivä ajemmin kun 13.04.2020 
MUOKATAAN Työvuorot jolla toistuva_id=660 --> toistuva_id=0 
Ketju 723, POISTETAAN, koska ketjun lopetuspäivä ajemmin kun 13.04.2020 
MUOKATAAN Työvuorot jolla toistuva_id=723 --> toistuva_id=0 
Ketju 777, POISTETAAN, koska ketjun lopetuspäivä ajemmin kun 13.04.2020 
MUOKATAAN Työvuorot jolla toistuva_id=777 --> toistuva_id=0 
Ketju 267, POISTETAAN, koska ketjun lopetuspäivä ajemmin kun 13.04.2020 
MUOKATAAN Työvuorot jolla toistuva_id=267 --> toistuva_id=0 
Ketju 268, POISTETAAN, koska ketjun lopetuspäivä ajemmin kun 13.04.2020 
MUOKATAAN Työvuorot jolla toistuva_id=268 --> toistuva_id=0 
Ketju 545, POISTETAAN, koska ketjun lopetuspäivä ajemmin kun 13.04.2020 
MUOKATAAN Työvuorot jolla toistuva_id=545 --> toistuva_id=0 
Ketju 378, POISTETAAN, koska ketjun lopetuspäivä ajemmin kun 13.04.2020 
MUOKATAAN Työvuorot jolla toistuva_id=378 --> toistuva_id=0 
Ketju 574, POISTETAAN, koska ketjun lopetuspäivä ajemmin kun 13.04.2020 
MUOKATAAN Työvuorot jolla toistuva_id=574 --> toistuva_id=0 
Ketju 173, POISTETAAN, koska ketjun lopetuspäivä ajemmin kun 13.04.2020 
MUOKATAAN Työvuorot jolla toistuva_id=173 --> toistuva_id=0 
Ketju 679, POISTETAAN, koska ketjun lopetuspäivä ajemmin kun 13.04.2020 
MUOKATAAN Työvuorot jolla toistuva_id=679 --> toistuva_id=0 
Ketju 398, POISTETAAN, koska ketjun lopetuspäivä ajemmin kun 13.04.2020 
MUOKATAAN Työvuorot jolla toistuva_id=398 --> toistuva_id=0 
Ketju 415, POISTETAAN, koska ketjun lopetuspäivä ajemmin kun 13.04.2020 
MUOKATAAN Työvuorot jolla toistuva_id=415 --> toistuva_id=0 
Ketju 732, POISTETAAN, koska ketjun lopetuspäivä ajemmin kun 13.04.2020 
MUOKATAAN Työvuorot jolla toistuva_id=732 --> toistuva_id=0 
Ketju 239, POISTETAAN, koska ketjun lopetuspäivä ajemmin kun 13.04.2020 
MUOKATAAN Työvuorot jolla toistuva_id=239 --> toistuva_id=0 
Ketju 689, POISTETAAN, koska ketjun lopetuspäivä ajemmin kun 13.04.2020 
MUOKATAAN Työvuorot jolla toistuva_id=689 --> toistuva_id=0 
Ketju 724, POISTETAAN, koska ketjun lopetuspäivä ajemmin kun 13.04.2020 
MUOKATAAN Työvuorot jolla toistuva_id=724 --> toistuva_id=0 
Ketju 294, POISTETAAN, koska ketjun lopetuspäivä ajemmin kun 13.04.2020 
MUOKATAAN Työvuorot jolla toistuva_id=294 --> toistuva_id=0 
Ketju 710, POISTETAAN, koska ketjun lopetuspäivä ajemmin kun 13.04.2020 
MUOKATAAN Työvuorot jolla toistuva_id=710 --> toistuva_id=0 
Ketju 633, POISTETAAN, koska ketjun lopetuspäivä ajemmin kun 13.04.2020 
MUOKATAAN Työvuorot jolla toistuva_id=633 --> toistuva_id=0 
Ketju 397, POISTETAAN, koska ketjun lopetuspäivä ajemmin kun 13.04.2020 
MUOKATAAN Työvuorot jolla toistuva_id=397 --> toistuva_id=0 
Ketju 699, POISTETAAN, koska ketjun lopetuspäivä ajemmin kun 13.04.2020 
MUOKATAAN Työvuorot jolla toistuva_id=699 --> toistuva_id=0 
Ketju 635, POISTETAAN, koska ketjun lopetuspäivä ajemmin kun 13.04.2020 
MUOKATAAN Työvuorot jolla toistuva_id=635 --> toistuva_id=0 
Ketju 277, POISTETAAN, koska ketjun lopetuspäivä ajemmin kun 13.04.2020 
MUOKATAAN Työvuorot jolla toistuva_id=277 --> toistuva_id=0 
Ketju 644, POISTETAAN, koska ketjun lopetuspäivä ajemmin kun 13.04.2020 
MUOKATAAN Työvuorot jolla toistuva_id=644 --> toistuva_id=0 
Ketju 638, POISTETAAN, koska ketjun lopetuspäivä ajemmin kun 13.04.2020 
MUOKATAAN Työvuorot jolla toistuva_id=638 --> toistuva_id=0 
Ketju 456, POISTETAAN, koska ketjun lopetuspäivä ajemmin kun 13.04.2020 
MUOKATAAN Työvuorot jolla toistuva_id=456 --> toistuva_id=0 
Ketju 701, POISTETAAN, koska ketjun lopetuspäivä ajemmin kun 13.04.2020 
MUOKATAAN Työvuorot jolla toistuva_id=701 --> toistuva_id=0 
Ketju 682, POISTETAAN, koska ketjun lopetuspäivä ajemmin kun 13.04.2020 
MUOKATAAN Työvuorot jolla toistuva_id=682 --> toistuva_id=0 
Ketju 293, POISTETAAN, koska ketjun lopetuspäivä ajemmin kun 13.04.2020 
MUOKATAAN Työvuorot jolla toistuva_id=293 --> toistuva_id=0 
Ketju 571, POISTETAAN, koska ketjun lopetuspäivä ajemmin kun 13.04.2020 
MUOKATAAN Työvuorot jolla toistuva_id=571 --> toistuva_id=0 
Ketju 718, POISTETAAN, koska ketjun lopetuspäivä ajemmin kun 13.04.2020 
MUOKATAAN Työvuorot jolla toistuva_id=718 --> toistuva_id=0 
Ketju 572, POISTETAAN, koska ketjun lopetuspäivä ajemmin kun 13.04.2020 
MUOKATAAN Työvuorot jolla toistuva_id=572 --> toistuva_id=0 
Ketju 719, POISTETAAN, koska ketjun lopetuspäivä ajemmin kun 13.04.2020 
MUOKATAAN Työvuorot jolla toistuva_id=719 --> toistuva_id=0 
Ketju 641, POISTETAAN, koska ketjun lopetuspäivä ajemmin kun 13.04.2020 
MUOKATAAN Työvuorot jolla toistuva_id=641 --> toistuva_id=0 
Ketju 403, POISTETAAN, koska ketjun lopetuspäivä ajemmin kun 13.04.2020 
MUOKATAAN Työvuorot jolla toistuva_id=403 --> toistuva_id=0 
Ketju 642, POISTETAAN, koska ketjun lopetuspäivä ajemmin kun 13.04.2020 
MUOKATAAN Työvuorot jolla toistuva_id=642 --> toistuva_id=0 
Ketju 672, POISTETAAN, koska ketjun lopetuspäivä ajemmin kun 13.04.2020 
MUOKATAAN Työvuorot jolla toistuva_id=672 --> toistuva_id=0 
Ketju 454, POISTETAAN, koska ketjun lopetuspäivä ajemmin kun 13.04.2020 
MUOKATAAN Työvuorot jolla toistuva_id=454 --> toistuva_id=0 
Ketju 721, POISTETAAN, koska ketjun lopetuspäivä ajemmin kun 13.04.2020 
MUOKATAAN Työvuorot jolla toistuva_id=721 --> toistuva_id=0 
Ketju 673, POISTETAAN, koska ketjun lopetuspäivä ajemmin kun 13.04.2020 
MUOKATAAN Työvuorot jolla toistuva_id=673 --> toistuva_id=0 
Ketju 455, POISTETAAN, koska ketjun lopetuspäivä ajemmin kun 13.04.2020 
MUOKATAAN Työvuorot jolla toistuva_id=455 --> toistuva_id=0 
Ketju 667, POISTETAAN, koska ketjun lopetuspäivä ajemmin kun 13.04.2020 
MUOKATAAN Työvuorot jolla toistuva_id=667 --> toistuva_id=0 
Ketju 222, POISTETAAN, koska ketjun lopetuspäivä ajemmin kun 13.04.2020 
MUOKATAAN Työvuorot jolla toistuva_id=222 --> toistuva_id=0 
Ketju 639, POISTETAAN, koska ketjun lopetuspäivä ajemmin kun 13.04.2020 
MUOKATAAN Työvuorot jolla toistuva_id=639 --> toistuva_id=0 
Ketju 709, POISTETAAN, koska ketjun lopetuspäivä ajemmin kun 13.04.2020 
MUOKATAAN Työvuorot jolla toistuva_id=709 --> toistuva_id=0 
Ketju 494, POISTETAAN, koska ketjun lopetuspäivä ajemmin kun 13.04.2020 
MUOKATAAN Työvuorot jolla toistuva_id=494 --> toistuva_id=0 
Ketju 385, POISTETAAN, koska ketjun lopetuspäivä ajemmin kun 13.04.2020 
MUOKATAAN Työvuorot jolla toistuva_id=385 --> toistuva_id=0 
Ketju 402, POISTETAAN, koska ketjun lopetuspäivä ajemmin kun 13.04.2020 
MUOKATAAN Työvuorot jolla toistuva_id=402 --> toistuva_id=0 
Ketju 453, POISTETAAN, koska ketjun lopetuspäivä ajemmin kun 13.04.2020 
MUOKATAAN Työvuorot jolla toistuva_id=453 --> toistuva_id=0 
Ketju 386, POISTETAAN, koska ketjun lopetuspäivä ajemmin kun 13.04.2020 
MUOKATAAN Työvuorot jolla toistuva_id=386 --> toistuva_id=0 
Ketju 182, POISTETAAN, koska ketjun lopetuspäivä ajemmin kun 13.04.2020 
MUOKATAAN Työvuorot jolla toistuva_id=182 --> toistuva_id=0 
Ketju 497, POISTETAAN, koska ketjun lopetuspäivä ajemmin kun 13.04.2020 
MUOKATAAN Työvuorot jolla toistuva_id=497 --> toistuva_id=0 
Ketju 186, POISTETAAN, koska ketjun lopetuspäivä ajemmin kun 13.04.2020 
MUOKATAAN Työvuorot jolla toistuva_id=186 --> toistuva_id=0 
Ketju 594, POISTETAAN, koska ketjun lopetuspäivä ajemmin kun 13.04.2020 
MUOKATAAN Työvuorot jolla toistuva_id=594 --> toistuva_id=0 
Ketju 473, POISTETAAN, koska ketjun lopetuspäivä ajemmin kun 13.04.2020 
MUOKATAAN Työvuorot jolla toistuva_id=473 --> toistuva_id=0 
Ketju 449, POISTETAAN, koska ketjun lopetuspäivä ajemmin kun 13.04.2020 
MUOKATAAN Työvuorot jolla toistuva_id=449 --> toistuva_id=0 
Ketju 596, POISTETAAN, koska ketjun lopetuspäivä ajemmin kun 13.04.2020 
MUOKATAAN Työvuorot jolla toistuva_id=596 --> toistuva_id=0 
Ketju 450, POISTETAAN, koska ketjun lopetuspäivä ajemmin kun 13.04.2020 
MUOKATAAN Työvuorot jolla toistuva_id=450 --> toistuva_id=0 
Ketju 543, POISTETAAN, koska ketjun lopetuspäivä ajemmin kun 13.04.2020 
MUOKATAAN Työvuorot jolla toistuva_id=543 --> toistuva_id=0 
Ketju 705, POISTETAAN, koska ketjun lopetuspäivä ajemmin kun 13.04.2020 
MUOKATAAN Työvuorot jolla toistuva_id=705 --> toistuva_id=0 
Ketju 492, POISTETAAN, koska ketjun lopetuspäivä ajemmin kun 13.04.2020 
MUOKATAAN Työvuorot jolla toistuva_id=492 --> toistuva_id=0 
Ketju 553, POISTETAAN, koska ketjun lopetuspäivä ajemmin kun 13.04.2020 
MUOKATAAN Työvuorot jolla toistuva_id=553 --> toistuva_id=0 
Ketju 493, POISTETAAN, koska ketjun lopetuspäivä ajemmin kun 13.04.2020 
MUOKATAAN Työvuorot jolla toistuva_id=493 --> toistuva_id=0 
Ketju 256, POISTETAAN, koska ketjun lopetuspäivä ajemmin kun 13.04.2020 
MUOKATAAN Työvuorot jolla toistuva_id=256 --> toistuva_id=0 
Ketju 400, POISTETAAN, koska ketjun lopetuspäivä ajemmin kun 13.04.2020 
MUOKATAAN Työvuorot jolla toistuva_id=400 --> toistuva_id=0 
Ketju 180, POISTETAAN, koska ketjun lopetuspäivä ajemmin kun 13.04.2020 
MUOKATAAN Työvuorot jolla toistuva_id=180 --> toistuva_id=0 
Ketju 171, POISTETAAN, koska ketjun lopetuspäivä ajemmin kun 13.04.2020 
MUOKATAAN Työvuorot jolla toistuva_id=171 --> toistuva_id=0 
Ketju 350, POISTETAAN, koska ketjun lopetuspäivä ajemmin kun 13.04.2020 
MUOKATAAN Työvuorot jolla toistuva_id=350 --> toistuva_id=0 
Ketju 172, POISTETAAN, koska ketjun lopetuspäivä ajemmin kun 13.04.2020 
MUOKATAAN Työvuorot jolla toistuva_id=172 --> toistuva_id=0 
Ketju 227, POISTETAAN, koska ketjun lopetuspäivä ajemmin kun 13.04.2020 
MUOKATAAN Työvuorot jolla toistuva_id=227 --> toistuva_id=0 
Ketju 329, POISTETAAN, koska ketjun lopetuspäivä ajemmin kun 13.04.2020 
MUOKATAAN Työvuorot jolla toistuva_id=329 --> toistuva_id=0 
Ketju 178, POISTETAAN, koska ketjun lopetuspäivä ajemmin kun 13.04.2020 
MUOKATAAN Työvuorot jolla toistuva_id=178 --> toistuva_id=0 
Ketju 303, POISTETAAN, koska ketjun lopetuspäivä ajemmin kun 13.04.2020 
MUOKATAAN Työvuorot jolla toistuva_id=303 --> toistuva_id=0 
Ketju 169, POISTETAAN, koska ketjun lopetuspäivä ajemmin kun 13.04.2020 
MUOKATAAN Työvuorot jolla toistuva_id=169 --> toistuva_id=0 
Ketju 274, POISTETAAN, koska ketjun lopetuspäivä ajemmin kun 13.04.2020 
MUOKATAAN Työvuorot jolla toistuva_id=274 --> toistuva_id=0 
Ketju 344, POISTETAAN, koska ketjun lopetuspäivä ajemmin kun 13.04.2020 
MUOKATAAN Työvuorot jolla toistuva_id=344 --> toistuva_id=0 
Ketju 625, POISTETAAN, koska ketjun lopetuspäivä ajemmin kun 13.04.2020 
MUOKATAAN Työvuorot jolla toistuva_id=625 --> toistuva_id=0 
Ketju 366, POISTETAAN, koska ketjun lopetuspäivä ajemmin kun 13.04.2020 
MUOKATAAN Työvuorot jolla toistuva_id=366 --> toistuva_id=0 
Ketju 393, POISTETAAN, koska ketjun lopetuspäivä ajemmin kun 13.04.2020 
MUOKATAAN Työvuorot jolla toistuva_id=393 --> toistuva_id=0 
Ketju 215, POISTETAAN, koska ketjun lopetuspäivä ajemmin kun 13.04.2020 
MUOKATAAN Työvuorot jolla toistuva_id=215 --> toistuva_id=0 
Ketju 414, POISTETAAN, koska ketjun lopetuspäivä ajemmin kun 13.04.2020 
MUOKATAAN Työvuorot jolla toistuva_id=414 --> toistuva_id=0 
Ketju 717, POISTETAAN, koska ketjun lopetuspäivä ajemmin kun 13.04.2020 
MUOKATAAN Työvuorot jolla toistuva_id=717 --> toistuva_id=0 
Ketju 383, POISTETAAN, koska ketjun lopetuspäivä ajemmin kun 13.04.2020 
MUOKATAAN Työvuorot jolla toistuva_id=383 --> toistuva_id=0 
Ketju 384, POISTETAAN, koska ketjun lopetuspäivä ajemmin kun 13.04.2020 
MUOKATAAN Työvuorot jolla toistuva_id=384 --> toistuva_id=0 
Ketju 232, POISTETAAN, koska ketjun lopetuspäivä ajemmin kun 13.04.2020 
MUOKATAAN Työvuorot jolla toistuva_id=232 --> toistuva_id=0 
Ketju 533, POISTETAAN, koska ketjun lopetuspäivä ajemmin kun 13.04.2020 
MUOKATAAN Työvuorot jolla toistuva_id=533 --> toistuva_id=0 
Ketju 225, POISTETAAN, koska ketjun lopetuspäivä ajemmin kun 13.04.2020 
MUOKATAAN Työvuorot jolla toistuva_id=225 --> toistuva_id=0 
Ketju 377, POISTETAAN, koska ketjun lopetuspäivä ajemmin kun 13.04.2020 
MUOKATAAN Työvuorot jolla toistuva_id=377 --> toistuva_id=0 
Ketju 387, POISTETAAN, koska ketjun lopetuspäivä ajemmin kun 13.04.2020 
MUOKATAAN Työvuorot jolla toistuva_id=387 --> toistuva_id=0 
Ketju 389, POISTETAAN, koska ketjun lopetuspäivä ajemmin kun 13.04.2020 
MUOKATAAN Työvuorot jolla toistuva_id=389 --> toistuva_id=0 
Ketju 166, POISTETAAN, koska ketjun lopetuspäivä ajemmin kun 13.04.2020 
MUOKATAAN Työvuorot jolla toistuva_id=166 --> toistuva_id=0 
Ketju 319, POISTETAAN, koska ketjun lopetuspäivä ajemmin kun 13.04.2020 
MUOKATAAN Työvuorot jolla toistuva_id=319 --> toistuva_id=0 
Ketju 532, POISTETAAN, koska ketjun lopetuspäivä ajemmin kun 13.04.2020 
MUOKATAAN Työvuorot jolla toistuva_id=532 --> toistuva_id=0 
Ketju 376, POISTETAAN, koska ketjun lopetuspäivä ajemmin kun 13.04.2020 
MUOKATAAN Työvuorot jolla toistuva_id=376 --> toistuva_id=0 
Ketju 394, POISTETAAN, koska ketjun lopetuspäivä ajemmin kun 13.04.2020 
MUOKATAAN Työvuorot jolla toistuva_id=394 --> toistuva_id=0 
Ketju 297, POISTETAAN, koska ketjun lopetuspäivä ajemmin kun 13.04.2020 
MUOKATAAN Työvuorot jolla toistuva_id=297 --> toistuva_id=0 
Ketju 153, POISTETAAN, koska ketjun lopetuspäivä ajemmin kun 13.04.2020 
MUOKATAAN Työvuorot jolla toistuva_id=153 --> toistuva_id=0 
Ketju 161, POISTETAAN, koska ketjun lopetuspäivä ajemmin kun 13.04.2020 
MUOKATAAN Työvuorot jolla toistuva_id=161 --> toistuva_id=0 
Ketju 154, POISTETAAN, koska ketjun lopetuspäivä ajemmin kun 13.04.2020 
MUOKATAAN Työvuorot jolla toistuva_id=154 --> toistuva_id=0 
Ketju 174, POISTETAAN, koska ketjun lopetuspäivä ajemmin kun 13.04.2020 
MUOKATAAN Työvuorot jolla toistuva_id=174 --> toistuva_id=0 
Ketju 229, POISTETAAN, koska ketjun lopetuspäivä ajemmin kun 13.04.2020 
MUOKATAAN Työvuorot jolla toistuva_id=229 --> toistuva_id=0 
Ketju 175, POISTETAAN, koska ketjun lopetuspäivä ajemmin kun 13.04.2020 
MUOKATAAN Työvuorot jolla toistuva_id=175 --> toistuva_id=0 
Ketju 230, POISTETAAN, koska ketjun lopetuspäivä ajemmin kun 13.04.2020 
MUOKATAAN Työvuorot jolla toistuva_id=230 --> toistuva_id=0 
Ketju 531, POISTETAAN, koska ketjun lopetuspäivä ajemmin kun 13.04.2020 
MUOKATAAN Työvuorot jolla toistuva_id=531 --> toistuva_id=0 
Ketju 372, POISTETAAN, koska ketjun lopetuspäivä ajemmin kun 13.04.2020 
MUOKATAAN Työvuorot jolla toistuva_id=372 --> toistuva_id=0 
Ketju 160, POISTETAAN, koska ketjun lopetuspäivä ajemmin kun 13.04.2020 
MUOKATAAN Työvuorot jolla toistuva_id=160 --> toistuva_id=0 
Ketju 607, POISTETAAN, koska ketjun lopetuspäivä ajemmin kun 13.04.2020 
MUOKATAAN Työvuorot jolla toistuva_id=607 --> toistuva_id=0 
Ketju 352, POISTETAAN, koska ketjun lopetuspäivä ajemmin kun 13.04.2020 
MUOKATAAN Työvuorot jolla toistuva_id=352 --> toistuva_id=0 
Ketju 722, POISTETAAN, koska ketjun lopetuspäivä ajemmin kun 13.04.2020 
MUOKATAAN Työvuorot jolla toistuva_id=722 --> toistuva_id=0 
Ketju 330, POISTETAAN, koska ketjun lopetuspäivä ajemmin kun 13.04.2020 
MUOKATAAN Työvuorot jolla toistuva_id=330 --> toistuva_id=0 
Ketju 518, POISTETAAN, koska ketjun lopetuspäivä ajemmin kun 13.04.2020 
MUOKATAAN Työvuorot jolla toistuva_id=518 --> toistuva_id=0 
Ketju 322, POISTETAAN, koska ketjun lopetuspäivä ajemmin kun 13.04.2020 
MUOKATAAN Työvuorot jolla toistuva_id=322 --> toistuva_id=0 
Ketju 375, POISTETAAN, koska ketjun lopetuspäivä ajemmin kun 13.04.2020 
MUOKATAAN Työvuorot jolla toistuva_id=375 --> toistuva_id=0 
Ketju 163, POISTETAAN, koska ketjun lopetuspäivä ajemmin kun 13.04.2020 
MUOKATAAN Työvuorot jolla toistuva_id=163 --> toistuva_id=0 
Ketju 288, POISTETAAN, koska ketjun lopetuspäivä ajemmin kun 13.04.2020 
MUOKATAAN Työvuorot jolla toistuva_id=288 --> toistuva_id=0 
Ketju 219, POISTETAAN, koska ketjun lopetuspäivä ajemmin kun 13.04.2020 
MUOKATAAN Työvuorot jolla toistuva_id=219 --> toistuva_id=0 
Ketju 351, POISTETAAN, koska ketjun lopetuspäivä ajemmin kun 13.04.2020 
MUOKATAAN Työvuorot jolla toistuva_id=351 --> toistuva_id=0 
Ketju 248, POISTETAAN, koska ketjun lopetuspäivä ajemmin kun 13.04.2020 
MUOKATAAN Työvuorot jolla toistuva_id=248 --> toistuva_id=0 
Ketju 286, POISTETAAN, koska ketjun lopetuspäivä ajemmin kun 13.04.2020 
MUOKATAAN Työvuorot jolla toistuva_id=286 --> toistuva_id=0 
Ketju 339, POISTETAAN, koska ketjun lopetuspäivä ajemmin kun 13.04.2020 
MUOKATAAN Työvuorot jolla toistuva_id=339 --> toistuva_id=0 
Ketju 336, POISTETAAN, koska ketjun lopetuspäivä ajemmin kun 13.04.2020 
MUOKATAAN Työvuorot jolla toistuva_id=336 --> toistuva_id=0 
Ketju 155, POISTETAAN, koska ketjun lopetuspäivä ajemmin kun 13.04.2020 
MUOKATAAN Työvuorot jolla toistuva_id=155 --> toistuva_id=0 
Ketju 356, POISTETAAN, koska ketjun lopetuspäivä ajemmin kun 13.04.2020 
MUOKATAAN Työvuorot jolla toistuva_id=356 --> toistuva_id=0 
Ketju 363, POISTETAAN, koska ketjun lopetuspäivä ajemmin kun 13.04.2020 
MUOKATAAN Työvuorot jolla toistuva_id=363 --> toistuva_id=0 
Ketju 346, POISTETAAN, koska ketjun lopetuspäivä ajemmin kun 13.04.2020 
MUOKATAAN Työvuorot jolla toistuva_id=346 --> toistuva_id=0 
Ketju 142, POISTETAAN, koska ketjun lopetuspäivä ajemmin kun 13.04.2020 
MUOKATAAN Työvuorot jolla toistuva_id=142 --> toistuva_id=0 
Ketju 305, POISTETAAN, koska ketjun lopetuspäivä ajemmin kun 13.04.2020 
MUOKATAAN Työvuorot jolla toistuva_id=305 --> toistuva_id=0 
Ketju 200, POISTETAAN, koska ketjun lopetuspäivä ajemmin kun 13.04.2020 
MUOKATAAN Työvuorot jolla toistuva_id=200 --> toistuva_id=0 
Ketju 355, POISTETAAN, koska ketjun lopetuspäivä ajemmin kun 13.04.2020 
MUOKATAAN Työvuorot jolla toistuva_id=355 --> toistuva_id=0 
Ketju 147, POISTETAAN, koska ketjun lopetuspäivä ajemmin kun 13.04.2020 
MUOKATAAN Työvuorot jolla toistuva_id=147 --> toistuva_id=0 
Ketju 148, POISTETAAN, koska ketjun lopetuspäivä ajemmin kun 13.04.2020 
MUOKATAAN Työvuorot jolla toistuva_id=148 --> toistuva_id=0 
Ketju 317, POISTETAAN, koska ketjun lopetuspäivä ajemmin kun 13.04.2020 
MUOKATAAN Työvuorot jolla toistuva_id=317 --> toistuva_id=0 
Ketju 140, POISTETAAN, koska ketjun lopetuspäivä ajemmin kun 13.04.2020 
MUOKATAAN Työvuorot jolla toistuva_id=140 --> toistuva_id=0 
Ketju 266, POISTETAAN, koska ketjun lopetuspäivä ajemmin kun 13.04.2020 
MUOKATAAN Työvuorot jolla toistuva_id=266 --> toistuva_id=0 
Ketju 143, POISTETAAN, koska ketjun lopetuspäivä ajemmin kun 13.04.2020 
MUOKATAAN Työvuorot jolla toistuva_id=143 --> toistuva_id=0 
Ketju 343, POISTETAAN, koska ketjun lopetuspäivä ajemmin kun 13.04.2020 
MUOKATAAN Työvuorot jolla toistuva_id=343 --> toistuva_id=0 
Ketju 139, POISTETAAN, koska ketjun lopetuspäivä ajemmin kun 13.04.2020 
MUOKATAAN Työvuorot jolla toistuva_id=139 --> toistuva_id=0 
Ketju 345, POISTETAAN, koska ketjun lopetuspäivä ajemmin kun 13.04.2020 
MUOKATAAN Työvuorot jolla toistuva_id=345 --> toistuva_id=0 
Ketju 136, POISTETAAN, koska ketjun lopetuspäivä ajemmin kun 13.04.2020 
MUOKATAAN Työvuorot jolla toistuva_id=136 --> toistuva_id=0 
Ketju 137, POISTETAAN, koska ketjun lopetuspäivä ajemmin kun 13.04.2020 
MUOKATAAN Työvuorot jolla toistuva_id=137 --> toistuva_id=0 
Ketju 271, POISTETAAN, koska ketjun lopetuspäivä ajemmin kun 13.04.2020 
MUOKATAAN Työvuorot jolla toistuva_id=271 --> toistuva_id=0 
Ketju 138, POISTETAAN, koska ketjun lopetuspäivä ajemmin kun 13.04.2020 
MUOKATAAN Työvuorot jolla toistuva_id=138 --> toistuva_id=0 
Ketju 238, POISTETAAN, koska ketjun lopetuspäivä ajemmin kun 13.04.2020 
MUOKATAAN Työvuorot jolla toistuva_id=238 --> toistuva_id=0 
Ketju 151, POISTETAAN, koska ketjun lopetuspäivä ajemmin kun 13.04.2020 
MUOKATAAN Työvuorot jolla toistuva_id=151 --> toistuva_id=0 
Ketju 321, POISTETAAN, koska ketjun lopetuspäivä ajemmin kun 13.04.2020 
MUOKATAAN Työvuorot jolla toistuva_id=321 --> toistuva_id=0 
Ketju 314, POISTETAAN, koska ketjun lopetuspäivä ajemmin kun 13.04.2020 
MUOKATAAN Työvuorot jolla toistuva_id=314 --> toistuva_id=0 
Ketju 112, POISTETAAN, koska ketjun lopetuspäivä ajemmin kun 13.04.2020 
MUOKATAAN Työvuorot jolla toistuva_id=112 --> toistuva_id=0 
Ketju 197, POISTETAAN, koska ketjun lopetuspäivä ajemmin kun 13.04.2020 
MUOKATAAN Työvuorot jolla toistuva_id=197 --> toistuva_id=0 
Ketju 315, POISTETAAN, koska ketjun lopetuspäivä ajemmin kun 13.04.2020 
MUOKATAAN Työvuorot jolla toistuva_id=315 --> toistuva_id=0 
Ketju 115, POISTETAAN, koska ketjun lopetuspäivä ajemmin kun 13.04.2020 
MUOKATAAN Työvuorot jolla toistuva_id=115 --> toistuva_id=0 
Ketju 198, POISTETAAN, koska ketjun lopetuspäivä ajemmin kun 13.04.2020 
MUOKATAAN Työvuorot jolla toistuva_id=198 --> toistuva_id=0 
Ketju 162, POISTETAAN, koska ketjun lopetuspäivä ajemmin kun 13.04.2020 
MUOKATAAN Työvuorot jolla toistuva_id=162 --> toistuva_id=0 
Ketju 199, POISTETAAN, koska ketjun lopetuspäivä ajemmin kun 13.04.2020 
MUOKATAAN Työvuorot jolla toistuva_id=199 --> toistuva_id=0 
Ketju 141, POISTETAAN, koska ketjun lopetuspäivä ajemmin kun 13.04.2020 
MUOKATAAN Työvuorot jolla toistuva_id=141 --> toistuva_id=0 
Ketju 158, POISTETAAN, koska ketjun lopetuspäivä ajemmin kun 13.04.2020 
MUOKATAAN Työvuorot jolla toistuva_id=158 --> toistuva_id=0 
Ketju 341, POISTETAAN, koska ketjun lopetuspäivä ajemmin kun 13.04.2020 
MUOKATAAN Työvuorot jolla toistuva_id=341 --> toistuva_id=0 
Ketju 327, POISTETAAN, koska ketjun lopetuspäivä ajemmin kun 13.04.2020 
MUOKATAAN Työvuorot jolla toistuva_id=327 --> toistuva_id=0 
Ketju 328, POISTETAAN, koska ketjun lopetuspäivä ajemmin kun 13.04.2020 
MUOKATAAN Työvuorot jolla toistuva_id=328 --> toistuva_id=0 
Ketju 149, POISTETAAN, koska ketjun lopetuspäivä ajemmin kun 13.04.2020 
MUOKATAAN Työvuorot jolla toistuva_id=149 --> toistuva_id=0 
Ketju 207, POISTETAAN, koska ketjun lopetuspäivä ajemmin kun 13.04.2020 
MUOKATAAN Työvuorot jolla toistuva_id=207 --> toistuva_id=0 
Ketju 313, POISTETAAN, koska ketjun lopetuspäivä ajemmin kun 13.04.2020 
MUOKATAAN Työvuorot jolla toistuva_id=313 --> toistuva_id=0 
Ketju 316, POISTETAAN, koska ketjun lopetuspäivä ajemmin kun 13.04.2020 
MUOKATAAN Työvuorot jolla toistuva_id=316 --> toistuva_id=0 
Ketju 279, POISTETAAN, koska ketjun lopetuspäivä ajemmin kun 13.04.2020 
MUOKATAAN Työvuorot jolla toistuva_id=279 --> toistuva_id=0 
Ketju 223, POISTETAAN, koska ketjun lopetuspäivä ajemmin kun 13.04.2020 
MUOKATAAN Työvuorot jolla toistuva_id=223 --> toistuva_id=0 
Ketju 105, POISTETAAN, koska ketjun lopetuspäivä ajemmin kun 13.04.2020 
MUOKATAAN Työvuorot jolla toistuva_id=105 --> toistuva_id=0 
Ketju 287, POISTETAAN, koska ketjun lopetuspäivä ajemmin kun 13.04.2020 
MUOKATAAN Työvuorot jolla toistuva_id=287 --> toistuva_id=0 
Ketju 342, POISTETAAN, koska ketjun lopetuspäivä ajemmin kun 13.04.2020 
MUOKATAAN Työvuorot jolla toistuva_id=342 --> toistuva_id=0 
Ketju 307, POISTETAAN, koska ketjun lopetuspäivä ajemmin kun 13.04.2020 
MUOKATAAN Työvuorot jolla toistuva_id=307 --> toistuva_id=0 
Ketju 156, POISTETAAN, koska ketjun lopetuspäivä ajemmin kun 13.04.2020 
MUOKATAAN Työvuorot jolla toistuva_id=156 --> toistuva_id=0 
Ketju 157, POISTETAAN, koska ketjun lopetuspäivä ajemmin kun 13.04.2020 
MUOKATAAN Työvuorot jolla toistuva_id=157 --> toistuva_id=0 
Ketju 258, POISTETAAN, koska ketjun lopetuspäivä ajemmin kun 13.04.2020 
MUOKATAAN Työvuorot jolla toistuva_id=258 --> toistuva_id=0 
Ketju 332, POISTETAAN, koska ketjun lopetuspäivä ajemmin kun 13.04.2020 
MUOKATAAN Työvuorot jolla toistuva_id=332 --> toistuva_id=0 
Ketju 259, POISTETAAN, koska ketjun lopetuspäivä ajemmin kun 13.04.2020 
MUOKATAAN Työvuorot jolla toistuva_id=259 --> toistuva_id=0 
Ketju 333, POISTETAAN, koska ketjun lopetuspäivä ajemmin kun 13.04.2020 
MUOKATAAN Työvuorot jolla toistuva_id=333 --> toistuva_id=0 
Ketju 334, POISTETAAN, koska ketjun lopetuspäivä ajemmin kun 13.04.2020 
MUOKATAAN Työvuorot jolla toistuva_id=334 --> toistuva_id=0 
Ketju 320, POISTETAAN, koska ketjun lopetuspäivä ajemmin kun 13.04.2020 
MUOKATAAN Työvuorot jolla toistuva_id=320 --> toistuva_id=0 
Ketju 134, POISTETAAN, koska ketjun lopetuspäivä ajemmin kun 13.04.2020 
MUOKATAAN Työvuorot jolla toistuva_id=134 --> toistuva_id=0 
Ketju 195, POISTETAAN, koska ketjun lopetuspäivä ajemmin kun 13.04.2020 
MUOKATAAN Työvuorot jolla toistuva_id=195 --> toistuva_id=0 
Ketju 196, POISTETAAN, koska ketjun lopetuspäivä ajemmin kun 13.04.2020 
MUOKATAAN Työvuorot jolla toistuva_id=196 --> toistuva_id=0 
Ketju 253, POISTETAAN, koska ketjun lopetuspäivä ajemmin kun 13.04.2020 
MUOKATAAN Työvuorot jolla toistuva_id=253 --> toistuva_id=0 
Ketju 278, POISTETAAN, koska ketjun lopetuspäivä ajemmin kun 13.04.2020 
MUOKATAAN Työvuorot jolla toistuva_id=278 --> toistuva_id=0 
Ketju 192, POISTETAAN, koska ketjun lopetuspäivä ajemmin kun 13.04.2020 
MUOKATAAN Työvuorot jolla toistuva_id=192 --> toistuva_id=0 
Ketju 193, POISTETAAN, koska ketjun lopetuspäivä ajemmin kun 13.04.2020 
MUOKATAAN Työvuorot jolla toistuva_id=193 --> toistuva_id=0 
Ketju 194, POISTETAAN, koska ketjun lopetuspäivä ajemmin kun 13.04.2020 
MUOKATAAN Työvuorot jolla toistuva_id=194 --> toistuva_id=0 
Ketju 189, POISTETAAN, koska ketjun lopetuspäivä ajemmin kun 13.04.2020 
MUOKATAAN Työvuorot jolla toistuva_id=189 --> toistuva_id=0 
Ketju 190, POISTETAAN, koska ketjun lopetuspäivä ajemmin kun 13.04.2020 
MUOKATAAN Työvuorot jolla toistuva_id=190 --> toistuva_id=0 
Ketju 191, POISTETAAN, koska ketjun lopetuspäivä ajemmin kun 13.04.2020 
MUOKATAAN Työvuorot jolla toistuva_id=191 --> toistuva_id=0 
Ketju 111, POISTETAAN, koska ketjun lopetuspäivä ajemmin kun 13.04.2020 
MUOKATAAN Työvuorot jolla toistuva_id=111 --> toistuva_id=0 
MUOKATAAN Työvuorot jolla toistuva_id=234 --> toistuva_id=0 
Ketju 254, POISTETAAN, koska ketjun lopetuspäivä ajemmin kun 13.04.2020 
MUOKATAAN Työvuorot jolla toistuva_id=254 --> toistuva_id=0 
Ketju 301, POISTETAAN, koska ketjun lopetuspäivä ajemmin kun 13.04.2020 
MUOKATAAN Työvuorot jolla toistuva_id=301 --> toistuva_id=0 
Ketju 187, POISTETAAN, koska ketjun lopetuspäivä ajemmin kun 13.04.2020 
MUOKATAAN Työvuorot jolla toistuva_id=187 --> toistuva_id=0 
Ketju 309, POISTETAAN, koska ketjun lopetuspäivä ajemmin kun 13.04.2020 
MUOKATAAN Työvuorot jolla toistuva_id=309 --> toistuva_id=0 
Ketju 188, POISTETAAN, koska ketjun lopetuspäivä ajemmin kun 13.04.2020 
MUOKATAAN Työvuorot jolla toistuva_id=188 --> toistuva_id=0 
Ketju 247, POISTETAAN, koska ketjun lopetuspäivä ajemmin kun 13.04.2020 
MUOKATAAN Työvuorot jolla toistuva_id=247 --> toistuva_id=0 
Ketju 242, POISTETAAN, koska ketjun lopetuspäivä ajemmin kun 13.04.2020 
MUOKATAAN Työvuorot jolla toistuva_id=242 --> toistuva_id=0 
Ketju 237, POISTETAAN, koska ketjun lopetuspäivä ajemmin kun 13.04.2020 
MUOKATAAN Työvuorot jolla toistuva_id=237 --> toistuva_id=0 
Ketju 181, POISTETAAN, koska ketjun lopetuspäivä ajemmin kun 13.04.2020 
MUOKATAAN Työvuorot jolla toistuva_id=181 --> toistuva_id=0 
Ketju 243, POISTETAAN, koska ketjun lopetuspäivä ajemmin kun 13.04.2020 
MUOKATAAN Työvuorot jolla toistuva_id=243 --> toistuva_id=0 
Ketju 244, POISTETAAN, koska ketjun lopetuspäivä ajemmin kun 13.04.2020 
MUOKATAAN Työvuorot jolla toistuva_id=244 --> toistuva_id=0 
Ketju 245, POISTETAAN, koska ketjun lopetuspäivä ajemmin kun 13.04.2020 
MUOKATAAN Työvuorot jolla toistuva_id=245 --> toistuva_id=0 
Ketju 252, POISTETAAN, koska ketjun lopetuspäivä ajemmin kun 13.04.2020 
MUOKATAAN Työvuorot jolla toistuva_id=252 --> toistuva_id=0 
Ketju 289, POISTETAAN, koska ketjun lopetuspäivä ajemmin kun 13.04.2020 
MUOKATAAN Työvuorot jolla toistuva_id=289 --> toistuva_id=0 
Ketju 221, POISTETAAN, koska ketjun lopetuspäivä ajemmin kun 13.04.2020 
MUOKATAAN Työvuorot jolla toistuva_id=221 --> toistuva_id=0 
Ketju 27, POISTETAAN, koska ketjun lopetuspäivä ajemmin kun 13.04.2020 
MUOKATAAN Työvuorot jolla toistuva_id=27 --> toistuva_id=0 
Ketju 291, POISTETAAN, koska ketjun lopetuspäivä ajemmin kun 13.04.2020 
MUOKATAAN Työvuorot jolla toistuva_id=291 --> toistuva_id=0 
Ketju 236, POISTETAAN, koska ketjun lopetuspäivä ajemmin kun 13.04.2020 
MUOKATAAN Työvuorot jolla toistuva_id=236 --> toistuva_id=0 
Ketju 32, POISTETAAN, koska ketjun lopetuspäivä ajemmin kun 13.04.2020 
MUOKATAAN Työvuorot jolla toistuva_id=32 --> toistuva_id=0 
Ketju 231, POISTETAAN, koska ketjun lopetuspäivä ajemmin kun 13.04.2020 
MUOKATAAN Työvuorot jolla toistuva_id=231 --> toistuva_id=0 
Ketju 128, POISTETAAN, koska ketjun lopetuspäivä ajemmin kun 13.04.2020 
MUOKATAAN Työvuorot jolla toistuva_id=128 --> toistuva_id=0 
Ketju 131, POISTETAAN, koska ketjun lopetuspäivä ajemmin kun 13.04.2020 
MUOKATAAN Työvuorot jolla toistuva_id=131 --> toistuva_id=0 
Ketju 241, POISTETAAN, koska ketjun lopetuspäivä ajemmin kun 13.04.2020 
MUOKATAAN Työvuorot jolla toistuva_id=241 --> toistuva_id=0 
Ketju 108, POISTETAAN, koska ketjun lopetuspäivä ajemmin kun 13.04.2020 
MUOKATAAN Työvuorot jolla toistuva_id=108 --> toistuva_id=0 
Ketju 90, POISTETAAN, koska ketjun lopetuspäivä ajemmin kun 13.04.2020 
MUOKATAAN Työvuorot jolla toistuva_id=90 --> toistuva_id=0 
Ketju 132, POISTETAAN, koska ketjun lopetuspäivä ajemmin kun 13.04.2020 
MUOKATAAN Työvuorot jolla toistuva_id=132 --> toistuva_id=0 
Ketju 129, POISTETAAN, koska ketjun lopetuspäivä ajemmin kun 13.04.2020 
MUOKATAAN Työvuorot jolla toistuva_id=129 --> toistuva_id=0 
Ketju 117, POISTETAAN, koska ketjun lopetuspäivä ajemmin kun 13.04.2020 
MUOKATAAN Työvuorot jolla toistuva_id=117 --> toistuva_id=0 
Ketju 110, POISTETAAN, koska ketjun lopetuspäivä ajemmin kun 13.04.2020 
MUOKATAAN Työvuorot jolla toistuva_id=110 --> toistuva_id=0 
Ketju 19, POISTETAAN, koska ketjun lopetuspäivä ajemmin kun 13.04.2020 
MUOKATAAN Työvuorot jolla toistuva_id=19 --> toistuva_id=0 
Ketju 23, POISTETAAN, koska ketjun lopetuspäivä ajemmin kun 13.04.2020 
MUOKATAAN Työvuorot jolla toistuva_id=23 --> toistuva_id=0 
Ketju 31, POISTETAAN, koska ketjun lopetuspäivä ajemmin kun 13.04.2020 
MUOKATAAN Työvuorot jolla toistuva_id=31 --> toistuva_id=0 
Ketju 45, POISTETAAN, koska ketjun lopetuspäivä ajemmin kun 13.04.2020 
MUOKATAAN Työvuorot jolla toistuva_id=45 --> toistuva_id=0 
Ketju 109, POISTETAAN, koska ketjun lopetuspäivä ajemmin kun 13.04.2020 
MUOKATAAN Työvuorot jolla toistuva_id=109 --> toistuva_id=0 
Ketju 76, POISTETAAN, koska ketjun lopetuspäivä ajemmin kun 13.04.2020 
MUOKATAAN Työvuorot jolla toistuva_id=76 --> toistuva_id=0 
Ketju 38, POISTETAAN, koska ketjun lopetuspäivä ajemmin kun 13.04.2020 
MUOKATAAN Työvuorot jolla toistuva_id=38 --> toistuva_id=0 
Ketju 39, POISTETAAN, koska ketjun lopetuspäivä ajemmin kun 13.04.2020 
MUOKATAAN Työvuorot jolla toistuva_id=39 --> toistuva_id=0 
Ketju 43, POISTETAAN, koska ketjun lopetuspäivä ajemmin kun 13.04.2020 
MUOKATAAN Työvuorot jolla toistuva_id=43 --> toistuva_id=0 
Ketju 28, POISTETAAN, koska ketjun lopetuspäivä ajemmin kun 13.04.2020 
MUOKATAAN Työvuorot jolla toistuva_id=28 --> toistuva_id=0 
Ketju 121, POISTETAAN, koska ketjun lopetuspäivä ajemmin kun 13.04.2020 
MUOKATAAN Työvuorot jolla toistuva_id=121 --> toistuva_id=0 
Ketju 123, POISTETAAN, koska ketjun lopetuspäivä ajemmin kun 13.04.2020 
MUOKATAAN Työvuorot jolla toistuva_id=123 --> toistuva_id=0 
Ketju 119, POISTETAAN, koska ketjun lopetuspäivä ajemmin kun 13.04.2020 
MUOKATAAN Työvuorot jolla toistuva_id=119 --> toistuva_id=0 
Ketju 127, POISTETAAN, koska ketjun lopetuspäivä ajemmin kun 13.04.2020 
MUOKATAAN Työvuorot jolla toistuva_id=127 --> toistuva_id=0 
Ketju 118, POISTETAAN, koska ketjun lopetuspäivä ajemmin kun 13.04.2020 
MUOKATAAN Työvuorot jolla toistuva_id=118 --> toistuva_id=0 
Ketju 120, POISTETAAN, koska ketjun lopetuspäivä ajemmin kun 13.04.2020 
MUOKATAAN Työvuorot jolla toistuva_id=120 --> toistuva_id=0 
Ketju 69, POISTETAAN, koska ketjun lopetuspäivä ajemmin kun 13.04.2020 
MUOKATAAN Työvuorot jolla toistuva_id=69 --> toistuva_id=0 
Ketju 125, POISTETAAN, koska ketjun lopetuspäivä ajemmin kun 13.04.2020 
MUOKATAAN Työvuorot jolla toistuva_id=125 --> toistuva_id=0 
Ketju 126, POISTETAAN, koska ketjun lopetuspäivä ajemmin kun 13.04.2020 
MUOKATAAN Työvuorot jolla toistuva_id=126 --> toistuva_id=0 
Ketju 87, POISTETAAN, koska ketjun lopetuspäivä ajemmin kun 13.04.2020 
MUOKATAAN Työvuorot jolla toistuva_id=87 --> toistuva_id=0 
Ketju 122, POISTETAAN, koska ketjun lopetuspäivä ajemmin kun 13.04.2020 
MUOKATAAN Työvuorot jolla toistuva_id=122 --> toistuva_id=0 
Ketju 124, POISTETAAN, koska ketjun lopetuspäivä ajemmin kun 13.04.2020 
MUOKATAAN Työvuorot jolla toistuva_id=124 --> toistuva_id=0 
Ketju 22, POISTETAAN, koska ketjun lopetuspäivä ajemmin kun 13.04.2020 
MUOKATAAN Työvuorot jolla toistuva_id=22 --> toistuva_id=0 
Ketju 95, POISTETAAN, koska ketjun lopetuspäivä ajemmin kun 13.04.2020 
MUOKATAAN Työvuorot jolla toistuva_id=95 --> toistuva_id=0 
Ketju 107, POISTETAAN, koska ketjun lopetuspäivä ajemmin kun 13.04.2020 
MUOKATAAN Työvuorot jolla toistuva_id=107 --> toistuva_id=0 
Ketju 68, POISTETAAN, koska ketjun lopetuspäivä ajemmin kun 13.04.2020 
MUOKATAAN Työvuorot jolla toistuva_id=68 --> toistuva_id=0 
Ketju 67, POISTETAAN, koska ketjun lopetuspäivä ajemmin kun 13.04.2020 
MUOKATAAN Työvuorot jolla toistuva_id=67 --> toistuva_id=0 
Ketju 92, POISTETAAN, koska ketjun lopetuspäivä ajemmin kun 13.04.2020 
MUOKATAAN Työvuorot jolla toistuva_id=92 --> toistuva_id=0 
Ketju 14, POISTETAAN, koska ketjun lopetuspäivä ajemmin kun 13.04.2020 
MUOKATAAN Työvuorot jolla toistuva_id=14 --> toistuva_id=0 
Ketju 89, POISTETAAN, koska ketjun lopetuspäivä ajemmin kun 13.04.2020 
MUOKATAAN Työvuorot jolla toistuva_id=89 --> toistuva_id=0 
Ketju 60, POISTETAAN, koska ketjun lopetuspäivä ajemmin kun 13.04.2020 
MUOKATAAN Työvuorot jolla toistuva_id=60 --> toistuva_id=0 
Ketju 41, POISTETAAN, koska ketjun lopetuspäivä ajemmin kun 13.04.2020 
MUOKATAAN Työvuorot jolla toistuva_id=41 --> toistuva_id=0 
Ketju 30, POISTETAAN, koska ketjun lopetuspäivä ajemmin kun 13.04.2020 
MUOKATAAN Työvuorot jolla toistuva_id=30 --> toistuva_id=0 
Ketju 26, POISTETAAN, koska ketjun lopetuspäivä ajemmin kun 13.04.2020 
MUOKATAAN Työvuorot jolla toistuva_id=26 --> toistuva_id=0 
Ketju 46, POISTETAAN, koska ketjun lopetuspäivä ajemmin kun 13.04.2020 
MUOKATAAN Työvuorot jolla toistuva_id=46 --> toistuva_id=0 
Ketju 63, POISTETAAN, koska ketjun lopetuspäivä ajemmin kun 13.04.2020 
MUOKATAAN Työvuorot jolla toistuva_id=63 --> toistuva_id=0 
Ketju 24, POISTETAAN, koska ketjun lopetuspäivä ajemmin kun 13.04.2020 
MUOKATAAN Työvuorot jolla toistuva_id=24 --> toistuva_id=0 
Ketju 17, POISTETAAN, koska ketjun lopetuspäivä ajemmin kun 13.04.2020 
MUOKATAAN Työvuorot jolla toistuva_id=17 --> toistuva_id=0 
Ketju 65, POISTETAAN, koska ketjun lopetuspäivä ajemmin kun 13.04.2020 
MUOKATAAN Työvuorot jolla toistuva_id=65 --> toistuva_id=0 
Ketju 61, POISTETAAN, koska ketjun lopetuspäivä ajemmin kun 13.04.2020 
MUOKATAAN Työvuorot jolla toistuva_id=61 --> toistuva_id=0 
Ketju 106, POISTETAAN, koska ketjun lopetuspäivä ajemmin kun 13.04.2020 
MUOKATAAN Työvuorot jolla toistuva_id=106 --> toistuva_id=0 
Ketju 20, POISTETAAN, koska ketjun lopetuspäivä ajemmin kun 13.04.2020 
MUOKATAAN Työvuorot jolla toistuva_id=20 --> toistuva_id=0 
Ketju 29, POISTETAAN, koska ketjun lopetuspäivä ajemmin kun 13.04.2020 
MUOKATAAN Työvuorot jolla toistuva_id=29 --> toistuva_id=0 
Ketju 75, POISTETAAN, koska ketjun lopetuspäivä ajemmin kun 13.04.2020 
MUOKATAAN Työvuorot jolla toistuva_id=75 --> toistuva_id=0 
Ketju 66, POISTETAAN, koska ketjun lopetuspäivä ajemmin kun 13.04.2020 
MUOKATAAN Työvuorot jolla toistuva_id=66 --> toistuva_id=0 
Ketju 62, POISTETAAN, koska ketjun lopetuspäivä ajemmin kun 13.04.2020 
MUOKATAAN Työvuorot jolla toistuva_id=62 --> toistuva_id=0 
Ketju 64, POISTETAAN, koska ketjun lopetuspäivä ajemmin kun 13.04.2020 
MUOKATAAN Työvuorot jolla toistuva_id=64 --> toistuva_id=0 
Ketju 88, POISTETAAN, koska ketjun lopetuspäivä ajemmin kun 13.04.2020 
MUOKATAAN Työvuorot jolla toistuva_id=88 --> toistuva_id=0 
Ketju 7, POISTETAAN, koska ketjun lopetuspäivä ajemmin kun 13.04.2020 
MUOKATAAN Työvuorot jolla toistuva_id=7 --> toistuva_id=0 
Ketju 82, POISTETAAN, koska ketjun lopetuspäivä ajemmin kun 13.04.2020 
MUOKATAAN Työvuorot jolla toistuva_id=82 --> toistuva_id=0 
Ketju 6, POISTETAAN, koska ketjun lopetuspäivä ajemmin kun 13.04.2020 
MUOKATAAN Työvuorot jolla toistuva_id=6 --> toistuva_id=0 
Ketju 83, POISTETAAN, koska ketjun lopetuspäivä ajemmin kun 13.04.2020 
MUOKATAAN Työvuorot jolla toistuva_id=83 --> toistuva_id=0 
Ketju 4, POISTETAAN, koska ketjun lopetuspäivä ajemmin kun 13.04.2020 
MUOKATAAN Työvuorot jolla toistuva_id=4 --> toistuva_id=0 
Ketju 16, POISTETAAN, koska ketjun lopetuspäivä ajemmin kun 13.04.2020 
MUOKATAAN Työvuorot jolla toistuva_id=16 --> toistuva_id=0 
Ketju 91, POISTETAAN, koska ketjun lopetuspäivä ajemmin kun 13.04.2020 
MUOKATAAN Työvuorot jolla toistuva_id=91 --> toistuva_id=0 
Ketju 79, POISTETAAN, koska ketjun lopetuspäivä ajemmin kun 13.04.2020 
MUOKATAAN Työvuorot jolla toistuva_id=79 --> toistuva_id=0 
Ketju 2, POISTETAAN, koska ketjun lopetuspäivä ajemmin kun 13.04.2020 
MUOKATAAN Työvuorot jolla toistuva_id=2 --> toistuva_id=0 
Ketju 15, POISTETAAN, koska ketjun lopetuspäivä ajemmin kun 13.04.2020 
MUOKATAAN Työvuorot jolla toistuva_id=15 --> toistuva_id=0 
Ketju 44, POISTETAAN, koska ketjun lopetuspäivä ajemmin kun 13.04.2020 
MUOKATAAN Työvuorot jolla toistuva_id=44 --> toistuva_id=0 
Ketju 3, POISTETAAN, koska ketjun lopetuspäivä ajemmin kun 13.04.2020 
MUOKATAAN Työvuorot jolla toistuva_id=3 --> toistuva_id=0 
Ketju 5, POISTETAAN, koska ketjun lopetuspäivä ajemmin kun 13.04.2020 
MUOKATAAN Työvuorot jolla toistuva_id=5 --> toistuva_id=0 
Ketju 25, POISTETAAN, koska ketjun lopetuspäivä ajemmin kun 13.04.2020 
MUOKATAAN Työvuorot jolla toistuva_id=25 --> toistuva_id=0 
Ketju 12, POISTETAAN, koska ketjun lopetuspäivä ajemmin kun 13.04.2020 
MUOKATAAN Työvuorot jolla toistuva_id=12 --> toistuva_id=0 
Ketju 13, POISTETAAN, koska ketjun lopetuspäivä ajemmin kun 13.04.2020 
MUOKATAAN Työvuorot jolla toistuva_id=13 --> toistuva_id=0 
Ketju 2909, POISTETAAN, koska viimeinen työvuoro oli ajemmin kun 13.04.2020 
MUOKATAAN Työvuorot jolla toistuva_id=2909 --> toistuva_id=0 
Ketju 3975, POISTETAAN, koska viimeinen työvuoro oli ajemmin kun 13.04.2020 
MUOKATAAN Työvuorot jolla toistuva_id=3975 --> toistuva_id=0 
Ketju 3976, POISTETAAN, koska viimeinen työvuoro oli ajemmin kun 13.04.2020 
MUOKATAAN Työvuorot jolla toistuva_id=3976 --> toistuva_id=0 
POISTETAAN Työvuorot jolla toistuva_id=3903 ja PVM >= kun ketjun alkamispäivä - 2020-01-31 
MUOKATAAN Työvuorot jolla toistuva_id=3903 --> toistuva_id=0 
