2015/08/20 09:26:12 [error] [system.db.CDbCommand] CDbCommand::fetchAll() epäonnistui: SQLSTATE[42000]: Syntax error or access violation: 1066 Not unique table/alias: 'Kohteet'. Suoritettu SQL-komento oli: SELECT `t`.`id` AS `t0_c0`, `t`.`tid` AS `t0_c1`, `t`.`time` AS `t0_c2`, `t`.`kohde` AS `t0_c3`, `t`.`pvm` AS `t0_c4`, `t`.`alku` AS `t0_c5`, `t`.`loppu` AS `t0_c6`, `t`.`pituus` AS `t0_c7`, `t`.`ruokatauko` AS `t0_c8`, `t`.`alku_r` AS `t0_c9`, `t`.`kesto` AS `t0_c10`, `t`.`tyoajanlaatu` AS `t0_c11`, `t`.`tyoajanmerkinta` AS `t0_c12`, `t`.`tietoja` AS `t0_c13`, `t`.`osoiteOnline` AS `t0_c14`, `kohteet`.`id` AS `t1_c0`, `kohteet`.`time` AS `t1_c1`, `kohteet`.`tag_id` AS `t1_c2`, `kohteet`.`gps_sijainti` AS `t1_c3`, `kohteet`.`lyhenne` AS `t1_c4`, `kohteet`.`osoite` AS `t1_c5`, `kohteet`.`katuosoite` AS `t1_c6`, `kohteet`.`kaupunki` AS `t1_c7`, `kohteet`.`toimipaikka` AS `t1_c8`, `kohteet`.`pnumero` AS `t1_c9`, `kohteet`.`email` AS `t1_c10`, `kohteet`.`aikataulu` AS `t1_c11`, `kohteet`.`hinnoittelu` AS `t1_c12`, `kohteet`.`muut` AS `t1_c13`, `kohteet`.`toimenpiteet` AS `t1_c14`, `kohteet`.`tietoja` AS `t1_c15`, `kohteet`.`tyoryhma` AS `t1_c16`, `kohteet`.`ryhma` AS `t1_c17`, `kohteet`.`aktiivinen` AS `t1_c18`, `kohteet`.`avain` AS `t1_c19`, `kohteet`.`kenella_on_avain` AS `t1_c20`, `kohteet`.`puh_nro` AS `t1_c21`, `kohteet`.`siivous` AS `t1_c22`, `kohteet`.`etu_suku_nimet` AS `t1_c23`, `kohteet`.`maksuehto_paiva` AS `t1_c24`, `kohteet`.`viivastyskorko` AS `t1_c25`, `kohteet`.`lasku_tiedot` AS `t1_c26` FROM `sivex_tvuoro` `t`  LEFT OUTER JOIN `sivex_kohdet` `kohteet` ON (`t`.`kohde`=`kohteet`.`id`) JOIN Kohteet ON Kohteet.id = Tyovuoroot.kohde WHERE ( tid = '2' and pvm = '01.08.2015' ).
in C:\xampp\htdocs\etuntifw\protected\views\tyovuoroot\did.php (30)
in C:\xampp\htdocs\etuntifw\protected\views\tyovuoroot\index.php (113)
in C:\xampp\htdocs\etuntifw\protected\controllers\TyovuorootController.php (243)
2015/08/20 09:26:12 [error] [exception.CDbException] exception 'CDbException' with message 'CDbCommand ei voinut suorittaa SQL-komentoa: SQLSTATE[42000]: Syntax error or access violation: 1066 Not unique table/alias: 'Kohteet'. The SQL statement executed was: SELECT `t`.`id` AS `t0_c0`, `t`.`tid` AS `t0_c1`, `t`.`time` AS `t0_c2`, `t`.`kohde` AS `t0_c3`, `t`.`pvm` AS `t0_c4`, `t`.`alku` AS `t0_c5`, `t`.`loppu` AS `t0_c6`, `t`.`pituus` AS `t0_c7`, `t`.`ruokatauko` AS `t0_c8`, `t`.`alku_r` AS `t0_c9`, `t`.`kesto` AS `t0_c10`, `t`.`tyoajanlaatu` AS `t0_c11`, `t`.`tyoajanmerkinta` AS `t0_c12`, `t`.`tietoja` AS `t0_c13`, `t`.`osoiteOnline` AS `t0_c14`, `kohteet`.`id` AS `t1_c0`, `kohteet`.`time` AS `t1_c1`, `kohteet`.`tag_id` AS `t1_c2`, `kohteet`.`gps_sijainti` AS `t1_c3`, `kohteet`.`lyhenne` AS `t1_c4`, `kohteet`.`osoite` AS `t1_c5`, `kohteet`.`katuosoite` AS `t1_c6`, `kohteet`.`kaupunki` AS `t1_c7`, `kohteet`.`toimipaikka` AS `t1_c8`, `kohteet`.`pnumero` AS `t1_c9`, `kohteet`.`email` AS `t1_c10`, `kohteet`.`aikataulu` AS `t1_c11`, `kohteet`.`hinnoittelu` AS `t1_c12`, `kohteet`.`muut` AS `t1_c13`, `kohteet`.`toimenpiteet` AS `t1_c14`, `kohteet`.`tietoja` AS `t1_c15`, `kohteet`.`tyoryhma` AS `t1_c16`, `kohteet`.`ryhma` AS `t1_c17`, `kohteet`.`aktiivinen` AS `t1_c18`, `kohteet`.`avain` AS `t1_c19`, `kohteet`.`kenella_on_avain` AS `t1_c20`, `kohteet`.`puh_nro` AS `t1_c21`, `kohteet`.`siivous` AS `t1_c22`, `kohteet`.`etu_suku_nimet` AS `t1_c23`, `kohteet`.`maksuehto_paiva` AS `t1_c24`, `kohteet`.`viivastyskorko` AS `t1_c25`, `kohteet`.`lasku_tiedot` AS `t1_c26` FROM `sivex_tvuoro` `t`  LEFT OUTER JOIN `sivex_kohdet` `kohteet` ON (`t`.`kohde`=`kohteet`.`id`) JOIN Kohteet ON Kohteet.id = Tyovuoroot.kohde WHERE ( tid = '2' and pvm = '01.08.2015' )' in C:\xampp\htdocs\etuntifw\YII\framework\db\CDbCommand.php:541
Stack trace:
#0 C:\xampp\htdocs\etuntifw\YII\framework\db\CDbCommand.php(395): CDbCommand->queryInternal('fetchAll', Array, Array)
#1 C:\xampp\htdocs\etuntifw\YII\framework\db\ar\CActiveFinder.php(761): CDbCommand->queryAll()
#2 C:\xampp\htdocs\etuntifw\YII\framework\db\ar\CActiveFinder.php(422): CJoinElement->runQuery(Object(CJoinQuery))
#3 C:\xampp\htdocs\etuntifw\YII\framework\db\ar\CActiveFinder.php(68): CJoinElement->find(Object(CDbCriteria))
#4 C:\xampp\htdocs\etuntifw\YII\framework\db\ar\CActiveRecord.php(1302): CActiveFinder->query(Object(CDbCriteria), true)
#5 C:\xampp\htdocs\etuntifw\YII\framework\db\ar\CActiveRecord.php(1416): CActiveRecord->query(Object(CDbCriteria), true)
#6 C:\xampp\htdocs\etuntifw\protected\views\tyovuoroot\did.php(30): CActiveRecord->findAll()
#7 C:\xampp\htdocs\etuntifw\YII\framework\web\CBaseController.php(126): require('C:\\xampp\\htdocs...')
#8 C:\xampp\htdocs\etuntifw\YII\framework\web\CBaseController.php(95): CBaseController->renderInternal('C:\\xampp\\htdocs...', Array, true)
#9 C:\xampp\htdocs\etuntifw\YII\framework\web\CController.php(869): CBaseController->renderFile('C:\\xampp\\htdocs...', Array, true)
#10 C:\xampp\htdocs\etuntifw\protected\views\tyovuoroot\index.php(113): CController->renderPartial('//tyovuoroot/di...', Array)
#11 C:\xampp\htdocs\etuntifw\YII\framework\web\CBaseController.php(126): require('C:\\xampp\\htdocs...')
#12 C:\xampp\htdocs\etuntifw\YII\framework\web\CBaseController.php(95): CBaseController->renderInternal('C:\\xampp\\htdocs...', NULL, true)
#13 C:\xampp\htdocs\etuntifw\YII\framework\web\CController.php(869): CBaseController->renderFile('C:\\xampp\\htdocs...', NULL, true)
#14 C:\xampp\htdocs\etuntifw\YII\framework\web\CController.php(782): CController->renderPartial('index', NULL, true)
#15 C:\xampp\htdocs\etuntifw\protected\controllers\TyovuorootController.php(243): CController->render('index')
#16 C:\xampp\htdocs\etuntifw\YII\framework\web\actions\CInlineAction.php(49): TyovuorootController->actionIndex()
#17 C:\xampp\htdocs\etuntifw\YII\framework\web\CController.php(308): CInlineAction->runWithParams(Array)
#18 C:\xampp\htdocs\etuntifw\YII\framework\web\filters\CFilterChain.php(133): CController->runAction(Object(CInlineAction))
#19 C:\xampp\htdocs\etuntifw\YII\framework\web\filters\CFilter.php(40): CFilterChain->run()
#20 C:\xampp\htdocs\etuntifw\YII\framework\web\CController.php(1145): CFilter->filter(Object(CFilterChain))
#21 C:\xampp\htdocs\etuntifw\YII\framework\web\filters\CInlineFilter.php(58): CController->filterAccessControl(Object(CFilterChain))
#22 C:\xampp\htdocs\etuntifw\YII\framework\web\filters\CFilterChain.php(130): CInlineFilter->filter(Object(CFilterChain))
#23 C:\xampp\htdocs\etuntifw\YII\framework\web\CController.php(291): CFilterChain->run()
#24 C:\xampp\htdocs\etuntifw\YII\framework\web\CController.php(265): CController->runActionWithFilters(Object(CInlineAction), Array)
#25 C:\xampp\htdocs\etuntifw\YII\framework\web\CWebApplication.php(282): CController->run('index')
#26 C:\xampp\htdocs\etuntifw\YII\framework\web\CWebApplication.php(141): CWebApplication->runController('tyovuoroot/inde...')
#27 C:\xampp\htdocs\etuntifw\YII\framework\base\CApplication.php(169): CWebApplication->processRequest()
#28 C:\xampp\htdocs\etuntifw\index.php(13): CApplication->run()
#29 {main}
REQUEST_URI=/index.php/tyovuoroot/index
HTTP_REFERER=http://etuntifw.local/index.php/
---
2015/08/20 09:26:35 [error] [exception.CDbException] exception 'CDbException' with message 'Relaatiota "tyovuoroot" ei ole määritelty active record -luokassa "Tyovuoroot".' in C:\xampp\htdocs\etuntifw\YII\framework\db\ar\CActiveFinder.php:211
Stack trace:
#0 C:\xampp\htdocs\etuntifw\YII\framework\db\ar\CActiveFinder.php(283): CActiveFinder->buildJoinTree(Object(CJoinElement), 'tyovuoroot', Array)
#1 C:\xampp\htdocs\etuntifw\YII\framework\db\ar\CActiveFinder.php(48): CActiveFinder->buildJoinTree(Object(CJoinElement), Array)
#2 C:\xampp\htdocs\etuntifw\YII\framework\db\ar\CActiveRecord.php(1301): CActiveFinder->__construct(Object(Tyovuoroot), Array)
#3 C:\xampp\htdocs\etuntifw\YII\framework\db\ar\CActiveRecord.php(1416): CActiveRecord->query(Object(CDbCriteria), true)
#4 C:\xampp\htdocs\etuntifw\protected\views\tyovuoroot\did.php(30): CActiveRecord->findAll()
#5 C:\xampp\htdocs\etuntifw\YII\framework\web\CBaseController.php(126): require('C:\\xampp\\htdocs...')
#6 C:\xampp\htdocs\etuntifw\YII\framework\web\CBaseController.php(95): CBaseController->renderInternal('C:\\xampp\\htdocs...', Array, true)
#7 C:\xampp\htdocs\etuntifw\YII\framework\web\CController.php(869): CBaseController->renderFile('C:\\xampp\\htdocs...', Array, true)
#8 C:\xampp\htdocs\etuntifw\protected\views\tyovuoroot\index.php(113): CController->renderPartial('//tyovuoroot/di...', Array)
#9 C:\xampp\htdocs\etuntifw\YII\framework\web\CBaseController.php(126): require('C:\\xampp\\htdocs...')
#10 C:\xampp\htdocs\etuntifw\YII\framework\web\CBaseController.php(95): CBaseController->renderInternal('C:\\xampp\\htdocs...', NULL, true)
#11 C:\xampp\htdocs\etuntifw\YII\framework\web\CController.php(869): CBaseController->renderFile('C:\\xampp\\htdocs...', NULL, true)
#12 C:\xampp\htdocs\etuntifw\YII\framework\web\CController.php(782): CController->renderPartial('index', NULL, true)
#13 C:\xampp\htdocs\etuntifw\protected\controllers\TyovuorootController.php(243): CController->render('index')
#14 C:\xampp\htdocs\etuntifw\YII\framework\web\actions\CInlineAction.php(49): TyovuorootController->actionIndex()
#15 C:\xampp\htdocs\etuntifw\YII\framework\web\CController.php(308): CInlineAction->runWithParams(Array)
#16 C:\xampp\htdocs\etuntifw\YII\framework\web\filters\CFilterChain.php(133): CController->runAction(Object(CInlineAction))
#17 C:\xampp\htdocs\etuntifw\YII\framework\web\filters\CFilter.php(40): CFilterChain->run()
#18 C:\xampp\htdocs\etuntifw\YII\framework\web\CController.php(1145): CFilter->filter(Object(CFilterChain))
#19 C:\xampp\htdocs\etuntifw\YII\framework\web\filters\CInlineFilter.php(58): CController->filterAccessControl(Object(CFilterChain))
#20 C:\xampp\htdocs\etuntifw\YII\framework\web\filters\CFilterChain.php(130): CInlineFilter->filter(Object(CFilterChain))
#21 C:\xampp\htdocs\etuntifw\YII\framework\web\CController.php(291): CFilterChain->run()
#22 C:\xampp\htdocs\etuntifw\YII\framework\web\CController.php(265): CController->runActionWithFilters(Object(CInlineAction), Array)
#23 C:\xampp\htdocs\etuntifw\YII\framework\web\CWebApplication.php(282): CController->run('index')
#24 C:\xampp\htdocs\etuntifw\YII\framework\web\CWebApplication.php(141): CWebApplication->runController('tyovuoroot/inde...')
#25 C:\xampp\htdocs\etuntifw\YII\framework\base\CApplication.php(169): CWebApplication->processRequest()
#26 C:\xampp\htdocs\etuntifw\index.php(13): CApplication->run()
#27 {main}
REQUEST_URI=/index.php/tyovuoroot/index
HTTP_REFERER=http://etuntifw.local/index.php/
---
2015/08/20 09:26:44 [error] [system.db.CDbCommand] CDbCommand::fetchAll() epäonnistui: SQLSTATE[42000]: Syntax error or access violation: 1066 Not unique table/alias: 'Kohteet'. Suoritettu SQL-komento oli: SELECT `t`.`id` AS `t0_c0`, `t`.`tid` AS `t0_c1`, `t`.`time` AS `t0_c2`, `t`.`kohde` AS `t0_c3`, `t`.`pvm` AS `t0_c4`, `t`.`alku` AS `t0_c5`, `t`.`loppu` AS `t0_c6`, `t`.`pituus` AS `t0_c7`, `t`.`ruokatauko` AS `t0_c8`, `t`.`alku_r` AS `t0_c9`, `t`.`kesto` AS `t0_c10`, `t`.`tyoajanlaatu` AS `t0_c11`, `t`.`tyoajanmerkinta` AS `t0_c12`, `t`.`tietoja` AS `t0_c13`, `t`.`osoiteOnline` AS `t0_c14`, `kohteet`.`id` AS `t1_c0`, `kohteet`.`time` AS `t1_c1`, `kohteet`.`tag_id` AS `t1_c2`, `kohteet`.`gps_sijainti` AS `t1_c3`, `kohteet`.`lyhenne` AS `t1_c4`, `kohteet`.`osoite` AS `t1_c5`, `kohteet`.`katuosoite` AS `t1_c6`, `kohteet`.`kaupunki` AS `t1_c7`, `kohteet`.`toimipaikka` AS `t1_c8`, `kohteet`.`pnumero` AS `t1_c9`, `kohteet`.`email` AS `t1_c10`, `kohteet`.`aikataulu` AS `t1_c11`, `kohteet`.`hinnoittelu` AS `t1_c12`, `kohteet`.`muut` AS `t1_c13`, `kohteet`.`toimenpiteet` AS `t1_c14`, `kohteet`.`tietoja` AS `t1_c15`, `kohteet`.`tyoryhma` AS `t1_c16`, `kohteet`.`ryhma` AS `t1_c17`, `kohteet`.`aktiivinen` AS `t1_c18`, `kohteet`.`avain` AS `t1_c19`, `kohteet`.`kenella_on_avain` AS `t1_c20`, `kohteet`.`puh_nro` AS `t1_c21`, `kohteet`.`siivous` AS `t1_c22`, `kohteet`.`etu_suku_nimet` AS `t1_c23`, `kohteet`.`maksuehto_paiva` AS `t1_c24`, `kohteet`.`viivastyskorko` AS `t1_c25`, `kohteet`.`lasku_tiedot` AS `t1_c26` FROM `sivex_tvuoro` `t`  LEFT OUTER JOIN `sivex_kohdet` `kohteet` ON (`t`.`kohde`=`kohteet`.`id`) JOIN Kohteet ON Kohteet.id = Tyovuoroot.kohde WHERE ( tid = '2' and pvm = '01.08.2015' ).
in C:\xampp\htdocs\etuntifw\protected\views\tyovuoroot\did.php (30)
in C:\xampp\htdocs\etuntifw\protected\views\tyovuoroot\index.php (113)
in C:\xampp\htdocs\etuntifw\protected\controllers\TyovuorootController.php (243)
2015/08/20 09:26:44 [error] [exception.CDbException] exception 'CDbException' with message 'CDbCommand ei voinut suorittaa SQL-komentoa: SQLSTATE[42000]: Syntax error or access violation: 1066 Not unique table/alias: 'Kohteet'. The SQL statement executed was: SELECT `t`.`id` AS `t0_c0`, `t`.`tid` AS `t0_c1`, `t`.`time` AS `t0_c2`, `t`.`kohde` AS `t0_c3`, `t`.`pvm` AS `t0_c4`, `t`.`alku` AS `t0_c5`, `t`.`loppu` AS `t0_c6`, `t`.`pituus` AS `t0_c7`, `t`.`ruokatauko` AS `t0_c8`, `t`.`alku_r` AS `t0_c9`, `t`.`kesto` AS `t0_c10`, `t`.`tyoajanlaatu` AS `t0_c11`, `t`.`tyoajanmerkinta` AS `t0_c12`, `t`.`tietoja` AS `t0_c13`, `t`.`osoiteOnline` AS `t0_c14`, `kohteet`.`id` AS `t1_c0`, `kohteet`.`time` AS `t1_c1`, `kohteet`.`tag_id` AS `t1_c2`, `kohteet`.`gps_sijainti` AS `t1_c3`, `kohteet`.`lyhenne` AS `t1_c4`, `kohteet`.`osoite` AS `t1_c5`, `kohteet`.`katuosoite` AS `t1_c6`, `kohteet`.`kaupunki` AS `t1_c7`, `kohteet`.`toimipaikka` AS `t1_c8`, `kohteet`.`pnumero` AS `t1_c9`, `kohteet`.`email` AS `t1_c10`, `kohteet`.`aikataulu` AS `t1_c11`, `kohteet`.`hinnoittelu` AS `t1_c12`, `kohteet`.`muut` AS `t1_c13`, `kohteet`.`toimenpiteet` AS `t1_c14`, `kohteet`.`tietoja` AS `t1_c15`, `kohteet`.`tyoryhma` AS `t1_c16`, `kohteet`.`ryhma` AS `t1_c17`, `kohteet`.`aktiivinen` AS `t1_c18`, `kohteet`.`avain` AS `t1_c19`, `kohteet`.`kenella_on_avain` AS `t1_c20`, `kohteet`.`puh_nro` AS `t1_c21`, `kohteet`.`siivous` AS `t1_c22`, `kohteet`.`etu_suku_nimet` AS `t1_c23`, `kohteet`.`maksuehto_paiva` AS `t1_c24`, `kohteet`.`viivastyskorko` AS `t1_c25`, `kohteet`.`lasku_tiedot` AS `t1_c26` FROM `sivex_tvuoro` `t`  LEFT OUTER JOIN `sivex_kohdet` `kohteet` ON (`t`.`kohde`=`kohteet`.`id`) JOIN Kohteet ON Kohteet.id = Tyovuoroot.kohde WHERE ( tid = '2' and pvm = '01.08.2015' )' in C:\xampp\htdocs\etuntifw\YII\framework\db\CDbCommand.php:541
Stack trace:
#0 C:\xampp\htdocs\etuntifw\YII\framework\db\CDbCommand.php(395): CDbCommand->queryInternal('fetchAll', Array, Array)
#1 C:\xampp\htdocs\etuntifw\YII\framework\db\ar\CActiveFinder.php(761): CDbCommand->queryAll()
#2 C:\xampp\htdocs\etuntifw\YII\framework\db\ar\CActiveFinder.php(422): CJoinElement->runQuery(Object(CJoinQuery))
#3 C:\xampp\htdocs\etuntifw\YII\framework\db\ar\CActiveFinder.php(68): CJoinElement->find(Object(CDbCriteria))
#4 C:\xampp\htdocs\etuntifw\YII\framework\db\ar\CActiveRecord.php(1302): CActiveFinder->query(Object(CDbCriteria), true)
#5 C:\xampp\htdocs\etuntifw\YII\framework\db\ar\CActiveRecord.php(1416): CActiveRecord->query(Object(CDbCriteria), true)
#6 C:\xampp\htdocs\etuntifw\protected\views\tyovuoroot\did.php(30): CActiveRecord->findAll()
#7 C:\xampp\htdocs\etuntifw\YII\framework\web\CBaseController.php(126): require('C:\\xampp\\htdocs...')
#8 C:\xampp\htdocs\etuntifw\YII\framework\web\CBaseController.php(95): CBaseController->renderInternal('C:\\xampp\\htdocs...', Array, true)
#9 C:\xampp\htdocs\etuntifw\YII\framework\web\CController.php(869): CBaseController->renderFile('C:\\xampp\\htdocs...', Array, true)
#10 C:\xampp\htdocs\etuntifw\protected\views\tyovuoroot\index.php(113): CController->renderPartial('//tyovuoroot/di...', Array)
#11 C:\xampp\htdocs\etuntifw\YII\framework\web\CBaseController.php(126): require('C:\\xampp\\htdocs...')
#12 C:\xampp\htdocs\etuntifw\YII\framework\web\CBaseController.php(95): CBaseController->renderInternal('C:\\xampp\\htdocs...', NULL, true)
#13 C:\xampp\htdocs\etuntifw\YII\framework\web\CController.php(869): CBaseController->renderFile('C:\\xampp\\htdocs...', NULL, true)
#14 C:\xampp\htdocs\etuntifw\YII\framework\web\CController.php(782): CController->renderPartial('index', NULL, true)
#15 C:\xampp\htdocs\etuntifw\protected\controllers\TyovuorootController.php(243): CController->render('index')
#16 C:\xampp\htdocs\etuntifw\YII\framework\web\actions\CInlineAction.php(49): TyovuorootController->actionIndex()
#17 C:\xampp\htdocs\etuntifw\YII\framework\web\CController.php(308): CInlineAction->runWithParams(Array)
#18 C:\xampp\htdocs\etuntifw\YII\framework\web\filters\CFilterChain.php(133): CController->runAction(Object(CInlineAction))
#19 C:\xampp\htdocs\etuntifw\YII\framework\web\filters\CFilter.php(40): CFilterChain->run()
#20 C:\xampp\htdocs\etuntifw\YII\framework\web\CController.php(1145): CFilter->filter(Object(CFilterChain))
#21 C:\xampp\htdocs\etuntifw\YII\framework\web\filters\CInlineFilter.php(58): CController->filterAccessControl(Object(CFilterChain))
#22 C:\xampp\htdocs\etuntifw\YII\framework\web\filters\CFilterChain.php(130): CInlineFilter->filter(Object(CFilterChain))
#23 C:\xampp\htdocs\etuntifw\YII\framework\web\CController.php(291): CFilterChain->run()
#24 C:\xampp\htdocs\etuntifw\YII\framework\web\CController.php(265): CController->runActionWithFilters(Object(CInlineAction), Array)
#25 C:\xampp\htdocs\etuntifw\YII\framework\web\CWebApplication.php(282): CController->run('index')
#26 C:\xampp\htdocs\etuntifw\YII\framework\web\CWebApplication.php(141): CWebApplication->runController('tyovuoroot/inde...')
#27 C:\xampp\htdocs\etuntifw\YII\framework\base\CApplication.php(169): CWebApplication->processRequest()
#28 C:\xampp\htdocs\etuntifw\index.php(13): CApplication->run()
#29 {main}
REQUEST_URI=/index.php/tyovuoroot/index
HTTP_REFERER=http://etuntifw.local/index.php/
---
2015/08/20 09:27:49 [error] [exception.CDbException] exception 'CDbException' with message 'Active record -luokka "Kohteet" yrittää valita virheellisen kentän "alku". Huomaathan, että kentän pitää olla olemassa taulussa tai olla lauseke aliaksella.' in C:\xampp\htdocs\etuntifw\YII\framework\db\ar\CActiveFinder.php:917
Stack trace:
#0 C:\xampp\htdocs\etuntifw\YII\framework\db\ar\CActiveFinder.php(1239): CJoinElement->getColumnSelect('alku,loppu')
#1 C:\xampp\htdocs\etuntifw\YII\framework\db\ar\CActiveFinder.php(748): CJoinQuery->join(Object(CJoinElement))
#2 C:\xampp\htdocs\etuntifw\YII\framework\db\ar\CActiveFinder.php(420): CJoinElement->buildQuery(Object(CJoinQuery))
#3 C:\xampp\htdocs\etuntifw\YII\framework\db\ar\CActiveFinder.php(68): CJoinElement->find(Object(CDbCriteria))
#4 C:\xampp\htdocs\etuntifw\YII\framework\db\ar\CActiveRecord.php(1302): CActiveFinder->query(Object(CDbCriteria), true)
#5 C:\xampp\htdocs\etuntifw\YII\framework\db\ar\CActiveRecord.php(1416): CActiveRecord->query(Object(CDbCriteria), true)
#6 C:\xampp\htdocs\etuntifw\protected\views\tyovuoroot\did.php(31): CActiveRecord->findAll()
#7 C:\xampp\htdocs\etuntifw\YII\framework\web\CBaseController.php(126): require('C:\\xampp\\htdocs...')
#8 C:\xampp\htdocs\etuntifw\YII\framework\web\CBaseController.php(95): CBaseController->renderInternal('C:\\xampp\\htdocs...', Array, true)
#9 C:\xampp\htdocs\etuntifw\YII\framework\web\CController.php(869): CBaseController->renderFile('C:\\xampp\\htdocs...', Array, true)
#10 C:\xampp\htdocs\etuntifw\protected\views\tyovuoroot\index.php(113): CController->renderPartial('//tyovuoroot/di...', Array)
#11 C:\xampp\htdocs\etuntifw\YII\framework\web\CBaseController.php(126): require('C:\\xampp\\htdocs...')
#12 C:\xampp\htdocs\etuntifw\YII\framework\web\CBaseController.php(95): CBaseController->renderInternal('C:\\xampp\\htdocs...', NULL, true)
#13 C:\xampp\htdocs\etuntifw\YII\framework\web\CController.php(869): CBaseController->renderFile('C:\\xampp\\htdocs...', NULL, true)
#14 C:\xampp\htdocs\etuntifw\YII\framework\web\CController.php(782): CController->renderPartial('index', NULL, true)
#15 C:\xampp\htdocs\etuntifw\protected\controllers\TyovuorootController.php(243): CController->render('index')
#16 C:\xampp\htdocs\etuntifw\YII\framework\web\actions\CInlineAction.php(49): TyovuorootController->actionIndex()
#17 C:\xampp\htdocs\etuntifw\YII\framework\web\CController.php(308): CInlineAction->runWithParams(Array)
#18 C:\xampp\htdocs\etuntifw\YII\framework\web\filters\CFilterChain.php(133): CController->runAction(Object(CInlineAction))
#19 C:\xampp\htdocs\etuntifw\YII\framework\web\filters\CFilter.php(40): CFilterChain->run()
#20 C:\xampp\htdocs\etuntifw\YII\framework\web\CController.php(1145): CFilter->filter(Object(CFilterChain))
#21 C:\xampp\htdocs\etuntifw\YII\framework\web\filters\CInlineFilter.php(58): CController->filterAccessControl(Object(CFilterChain))
#22 C:\xampp\htdocs\etuntifw\YII\framework\web\filters\CFilterChain.php(130): CInlineFilter->filter(Object(CFilterChain))
#23 C:\xampp\htdocs\etuntifw\YII\framework\web\CController.php(291): CFilterChain->run()
#24 C:\xampp\htdocs\etuntifw\YII\framework\web\CController.php(265): CController->runActionWithFilters(Object(CInlineAction), Array)
#25 C:\xampp\htdocs\etuntifw\YII\framework\web\CWebApplication.php(282): CController->run('index')
#26 C:\xampp\htdocs\etuntifw\YII\framework\web\CWebApplication.php(141): CWebApplication->runController('tyovuoroot/inde...')
#27 C:\xampp\htdocs\etuntifw\YII\framework\base\CApplication.php(169): CWebApplication->processRequest()
#28 C:\xampp\htdocs\etuntifw\index.php(13): CApplication->run()
#29 {main}
REQUEST_URI=/index.php/tyovuoroot/index
HTTP_REFERER=http://etuntifw.local/index.php/
---
2015/08/20 09:28:01 [error] [exception.CDbException] exception 'CDbException' with message 'Active record -luokka "Kohteet" yrittää valita virheellisen kentän "t.alku". Huomaathan, että kentän pitää olla olemassa taulussa tai olla lauseke aliaksella.' in C:\xampp\htdocs\etuntifw\YII\framework\db\ar\CActiveFinder.php:917
Stack trace:
#0 C:\xampp\htdocs\etuntifw\YII\framework\db\ar\CActiveFinder.php(1239): CJoinElement->getColumnSelect('t.alku,t.loppu')
#1 C:\xampp\htdocs\etuntifw\YII\framework\db\ar\CActiveFinder.php(748): CJoinQuery->join(Object(CJoinElement))
#2 C:\xampp\htdocs\etuntifw\YII\framework\db\ar\CActiveFinder.php(420): CJoinElement->buildQuery(Object(CJoinQuery))
#3 C:\xampp\htdocs\etuntifw\YII\framework\db\ar\CActiveFinder.php(68): CJoinElement->find(Object(CDbCriteria))
#4 C:\xampp\htdocs\etuntifw\YII\framework\db\ar\CActiveRecord.php(1302): CActiveFinder->query(Object(CDbCriteria), true)
#5 C:\xampp\htdocs\etuntifw\YII\framework\db\ar\CActiveRecord.php(1416): CActiveRecord->query(Object(CDbCriteria), true)
#6 C:\xampp\htdocs\etuntifw\protected\views\tyovuoroot\did.php(31): CActiveRecord->findAll()
#7 C:\xampp\htdocs\etuntifw\YII\framework\web\CBaseController.php(126): require('C:\\xampp\\htdocs...')
#8 C:\xampp\htdocs\etuntifw\YII\framework\web\CBaseController.php(95): CBaseController->renderInternal('C:\\xampp\\htdocs...', Array, true)
#9 C:\xampp\htdocs\etuntifw\YII\framework\web\CController.php(869): CBaseController->renderFile('C:\\xampp\\htdocs...', Array, true)
#10 C:\xampp\htdocs\etuntifw\protected\views\tyovuoroot\index.php(113): CController->renderPartial('//tyovuoroot/di...', Array)
#11 C:\xampp\htdocs\etuntifw\YII\framework\web\CBaseController.php(126): require('C:\\xampp\\htdocs...')
#12 C:\xampp\htdocs\etuntifw\YII\framework\web\CBaseController.php(95): CBaseController->renderInternal('C:\\xampp\\htdocs...', NULL, true)
#13 C:\xampp\htdocs\etuntifw\YII\framework\web\CController.php(869): CBaseController->renderFile('C:\\xampp\\htdocs...', NULL, true)
#14 C:\xampp\htdocs\etuntifw\YII\framework\web\CController.php(782): CController->renderPartial('index', NULL, true)
#15 C:\xampp\htdocs\etuntifw\protected\controllers\TyovuorootController.php(243): CController->render('index')
#16 C:\xampp\htdocs\etuntifw\YII\framework\web\actions\CInlineAction.php(49): TyovuorootController->actionIndex()
#17 C:\xampp\htdocs\etuntifw\YII\framework\web\CController.php(308): CInlineAction->runWithParams(Array)
#18 C:\xampp\htdocs\etuntifw\YII\framework\web\filters\CFilterChain.php(133): CController->runAction(Object(CInlineAction))
#19 C:\xampp\htdocs\etuntifw\YII\framework\web\filters\CFilter.php(40): CFilterChain->run()
#20 C:\xampp\htdocs\etuntifw\YII\framework\web\CController.php(1145): CFilter->filter(Object(CFilterChain))
#21 C:\xampp\htdocs\etuntifw\YII\framework\web\filters\CInlineFilter.php(58): CController->filterAccessControl(Object(CFilterChain))
#22 C:\xampp\htdocs\etuntifw\YII\framework\web\filters\CFilterChain.php(130): CInlineFilter->filter(Object(CFilterChain))
#23 C:\xampp\htdocs\etuntifw\YII\framework\web\CController.php(291): CFilterChain->run()
#24 C:\xampp\htdocs\etuntifw\YII\framework\web\CController.php(265): CController->runActionWithFilters(Object(CInlineAction), Array)
#25 C:\xampp\htdocs\etuntifw\YII\framework\web\CWebApplication.php(282): CController->run('index')
#26 C:\xampp\htdocs\etuntifw\YII\framework\web\CWebApplication.php(141): CWebApplication->runController('tyovuoroot/inde...')
#27 C:\xampp\htdocs\etuntifw\YII\framework\base\CApplication.php(169): CWebApplication->processRequest()
#28 C:\xampp\htdocs\etuntifw\index.php(13): CApplication->run()
#29 {main}
REQUEST_URI=/index.php/tyovuoroot/index
HTTP_REFERER=http://etuntifw.local/index.php/
---
2015/08/20 09:28:11 [error] [exception.CDbException] exception 'CDbException' with message 'Active record -luokka "Kohteet" yrittää valita virheellisen kentän "Tyovuoroot.alku". Huomaathan, että kentän pitää olla olemassa taulussa tai olla lauseke aliaksella.' in C:\xampp\htdocs\etuntifw\YII\framework\db\ar\CActiveFinder.php:917
Stack trace:
#0 C:\xampp\htdocs\etuntifw\YII\framework\db\ar\CActiveFinder.php(1239): CJoinElement->getColumnSelect('Tyovuoroot.alku...')
#1 C:\xampp\htdocs\etuntifw\YII\framework\db\ar\CActiveFinder.php(748): CJoinQuery->join(Object(CJoinElement))
#2 C:\xampp\htdocs\etuntifw\YII\framework\db\ar\CActiveFinder.php(420): CJoinElement->buildQuery(Object(CJoinQuery))
#3 C:\xampp\htdocs\etuntifw\YII\framework\db\ar\CActiveFinder.php(68): CJoinElement->find(Object(CDbCriteria))
#4 C:\xampp\htdocs\etuntifw\YII\framework\db\ar\CActiveRecord.php(1302): CActiveFinder->query(Object(CDbCriteria), true)
#5 C:\xampp\htdocs\etuntifw\YII\framework\db\ar\CActiveRecord.php(1416): CActiveRecord->query(Object(CDbCriteria), true)
#6 C:\xampp\htdocs\etuntifw\protected\views\tyovuoroot\did.php(31): CActiveRecord->findAll()
#7 C:\xampp\htdocs\etuntifw\YII\framework\web\CBaseController.php(126): require('C:\\xampp\\htdocs...')
#8 C:\xampp\htdocs\etuntifw\YII\framework\web\CBaseController.php(95): CBaseController->renderInternal('C:\\xampp\\htdocs...', Array, true)
#9 C:\xampp\htdocs\etuntifw\YII\framework\web\CController.php(869): CBaseController->renderFile('C:\\xampp\\htdocs...', Array, true)
#10 C:\xampp\htdocs\etuntifw\protected\views\tyovuoroot\index.php(113): CController->renderPartial('//tyovuoroot/di...', Array)
#11 C:\xampp\htdocs\etuntifw\YII\framework\web\CBaseController.php(126): require('C:\\xampp\\htdocs...')
#12 C:\xampp\htdocs\etuntifw\YII\framework\web\CBaseController.php(95): CBaseController->renderInternal('C:\\xampp\\htdocs...', NULL, true)
#13 C:\xampp\htdocs\etuntifw\YII\framework\web\CController.php(869): CBaseController->renderFile('C:\\xampp\\htdocs...', NULL, true)
#14 C:\xampp\htdocs\etuntifw\YII\framework\web\CController.php(782): CController->renderPartial('index', NULL, true)
#15 C:\xampp\htdocs\etuntifw\protected\controllers\TyovuorootController.php(243): CController->render('index')
#16 C:\xampp\htdocs\etuntifw\YII\framework\web\actions\CInlineAction.php(49): TyovuorootController->actionIndex()
#17 C:\xampp\htdocs\etuntifw\YII\framework\web\CController.php(308): CInlineAction->runWithParams(Array)
#18 C:\xampp\htdocs\etuntifw\YII\framework\web\filters\CFilterChain.php(133): CController->runAction(Object(CInlineAction))
#19 C:\xampp\htdocs\etuntifw\YII\framework\web\filters\CFilter.php(40): CFilterChain->run()
#20 C:\xampp\htdocs\etuntifw\YII\framework\web\CController.php(1145): CFilter->filter(Object(CFilterChain))
#21 C:\xampp\htdocs\etuntifw\YII\framework\web\filters\CInlineFilter.php(58): CController->filterAccessControl(Object(CFilterChain))
#22 C:\xampp\htdocs\etuntifw\YII\framework\web\filters\CFilterChain.php(130): CInlineFilter->filter(Object(CFilterChain))
#23 C:\xampp\htdocs\etuntifw\YII\framework\web\CController.php(291): CFilterChain->run()
#24 C:\xampp\htdocs\etuntifw\YII\framework\web\CController.php(265): CController->runActionWithFilters(Object(CInlineAction), Array)
#25 C:\xampp\htdocs\etuntifw\YII\framework\web\CWebApplication.php(282): CController->run('index')
#26 C:\xampp\htdocs\etuntifw\YII\framework\web\CWebApplication.php(141): CWebApplication->runController('tyovuoroot/inde...')
#27 C:\xampp\htdocs\etuntifw\YII\framework\base\CApplication.php(169): CWebApplication->processRequest()
#28 C:\xampp\htdocs\etuntifw\index.php(13): CApplication->run()
#29 {main}
REQUEST_URI=/index.php/tyovuoroot/index
HTTP_REFERER=http://etuntifw.local/index.php/
---
2015/08/20 09:28:44 [error] [exception.CDbException] exception 'CDbException' with message 'Active record "Kohteet" is trying to select an invalid column "Tyovuoroot.alku". Note, the column must exist in the table or be an expression with alias.' in C:\xampp\htdocs\etuntifw\YII\framework\db\ar\CActiveFinder.php:917
Stack trace:
#0 C:\xampp\htdocs\etuntifw\YII\framework\db\ar\CActiveFinder.php(1239): CJoinElement->getColumnSelect('Tyovuoroot.alku...')
#1 C:\xampp\htdocs\etuntifw\YII\framework\db\ar\CActiveFinder.php(748): CJoinQuery->join(Object(CJoinElement))
#2 C:\xampp\htdocs\etuntifw\YII\framework\db\ar\CActiveFinder.php(420): CJoinElement->buildQuery(Object(CJoinQuery))
#3 C:\xampp\htdocs\etuntifw\YII\framework\db\ar\CActiveFinder.php(68): CJoinElement->find(Object(CDbCriteria))
#4 C:\xampp\htdocs\etuntifw\YII\framework\db\ar\CActiveRecord.php(1302): CActiveFinder->query(Object(CDbCriteria), true)
#5 C:\xampp\htdocs\etuntifw\YII\framework\db\ar\CActiveRecord.php(1416): CActiveRecord->query(Object(CDbCriteria), true)
#6 C:\xampp\htdocs\etuntifw\protected\views\tyovuoroot\did.php(31): CActiveRecord->findAll()
#7 C:\xampp\htdocs\etuntifw\YII\framework\web\CBaseController.php(126): require('C:\\xampp\\htdocs...')
#8 C:\xampp\htdocs\etuntifw\YII\framework\web\CBaseController.php(95): CBaseController->renderInternal('C:\\xampp\\htdocs...', Array, true)
#9 C:\xampp\htdocs\etuntifw\YII\framework\web\CController.php(869): CBaseController->renderFile('C:\\xampp\\htdocs...', Array, true)
#10 C:\xampp\htdocs\etuntifw\protected\views\tyovuoroot\index.php(113): CController->renderPartial('//tyovuoroot/di...', Array)
#11 C:\xampp\htdocs\etuntifw\YII\framework\web\CBaseController.php(126): require('C:\\xampp\\htdocs...')
#12 C:\xampp\htdocs\etuntifw\YII\framework\web\CBaseController.php(95): CBaseController->renderInternal('C:\\xampp\\htdocs...', NULL, true)
#13 C:\xampp\htdocs\etuntifw\YII\framework\web\CController.php(869): CBaseController->renderFile('C:\\xampp\\htdocs...', NULL, true)
#14 C:\xampp\htdocs\etuntifw\YII\framework\web\CController.php(782): CController->renderPartial('index', NULL, true)
#15 C:\xampp\htdocs\etuntifw\protected\controllers\TyovuorootController.php(243): CController->render('index')
#16 C:\xampp\htdocs\etuntifw\YII\framework\web\actions\CInlineAction.php(49): TyovuorootController->actionIndex()
#17 C:\xampp\htdocs\etuntifw\YII\framework\web\CController.php(308): CInlineAction->runWithParams(Array)
#18 C:\xampp\htdocs\etuntifw\YII\framework\web\filters\CFilterChain.php(133): CController->runAction(Object(CInlineAction))
#19 C:\xampp\htdocs\etuntifw\YII\framework\web\filters\CFilter.php(40): CFilterChain->run()
#20 C:\xampp\htdocs\etuntifw\YII\framework\web\CController.php(1145): CFilter->filter(Object(CFilterChain))
#21 C:\xampp\htdocs\etuntifw\YII\framework\web\filters\CInlineFilter.php(58): CController->filterAccessControl(Object(CFilterChain))
#22 C:\xampp\htdocs\etuntifw\YII\framework\web\filters\CFilterChain.php(130): CInlineFilter->filter(Object(CFilterChain))
#23 C:\xampp\htdocs\etuntifw\YII\framework\web\CController.php(291): CFilterChain->run()
#24 C:\xampp\htdocs\etuntifw\YII\framework\web\CController.php(265): CController->runActionWithFilters(Object(CInlineAction), Array)
#25 C:\xampp\htdocs\etuntifw\YII\framework\web\CWebApplication.php(282): CController->run('index')
#26 C:\xampp\htdocs\etuntifw\YII\framework\web\CWebApplication.php(141): CWebApplication->runController('tyovuoroot/inde...')
#27 C:\xampp\htdocs\etuntifw\YII\framework\base\CApplication.php(169): CWebApplication->processRequest()
#28 C:\xampp\htdocs\etuntifw\index.php(13): CApplication->run()
#29 {main}
REQUEST_URI=/index.php/tyovuoroot/index
HTTP_REFERER=http://etuntifw.local/index.php/
---
2015/08/20 09:29:12 [error] [exception.CDbException] exception 'CDbException' with message 'Active record "Kohteet" is trying to select an invalid column "Tyovuoroot.alku". Note, the column must exist in the table or be an expression with alias.' in C:\xampp\htdocs\etuntifw\YII\framework\db\ar\CActiveFinder.php:917
Stack trace:
#0 C:\xampp\htdocs\etuntifw\YII\framework\db\ar\CActiveFinder.php(1239): CJoinElement->getColumnSelect('Tyovuoroot.alku')
#1 C:\xampp\htdocs\etuntifw\YII\framework\db\ar\CActiveFinder.php(748): CJoinQuery->join(Object(CJoinElement))
#2 C:\xampp\htdocs\etuntifw\YII\framework\db\ar\CActiveFinder.php(420): CJoinElement->buildQuery(Object(CJoinQuery))
#3 C:\xampp\htdocs\etuntifw\YII\framework\db\ar\CActiveFinder.php(68): CJoinElement->find(Object(CDbCriteria))
#4 C:\xampp\htdocs\etuntifw\YII\framework\db\ar\CActiveRecord.php(1302): CActiveFinder->query(Object(CDbCriteria), true)
#5 C:\xampp\htdocs\etuntifw\YII\framework\db\ar\CActiveRecord.php(1416): CActiveRecord->query(Object(CDbCriteria), true)
#6 C:\xampp\htdocs\etuntifw\protected\views\tyovuoroot\did.php(31): CActiveRecord->findAll()
#7 C:\xampp\htdocs\etuntifw\YII\framework\web\CBaseController.php(126): require('C:\\xampp\\htdocs...')
#8 C:\xampp\htdocs\etuntifw\YII\framework\web\CBaseController.php(95): CBaseController->renderInternal('C:\\xampp\\htdocs...', Array, true)
#9 C:\xampp\htdocs\etuntifw\YII\framework\web\CController.php(869): CBaseController->renderFile('C:\\xampp\\htdocs...', Array, true)
#10 C:\xampp\htdocs\etuntifw\protected\views\tyovuoroot\index.php(113): CController->renderPartial('//tyovuoroot/di...', Array)
#11 C:\xampp\htdocs\etuntifw\YII\framework\web\CBaseController.php(126): require('C:\\xampp\\htdocs...')
#12 C:\xampp\htdocs\etuntifw\YII\framework\web\CBaseController.php(95): CBaseController->renderInternal('C:\\xampp\\htdocs...', NULL, true)
#13 C:\xampp\htdocs\etuntifw\YII\framework\web\CController.php(869): CBaseController->renderFile('C:\\xampp\\htdocs...', NULL, true)
#14 C:\xampp\htdocs\etuntifw\YII\framework\web\CController.php(782): CController->renderPartial('index', NULL, true)
#15 C:\xampp\htdocs\etuntifw\protected\controllers\TyovuorootController.php(243): CController->render('index')
#16 C:\xampp\htdocs\etuntifw\YII\framework\web\actions\CInlineAction.php(49): TyovuorootController->actionIndex()
#17 C:\xampp\htdocs\etuntifw\YII\framework\web\CController.php(308): CInlineAction->runWithParams(Array)
#18 C:\xampp\htdocs\etuntifw\YII\framework\web\filters\CFilterChain.php(133): CController->runAction(Object(CInlineAction))
#19 C:\xampp\htdocs\etuntifw\YII\framework\web\filters\CFilter.php(40): CFilterChain->run()
#20 C:\xampp\htdocs\etuntifw\YII\framework\web\CController.php(1145): CFilter->filter(Object(CFilterChain))
#21 C:\xampp\htdocs\etuntifw\YII\framework\web\filters\CInlineFilter.php(58): CController->filterAccessControl(Object(CFilterChain))
#22 C:\xampp\htdocs\etuntifw\YII\framework\web\filters\CFilterChain.php(130): CInlineFilter->filter(Object(CFilterChain))
#23 C:\xampp\htdocs\etuntifw\YII\framework\web\CController.php(291): CFilterChain->run()
#24 C:\xampp\htdocs\etuntifw\YII\framework\web\CController.php(265): CController->runActionWithFilters(Object(CInlineAction), Array)
#25 C:\xampp\htdocs\etuntifw\YII\framework\web\CWebApplication.php(282): CController->run('index')
#26 C:\xampp\htdocs\etuntifw\YII\framework\web\CWebApplication.php(141): CWebApplication->runController('tyovuoroot/inde...')
#27 C:\xampp\htdocs\etuntifw\YII\framework\base\CApplication.php(169): CWebApplication->processRequest()
#28 C:\xampp\htdocs\etuntifw\index.php(13): CApplication->run()
#29 {main}
REQUEST_URI=/index.php/tyovuoroot/index
HTTP_REFERER=http://etuntifw.local/index.php/
---
2015/08/20 09:29:27 [error] [exception.CDbException] exception 'CDbException' with message 'Active record "Kohteet" is trying to select an invalid column "alku". Note, the column must exist in the table or be an expression with alias.' in C:\xampp\htdocs\etuntifw\YII\framework\db\ar\CActiveFinder.php:917
Stack trace:
#0 C:\xampp\htdocs\etuntifw\YII\framework\db\ar\CActiveFinder.php(1239): CJoinElement->getColumnSelect('alku')
#1 C:\xampp\htdocs\etuntifw\YII\framework\db\ar\CActiveFinder.php(748): CJoinQuery->join(Object(CJoinElement))
#2 C:\xampp\htdocs\etuntifw\YII\framework\db\ar\CActiveFinder.php(420): CJoinElement->buildQuery(Object(CJoinQuery))
#3 C:\xampp\htdocs\etuntifw\YII\framework\db\ar\CActiveFinder.php(68): CJoinElement->find(Object(CDbCriteria))
#4 C:\xampp\htdocs\etuntifw\YII\framework\db\ar\CActiveRecord.php(1302): CActiveFinder->query(Object(CDbCriteria), true)
#5 C:\xampp\htdocs\etuntifw\YII\framework\db\ar\CActiveRecord.php(1416): CActiveRecord->query(Object(CDbCriteria), true)
#6 C:\xampp\htdocs\etuntifw\protected\views\tyovuoroot\did.php(31): CActiveRecord->findAll()
#7 C:\xampp\htdocs\etuntifw\YII\framework\web\CBaseController.php(126): require('C:\\xampp\\htdocs...')
#8 C:\xampp\htdocs\etuntifw\YII\framework\web\CBaseController.php(95): CBaseController->renderInternal('C:\\xampp\\htdocs...', Array, true)
#9 C:\xampp\htdocs\etuntifw\YII\framework\web\CController.php(869): CBaseController->renderFile('C:\\xampp\\htdocs...', Array, true)
#10 C:\xampp\htdocs\etuntifw\protected\views\tyovuoroot\index.php(113): CController->renderPartial('//tyovuoroot/di...', Array)
#11 C:\xampp\htdocs\etuntifw\YII\framework\web\CBaseController.php(126): require('C:\\xampp\\htdocs...')
#12 C:\xampp\htdocs\etuntifw\YII\framework\web\CBaseController.php(95): CBaseController->renderInternal('C:\\xampp\\htdocs...', NULL, true)
#13 C:\xampp\htdocs\etuntifw\YII\framework\web\CController.php(869): CBaseController->renderFile('C:\\xampp\\htdocs...', NULL, true)
#14 C:\xampp\htdocs\etuntifw\YII\framework\web\CController.php(782): CController->renderPartial('index', NULL, true)
#15 C:\xampp\htdocs\etuntifw\protected\controllers\TyovuorootController.php(243): CController->render('index')
#16 C:\xampp\htdocs\etuntifw\YII\framework\web\actions\CInlineAction.php(49): TyovuorootController->actionIndex()
#17 C:\xampp\htdocs\etuntifw\YII\framework\web\CController.php(308): CInlineAction->runWithParams(Array)
#18 C:\xampp\htdocs\etuntifw\YII\framework\web\filters\CFilterChain.php(133): CController->runAction(Object(CInlineAction))
#19 C:\xampp\htdocs\etuntifw\YII\framework\web\filters\CFilter.php(40): CFilterChain->run()
#20 C:\xampp\htdocs\etuntifw\YII\framework\web\CController.php(1145): CFilter->filter(Object(CFilterChain))
#21 C:\xampp\htdocs\etuntifw\YII\framework\web\filters\CInlineFilter.php(58): CController->filterAccessControl(Object(CFilterChain))
#22 C:\xampp\htdocs\etuntifw\YII\framework\web\filters\CFilterChain.php(130): CInlineFilter->filter(Object(CFilterChain))
#23 C:\xampp\htdocs\etuntifw\YII\framework\web\CController.php(291): CFilterChain->run()
#24 C:\xampp\htdocs\etuntifw\YII\framework\web\CController.php(265): CController->runActionWithFilters(Object(CInlineAction), Array)
#25 C:\xampp\htdocs\etuntifw\YII\framework\web\CWebApplication.php(282): CController->run('index')
#26 C:\xampp\htdocs\etuntifw\YII\framework\web\CWebApplication.php(141): CWebApplication->runController('tyovuoroot/inde...')
#27 C:\xampp\htdocs\etuntifw\YII\framework\base\CApplication.php(169): CWebApplication->processRequest()
#28 C:\xampp\htdocs\etuntifw\index.php(13): CApplication->run()
#29 {main}
REQUEST_URI=/index.php/tyovuoroot/index
HTTP_REFERER=http://etuntifw.local/index.php/
---
2015/08/20 09:29:33 [error] [system.db.CDbCommand] CDbCommand::fetchAll() failed: SQLSTATE[42000]: Syntax error or access violation: 1066 Not unique table/alias: 'Kohteet'. The SQL statement executed was: SELECT `t`.`id` AS `t0_c0`, `t`.`tid` AS `t0_c1`, `t`.`time` AS `t0_c2`, `t`.`kohde` AS `t0_c3`, `t`.`pvm` AS `t0_c4`, `t`.`alku` AS `t0_c5`, `t`.`loppu` AS `t0_c6`, `t`.`pituus` AS `t0_c7`, `t`.`ruokatauko` AS `t0_c8`, `t`.`alku_r` AS `t0_c9`, `t`.`kesto` AS `t0_c10`, `t`.`tyoajanlaatu` AS `t0_c11`, `t`.`tyoajanmerkinta` AS `t0_c12`, `t`.`tietoja` AS `t0_c13`, `t`.`osoiteOnline` AS `t0_c14`, `kohteet`.`id` AS `t1_c0`, `kohteet`.`time` AS `t1_c1`, `kohteet`.`tag_id` AS `t1_c2`, `kohteet`.`gps_sijainti` AS `t1_c3`, `kohteet`.`lyhenne` AS `t1_c4`, `kohteet`.`osoite` AS `t1_c5`, `kohteet`.`katuosoite` AS `t1_c6`, `kohteet`.`kaupunki` AS `t1_c7`, `kohteet`.`toimipaikka` AS `t1_c8`, `kohteet`.`pnumero` AS `t1_c9`, `kohteet`.`email` AS `t1_c10`, `kohteet`.`aikataulu` AS `t1_c11`, `kohteet`.`hinnoittelu` AS `t1_c12`, `kohteet`.`muut` AS `t1_c13`, `kohteet`.`toimenpiteet` AS `t1_c14`, `kohteet`.`tietoja` AS `t1_c15`, `kohteet`.`tyoryhma` AS `t1_c16`, `kohteet`.`ryhma` AS `t1_c17`, `kohteet`.`aktiivinen` AS `t1_c18`, `kohteet`.`avain` AS `t1_c19`, `kohteet`.`kenella_on_avain` AS `t1_c20`, `kohteet`.`puh_nro` AS `t1_c21`, `kohteet`.`siivous` AS `t1_c22`, `kohteet`.`etu_suku_nimet` AS `t1_c23`, `kohteet`.`maksuehto_paiva` AS `t1_c24`, `kohteet`.`viivastyskorko` AS `t1_c25`, `kohteet`.`lasku_tiedot` AS `t1_c26` FROM `sivex_tvuoro` `t`  LEFT OUTER JOIN `sivex_kohdet` `kohteet` ON (`t`.`kohde`=`kohteet`.`id`) JOIN Kohteet ON Kohteet.id = Tyovuoroot.kohde WHERE ( tid = '2' and pvm = '01.08.2015' ).
in C:\xampp\htdocs\etuntifw\protected\views\tyovuoroot\did.php (31)
in C:\xampp\htdocs\etuntifw\protected\views\tyovuoroot\index.php (113)
in C:\xampp\htdocs\etuntifw\protected\controllers\TyovuorootController.php (243)
2015/08/20 09:29:33 [error] [exception.CDbException] exception 'CDbException' with message 'CDbCommand failed to execute the SQL statement: SQLSTATE[42000]: Syntax error or access violation: 1066 Not unique table/alias: 'Kohteet'. The SQL statement executed was: SELECT `t`.`id` AS `t0_c0`, `t`.`tid` AS `t0_c1`, `t`.`time` AS `t0_c2`, `t`.`kohde` AS `t0_c3`, `t`.`pvm` AS `t0_c4`, `t`.`alku` AS `t0_c5`, `t`.`loppu` AS `t0_c6`, `t`.`pituus` AS `t0_c7`, `t`.`ruokatauko` AS `t0_c8`, `t`.`alku_r` AS `t0_c9`, `t`.`kesto` AS `t0_c10`, `t`.`tyoajanlaatu` AS `t0_c11`, `t`.`tyoajanmerkinta` AS `t0_c12`, `t`.`tietoja` AS `t0_c13`, `t`.`osoiteOnline` AS `t0_c14`, `kohteet`.`id` AS `t1_c0`, `kohteet`.`time` AS `t1_c1`, `kohteet`.`tag_id` AS `t1_c2`, `kohteet`.`gps_sijainti` AS `t1_c3`, `kohteet`.`lyhenne` AS `t1_c4`, `kohteet`.`osoite` AS `t1_c5`, `kohteet`.`katuosoite` AS `t1_c6`, `kohteet`.`kaupunki` AS `t1_c7`, `kohteet`.`toimipaikka` AS `t1_c8`, `kohteet`.`pnumero` AS `t1_c9`, `kohteet`.`email` AS `t1_c10`, `kohteet`.`aikataulu` AS `t1_c11`, `kohteet`.`hinnoittelu` AS `t1_c12`, `kohteet`.`muut` AS `t1_c13`, `kohteet`.`toimenpiteet` AS `t1_c14`, `kohteet`.`tietoja` AS `t1_c15`, `kohteet`.`tyoryhma` AS `t1_c16`, `kohteet`.`ryhma` AS `t1_c17`, `kohteet`.`aktiivinen` AS `t1_c18`, `kohteet`.`avain` AS `t1_c19`, `kohteet`.`kenella_on_avain` AS `t1_c20`, `kohteet`.`puh_nro` AS `t1_c21`, `kohteet`.`siivous` AS `t1_c22`, `kohteet`.`etu_suku_nimet` AS `t1_c23`, `kohteet`.`maksuehto_paiva` AS `t1_c24`, `kohteet`.`viivastyskorko` AS `t1_c25`, `kohteet`.`lasku_tiedot` AS `t1_c26` FROM `sivex_tvuoro` `t`  LEFT OUTER JOIN `sivex_kohdet` `kohteet` ON (`t`.`kohde`=`kohteet`.`id`) JOIN Kohteet ON Kohteet.id = Tyovuoroot.kohde WHERE ( tid = '2' and pvm = '01.08.2015' )' in C:\xampp\htdocs\etuntifw\YII\framework\db\CDbCommand.php:541
Stack trace:
#0 C:\xampp\htdocs\etuntifw\YII\framework\db\CDbCommand.php(395): CDbCommand->queryInternal('fetchAll', Array, Array)
#1 C:\xampp\htdocs\etuntifw\YII\framework\db\ar\CActiveFinder.php(761): CDbCommand->queryAll()
#2 C:\xampp\htdocs\etuntifw\YII\framework\db\ar\CActiveFinder.php(422): CJoinElement->runQuery(Object(CJoinQuery))
#3 C:\xampp\htdocs\etuntifw\YII\framework\db\ar\CActiveFinder.php(68): CJoinElement->find(Object(CDbCriteria))
#4 C:\xampp\htdocs\etuntifw\YII\framework\db\ar\CActiveRecord.php(1302): CActiveFinder->query(Object(CDbCriteria), true)
#5 C:\xampp\htdocs\etuntifw\YII\framework\db\ar\CActiveRecord.php(1416): CActiveRecord->query(Object(CDbCriteria), true)
#6 C:\xampp\htdocs\etuntifw\protected\views\tyovuoroot\did.php(31): CActiveRecord->findAll()
#7 C:\xampp\htdocs\etuntifw\YII\framework\web\CBaseController.php(126): require('C:\\xampp\\htdocs...')
#8 C:\xampp\htdocs\etuntifw\YII\framework\web\CBaseController.php(95): CBaseController->renderInternal('C:\\xampp\\htdocs...', Array, true)
#9 C:\xampp\htdocs\etuntifw\YII\framework\web\CController.php(869): CBaseController->renderFile('C:\\xampp\\htdocs...', Array, true)
#10 C:\xampp\htdocs\etuntifw\protected\views\tyovuoroot\index.php(113): CController->renderPartial('//tyovuoroot/di...', Array)
#11 C:\xampp\htdocs\etuntifw\YII\framework\web\CBaseController.php(126): require('C:\\xampp\\htdocs...')
#12 C:\xampp\htdocs\etuntifw\YII\framework\web\CBaseController.php(95): CBaseController->renderInternal('C:\\xampp\\htdocs...', NULL, true)
#13 C:\xampp\htdocs\etuntifw\YII\framework\web\CController.php(869): CBaseController->renderFile('C:\\xampp\\htdocs...', NULL, true)
#14 C:\xampp\htdocs\etuntifw\YII\framework\web\CController.php(782): CController->renderPartial('index', NULL, true)
#15 C:\xampp\htdocs\etuntifw\protected\controllers\TyovuorootController.php(243): CController->render('index')
#16 C:\xampp\htdocs\etuntifw\YII\framework\web\actions\CInlineAction.php(49): TyovuorootController->actionIndex()
#17 C:\xampp\htdocs\etuntifw\YII\framework\web\CController.php(308): CInlineAction->runWithParams(Array)
#18 C:\xampp\htdocs\etuntifw\YII\framework\web\filters\CFilterChain.php(133): CController->runAction(Object(CInlineAction))
#19 C:\xampp\htdocs\etuntifw\YII\framework\web\filters\CFilter.php(40): CFilterChain->run()
#20 C:\xampp\htdocs\etuntifw\YII\framework\web\CController.php(1145): CFilter->filter(Object(CFilterChain))
#21 C:\xampp\htdocs\etuntifw\YII\framework\web\filters\CInlineFilter.php(58): CController->filterAccessControl(Object(CFilterChain))
#22 C:\xampp\htdocs\etuntifw\YII\framework\web\filters\CFilterChain.php(130): CInlineFilter->filter(Object(CFilterChain))
#23 C:\xampp\htdocs\etuntifw\YII\framework\web\CController.php(291): CFilterChain->run()
#24 C:\xampp\htdocs\etuntifw\YII\framework\web\CController.php(265): CController->runActionWithFilters(Object(CInlineAction), Array)
#25 C:\xampp\htdocs\etuntifw\YII\framework\web\CWebApplication.php(282): CController->run('index')
#26 C:\xampp\htdocs\etuntifw\YII\framework\web\CWebApplication.php(141): CWebApplication->runController('tyovuoroot/inde...')
#27 C:\xampp\htdocs\etuntifw\YII\framework\base\CApplication.php(169): CWebApplication->processRequest()
#28 C:\xampp\htdocs\etuntifw\index.php(13): CApplication->run()
#29 {main}
REQUEST_URI=/index.php/tyovuoroot/index
HTTP_REFERER=http://etuntifw.local/index.php/
---
2015/08/20 09:29:41 [error] [system.db.CDbCommand] CDbCommand::fetchAll() failed: SQLSTATE[42000]: Syntax error or access violation: 1066 Not unique table/alias: 'Kohteet'. The SQL statement executed was: SELECT `t`.`id` AS `t0_c0`, `t`.`tid` AS `t0_c1`, `t`.`time` AS `t0_c2`, `t`.`kohde` AS `t0_c3`, `t`.`pvm` AS `t0_c4`, `t`.`alku` AS `t0_c5`, `t`.`loppu` AS `t0_c6`, `t`.`pituus` AS `t0_c7`, `t`.`ruokatauko` AS `t0_c8`, `t`.`alku_r` AS `t0_c9`, `t`.`kesto` AS `t0_c10`, `t`.`tyoajanlaatu` AS `t0_c11`, `t`.`tyoajanmerkinta` AS `t0_c12`, `t`.`tietoja` AS `t0_c13`, `t`.`osoiteOnline` AS `t0_c14`, `kohteet`.`id` AS `t1_c0`, `kohteet`.`time` AS `t1_c1`, `kohteet`.`tag_id` AS `t1_c2`, `kohteet`.`gps_sijainti` AS `t1_c3`, `kohteet`.`lyhenne` AS `t1_c4`, `kohteet`.`osoite` AS `t1_c5`, `kohteet`.`katuosoite` AS `t1_c6`, `kohteet`.`kaupunki` AS `t1_c7`, `kohteet`.`toimipaikka` AS `t1_c8`, `kohteet`.`pnumero` AS `t1_c9`, `kohteet`.`email` AS `t1_c10`, `kohteet`.`aikataulu` AS `t1_c11`, `kohteet`.`hinnoittelu` AS `t1_c12`, `kohteet`.`muut` AS `t1_c13`, `kohteet`.`toimenpiteet` AS `t1_c14`, `kohteet`.`tietoja` AS `t1_c15`, `kohteet`.`tyoryhma` AS `t1_c16`, `kohteet`.`ryhma` AS `t1_c17`, `kohteet`.`aktiivinen` AS `t1_c18`, `kohteet`.`avain` AS `t1_c19`, `kohteet`.`kenella_on_avain` AS `t1_c20`, `kohteet`.`puh_nro` AS `t1_c21`, `kohteet`.`siivous` AS `t1_c22`, `kohteet`.`etu_suku_nimet` AS `t1_c23`, `kohteet`.`maksuehto_paiva` AS `t1_c24`, `kohteet`.`viivastyskorko` AS `t1_c25`, `kohteet`.`lasku_tiedot` AS `t1_c26` FROM `sivex_tvuoro` `t`  LEFT OUTER JOIN `sivex_kohdet` `kohteet` ON (`t`.`kohde`=`kohteet`.`id`) LEFT JOIN Kohteet ON Kohteet.id = Tyovuoroot.kohde WHERE ( tid = '2' and pvm = '01.08.2015' ).
in C:\xampp\htdocs\etuntifw\protected\views\tyovuoroot\did.php (31)
in C:\xampp\htdocs\etuntifw\protected\views\tyovuoroot\index.php (113)
in C:\xampp\htdocs\etuntifw\protected\controllers\TyovuorootController.php (243)
2015/08/20 09:29:41 [error] [exception.CDbException] exception 'CDbException' with message 'CDbCommand failed to execute the SQL statement: SQLSTATE[42000]: Syntax error or access violation: 1066 Not unique table/alias: 'Kohteet'. The SQL statement executed was: SELECT `t`.`id` AS `t0_c0`, `t`.`tid` AS `t0_c1`, `t`.`time` AS `t0_c2`, `t`.`kohde` AS `t0_c3`, `t`.`pvm` AS `t0_c4`, `t`.`alku` AS `t0_c5`, `t`.`loppu` AS `t0_c6`, `t`.`pituus` AS `t0_c7`, `t`.`ruokatauko` AS `t0_c8`, `t`.`alku_r` AS `t0_c9`, `t`.`kesto` AS `t0_c10`, `t`.`tyoajanlaatu` AS `t0_c11`, `t`.`tyoajanmerkinta` AS `t0_c12`, `t`.`tietoja` AS `t0_c13`, `t`.`osoiteOnline` AS `t0_c14`, `kohteet`.`id` AS `t1_c0`, `kohteet`.`time` AS `t1_c1`, `kohteet`.`tag_id` AS `t1_c2`, `kohteet`.`gps_sijainti` AS `t1_c3`, `kohteet`.`lyhenne` AS `t1_c4`, `kohteet`.`osoite` AS `t1_c5`, `kohteet`.`katuosoite` AS `t1_c6`, `kohteet`.`kaupunki` AS `t1_c7`, `kohteet`.`toimipaikka` AS `t1_c8`, `kohteet`.`pnumero` AS `t1_c9`, `kohteet`.`email` AS `t1_c10`, `kohteet`.`aikataulu` AS `t1_c11`, `kohteet`.`hinnoittelu` AS `t1_c12`, `kohteet`.`muut` AS `t1_c13`, `kohteet`.`toimenpiteet` AS `t1_c14`, `kohteet`.`tietoja` AS `t1_c15`, `kohteet`.`tyoryhma` AS `t1_c16`, `kohteet`.`ryhma` AS `t1_c17`, `kohteet`.`aktiivinen` AS `t1_c18`, `kohteet`.`avain` AS `t1_c19`, `kohteet`.`kenella_on_avain` AS `t1_c20`, `kohteet`.`puh_nro` AS `t1_c21`, `kohteet`.`siivous` AS `t1_c22`, `kohteet`.`etu_suku_nimet` AS `t1_c23`, `kohteet`.`maksuehto_paiva` AS `t1_c24`, `kohteet`.`viivastyskorko` AS `t1_c25`, `kohteet`.`lasku_tiedot` AS `t1_c26` FROM `sivex_tvuoro` `t`  LEFT OUTER JOIN `sivex_kohdet` `kohteet` ON (`t`.`kohde`=`kohteet`.`id`) LEFT JOIN Kohteet ON Kohteet.id = Tyovuoroot.kohde WHERE ( tid = '2' and pvm = '01.08.2015' )' in C:\xampp\htdocs\etuntifw\YII\framework\db\CDbCommand.php:541
Stack trace:
#0 C:\xampp\htdocs\etuntifw\YII\framework\db\CDbCommand.php(395): CDbCommand->queryInternal('fetchAll', Array, Array)
#1 C:\xampp\htdocs\etuntifw\YII\framework\db\ar\CActiveFinder.php(761): CDbCommand->queryAll()
#2 C:\xampp\htdocs\etuntifw\YII\framework\db\ar\CActiveFinder.php(422): CJoinElement->runQuery(Object(CJoinQuery))
#3 C:\xampp\htdocs\etuntifw\YII\framework\db\ar\CActiveFinder.php(68): CJoinElement->find(Object(CDbCriteria))
#4 C:\xampp\htdocs\etuntifw\YII\framework\db\ar\CActiveRecord.php(1302): CActiveFinder->query(Object(CDbCriteria), true)
#5 C:\xampp\htdocs\etuntifw\YII\framework\db\ar\CActiveRecord.php(1416): CActiveRecord->query(Object(CDbCriteria), true)
#6 C:\xampp\htdocs\etuntifw\protected\views\tyovuoroot\did.php(31): CActiveRecord->findAll()
#7 C:\xampp\htdocs\etuntifw\YII\framework\web\CBaseController.php(126): require('C:\\xampp\\htdocs...')
#8 C:\xampp\htdocs\etuntifw\YII\framework\web\CBaseController.php(95): CBaseController->renderInternal('C:\\xampp\\htdocs...', Array, true)
#9 C:\xampp\htdocs\etuntifw\YII\framework\web\CController.php(869): CBaseController->renderFile('C:\\xampp\\htdocs...', Array, true)
#10 C:\xampp\htdocs\etuntifw\protected\views\tyovuoroot\index.php(113): CController->renderPartial('//tyovuoroot/di...', Array)
#11 C:\xampp\htdocs\etuntifw\YII\framework\web\CBaseController.php(126): require('C:\\xampp\\htdocs...')
#12 C:\xampp\htdocs\etuntifw\YII\framework\web\CBaseController.php(95): CBaseController->renderInternal('C:\\xampp\\htdocs...', NULL, true)
#13 C:\xampp\htdocs\etuntifw\YII\framework\web\CController.php(869): CBaseController->renderFile('C:\\xampp\\htdocs...', NULL, true)
#14 C:\xampp\htdocs\etuntifw\YII\framework\web\CController.php(782): CController->renderPartial('index', NULL, true)
#15 C:\xampp\htdocs\etuntifw\protected\controllers\TyovuorootController.php(243): CController->render('index')
#16 C:\xampp\htdocs\etuntifw\YII\framework\web\actions\CInlineAction.php(49): TyovuorootController->actionIndex()
#17 C:\xampp\htdocs\etuntifw\YII\framework\web\CController.php(308): CInlineAction->runWithParams(Array)
#18 C:\xampp\htdocs\etuntifw\YII\framework\web\filters\CFilterChain.php(133): CController->runAction(Object(CInlineAction))
#19 C:\xampp\htdocs\etuntifw\YII\framework\web\filters\CFilter.php(40): CFilterChain->run()
#20 C:\xampp\htdocs\etuntifw\YII\framework\web\CController.php(1145): CFilter->filter(Object(CFilterChain))
#21 C:\xampp\htdocs\etuntifw\YII\framework\web\filters\CInlineFilter.php(58): CController->filterAccessControl(Object(CFilterChain))
#22 C:\xampp\htdocs\etuntifw\YII\framework\web\filters\CFilterChain.php(130): CInlineFilter->filter(Object(CFilterChain))
#23 C:\xampp\htdocs\etuntifw\YII\framework\web\CController.php(291): CFilterChain->run()
#24 C:\xampp\htdocs\etuntifw\YII\framework\web\CController.php(265): CController->runActionWithFilters(Object(CInlineAction), Array)
#25 C:\xampp\htdocs\etuntifw\YII\framework\web\CWebApplication.php(282): CController->run('index')
#26 C:\xampp\htdocs\etuntifw\YII\framework\web\CWebApplication.php(141): CWebApplication->runController('tyovuoroot/inde...')
#27 C:\xampp\htdocs\etuntifw\YII\framework\base\CApplication.php(169): CWebApplication->processRequest()
#28 C:\xampp\htdocs\etuntifw\index.php(13): CApplication->run()
#29 {main}
REQUEST_URI=/index.php/tyovuoroot/index
HTTP_REFERER=http://etuntifw.local/index.php/
---
2015/08/20 09:30:03 [error] [exception.CDbException] exception 'CDbException' with message 'Relation "LEFT JOIN Kohteet ON Kohteet" is not defined in active record class "Tyovuoroot".' in C:\xampp\htdocs\etuntifw\YII\framework\db\ar\CActiveFinder.php:211
Stack trace:
#0 C:\xampp\htdocs\etuntifw\YII\framework\db\ar\CActiveFinder.php(195): CActiveFinder->buildJoinTree(Object(CJoinElement), 'LEFT JOIN Kohte...')
#1 C:\xampp\htdocs\etuntifw\YII\framework\db\ar\CActiveFinder.php(195): CActiveFinder->buildJoinTree(Object(CJoinElement), 'LEFT JOIN Kohte...')
#2 C:\xampp\htdocs\etuntifw\YII\framework\db\ar\CActiveFinder.php(281): CActiveFinder->buildJoinTree(Object(CJoinElement), 'LEFT JOIN Kohte...')
#3 C:\xampp\htdocs\etuntifw\YII\framework\db\ar\CActiveFinder.php(48): CActiveFinder->buildJoinTree(Object(CJoinElement), Array)
#4 C:\xampp\htdocs\etuntifw\YII\framework\db\ar\CActiveRecord.php(1301): CActiveFinder->__construct(Object(Tyovuoroot), Array)
#5 C:\xampp\htdocs\etuntifw\YII\framework\db\ar\CActiveRecord.php(1416): CActiveRecord->query(Object(CDbCriteria), true)
#6 C:\xampp\htdocs\etuntifw\protected\views\tyovuoroot\did.php(31): CActiveRecord->findAll()
#7 C:\xampp\htdocs\etuntifw\YII\framework\web\CBaseController.php(126): require('C:\\xampp\\htdocs...')
#8 C:\xampp\htdocs\etuntifw\YII\framework\web\CBaseController.php(95): CBaseController->renderInternal('C:\\xampp\\htdocs...', Array, true)
#9 C:\xampp\htdocs\etuntifw\YII\framework\web\CController.php(869): CBaseController->renderFile('C:\\xampp\\htdocs...', Array, true)
#10 C:\xampp\htdocs\etuntifw\protected\views\tyovuoroot\index.php(113): CController->renderPartial('//tyovuoroot/di...', Array)
#11 C:\xampp\htdocs\etuntifw\YII\framework\web\CBaseController.php(126): require('C:\\xampp\\htdocs...')
#12 C:\xampp\htdocs\etuntifw\YII\framework\web\CBaseController.php(95): CBaseController->renderInternal('C:\\xampp\\htdocs...', NULL, true)
#13 C:\xampp\htdocs\etuntifw\YII\framework\web\CController.php(869): CBaseController->renderFile('C:\\xampp\\htdocs...', NULL, true)
#14 C:\xampp\htdocs\etuntifw\YII\framework\web\CController.php(782): CController->renderPartial('index', NULL, true)
#15 C:\xampp\htdocs\etuntifw\protected\controllers\TyovuorootController.php(243): CController->render('index')
#16 C:\xampp\htdocs\etuntifw\YII\framework\web\actions\CInlineAction.php(49): TyovuorootController->actionIndex()
#17 C:\xampp\htdocs\etuntifw\YII\framework\web\CController.php(308): CInlineAction->runWithParams(Array)
#18 C:\xampp\htdocs\etuntifw\YII\framework\web\filters\CFilterChain.php(133): CController->runAction(Object(CInlineAction))
#19 C:\xampp\htdocs\etuntifw\YII\framework\web\filters\CFilter.php(40): CFilterChain->run()
#20 C:\xampp\htdocs\etuntifw\YII\framework\web\CController.php(1145): CFilter->filter(Object(CFilterChain))
#21 C:\xampp\htdocs\etuntifw\YII\framework\web\filters\CInlineFilter.php(58): CController->filterAccessControl(Object(CFilterChain))
#22 C:\xampp\htdocs\etuntifw\YII\framework\web\filters\CFilterChain.php(130): CInlineFilter->filter(Object(CFilterChain))
#23 C:\xampp\htdocs\etuntifw\YII\framework\web\CController.php(291): CFilterChain->run()
#24 C:\xampp\htdocs\etuntifw\YII\framework\web\CController.php(265): CController->runActionWithFilters(Object(CInlineAction), Array)
#25 C:\xampp\htdocs\etuntifw\YII\framework\web\CWebApplication.php(282): CController->run('index')
#26 C:\xampp\htdocs\etuntifw\YII\framework\web\CWebApplication.php(141): CWebApplication->runController('tyovuoroot/inde...')
#27 C:\xampp\htdocs\etuntifw\YII\framework\base\CApplication.php(169): CWebApplication->processRequest()
#28 C:\xampp\htdocs\etuntifw\index.php(13): CApplication->run()
#29 {main}
REQUEST_URI=/index.php/tyovuoroot/index
HTTP_REFERER=http://etuntifw.local/index.php/
---
2015/08/20 09:30:13 [error] [exception.CDbException] exception 'CDbException' with message 'Relation "JOIN Kohteet ON Kohteet" is not defined in active record class "Tyovuoroot".' in C:\xampp\htdocs\etuntifw\YII\framework\db\ar\CActiveFinder.php:211
Stack trace:
#0 C:\xampp\htdocs\etuntifw\YII\framework\db\ar\CActiveFinder.php(195): CActiveFinder->buildJoinTree(Object(CJoinElement), 'JOIN Kohteet ON...')
#1 C:\xampp\htdocs\etuntifw\YII\framework\db\ar\CActiveFinder.php(195): CActiveFinder->buildJoinTree(Object(CJoinElement), 'JOIN Kohteet ON...')
#2 C:\xampp\htdocs\etuntifw\YII\framework\db\ar\CActiveFinder.php(281): CActiveFinder->buildJoinTree(Object(CJoinElement), 'JOIN Kohteet ON...')
#3 C:\xampp\htdocs\etuntifw\YII\framework\db\ar\CActiveFinder.php(48): CActiveFinder->buildJoinTree(Object(CJoinElement), Array)
#4 C:\xampp\htdocs\etuntifw\YII\framework\db\ar\CActiveRecord.php(1301): CActiveFinder->__construct(Object(Tyovuoroot), Array)
#5 C:\xampp\htdocs\etuntifw\YII\framework\db\ar\CActiveRecord.php(1416): CActiveRecord->query(Object(CDbCriteria), true)
#6 C:\xampp\htdocs\etuntifw\protected\views\tyovuoroot\did.php(31): CActiveRecord->findAll()
#7 C:\xampp\htdocs\etuntifw\YII\framework\web\CBaseController.php(126): require('C:\\xampp\\htdocs...')
#8 C:\xampp\htdocs\etuntifw\YII\framework\web\CBaseController.php(95): CBaseController->renderInternal('C:\\xampp\\htdocs...', Array, true)
#9 C:\xampp\htdocs\etuntifw\YII\framework\web\CController.php(869): CBaseController->renderFile('C:\\xampp\\htdocs...', Array, true)
#10 C:\xampp\htdocs\etuntifw\protected\views\tyovuoroot\index.php(113): CController->renderPartial('//tyovuoroot/di...', Array)
#11 C:\xampp\htdocs\etuntifw\YII\framework\web\CBaseController.php(126): require('C:\\xampp\\htdocs...')
#12 C:\xampp\htdocs\etuntifw\YII\framework\web\CBaseController.php(95): CBaseController->renderInternal('C:\\xampp\\htdocs...', NULL, true)
#13 C:\xampp\htdocs\etuntifw\YII\framework\web\CController.php(869): CBaseController->renderFile('C:\\xampp\\htdocs...', NULL, true)
#14 C:\xampp\htdocs\etuntifw\YII\framework\web\CController.php(782): CController->renderPartial('index', NULL, true)
#15 C:\xampp\htdocs\etuntifw\protected\controllers\TyovuorootController.php(243): CController->render('index')
#16 C:\xampp\htdocs\etuntifw\YII\framework\web\actions\CInlineAction.php(49): TyovuorootController->actionIndex()
#17 C:\xampp\htdocs\etuntifw\YII\framework\web\CController.php(308): CInlineAction->runWithParams(Array)
#18 C:\xampp\htdocs\etuntifw\YII\framework\web\filters\CFilterChain.php(133): CController->runAction(Object(CInlineAction))
#19 C:\xampp\htdocs\etuntifw\YII\framework\web\filters\CFilter.php(40): CFilterChain->run()
#20 C:\xampp\htdocs\etuntifw\YII\framework\web\CController.php(1145): CFilter->filter(Object(CFilterChain))
#21 C:\xampp\htdocs\etuntifw\YII\framework\web\filters\CInlineFilter.php(58): CController->filterAccessControl(Object(CFilterChain))
#22 C:\xampp\htdocs\etuntifw\YII\framework\web\filters\CFilterChain.php(130): CInlineFilter->filter(Object(CFilterChain))
#23 C:\xampp\htdocs\etuntifw\YII\framework\web\CController.php(291): CFilterChain->run()
#24 C:\xampp\htdocs\etuntifw\YII\framework\web\CController.php(265): CController->runActionWithFilters(Object(CInlineAction), Array)
#25 C:\xampp\htdocs\etuntifw\YII\framework\web\CWebApplication.php(282): CController->run('index')
#26 C:\xampp\htdocs\etuntifw\YII\framework\web\CWebApplication.php(141): CWebApplication->runController('tyovuoroot/inde...')
#27 C:\xampp\htdocs\etuntifw\YII\framework\base\CApplication.php(169): CWebApplication->processRequest()
#28 C:\xampp\htdocs\etuntifw\index.php(13): CApplication->run()
#29 {main}
REQUEST_URI=/index.php/tyovuoroot/index
HTTP_REFERER=http://etuntifw.local/index.php/
---
2015/08/20 09:30:20 [error] [system.db.CDbCommand] CDbCommand::fetchAll() failed: SQLSTATE[42000]: Syntax error or access violation: 1066 Not unique table/alias: 'Kohteet'. The SQL statement executed was: SELECT `t`.`id` AS `t0_c0`, `t`.`tid` AS `t0_c1`, `t`.`time` AS `t0_c2`, `t`.`kohde` AS `t0_c3`, `t`.`pvm` AS `t0_c4`, `t`.`alku` AS `t0_c5`, `t`.`loppu` AS `t0_c6`, `t`.`pituus` AS `t0_c7`, `t`.`ruokatauko` AS `t0_c8`, `t`.`alku_r` AS `t0_c9`, `t`.`kesto` AS `t0_c10`, `t`.`tyoajanlaatu` AS `t0_c11`, `t`.`tyoajanmerkinta` AS `t0_c12`, `t`.`tietoja` AS `t0_c13`, `t`.`osoiteOnline` AS `t0_c14`, `kohteet`.`id` AS `t1_c0`, `kohteet`.`time` AS `t1_c1`, `kohteet`.`tag_id` AS `t1_c2`, `kohteet`.`gps_sijainti` AS `t1_c3`, `kohteet`.`lyhenne` AS `t1_c4`, `kohteet`.`osoite` AS `t1_c5`, `kohteet`.`katuosoite` AS `t1_c6`, `kohteet`.`kaupunki` AS `t1_c7`, `kohteet`.`toimipaikka` AS `t1_c8`, `kohteet`.`pnumero` AS `t1_c9`, `kohteet`.`email` AS `t1_c10`, `kohteet`.`aikataulu` AS `t1_c11`, `kohteet`.`hinnoittelu` AS `t1_c12`, `kohteet`.`muut` AS `t1_c13`, `kohteet`.`toimenpiteet` AS `t1_c14`, `kohteet`.`tietoja` AS `t1_c15`, `kohteet`.`tyoryhma` AS `t1_c16`, `kohteet`.`ryhma` AS `t1_c17`, `kohteet`.`aktiivinen` AS `t1_c18`, `kohteet`.`avain` AS `t1_c19`, `kohteet`.`kenella_on_avain` AS `t1_c20`, `kohteet`.`puh_nro` AS `t1_c21`, `kohteet`.`siivous` AS `t1_c22`, `kohteet`.`etu_suku_nimet` AS `t1_c23`, `kohteet`.`maksuehto_paiva` AS `t1_c24`, `kohteet`.`viivastyskorko` AS `t1_c25`, `kohteet`.`lasku_tiedot` AS `t1_c26` FROM `sivex_tvuoro` `t`  LEFT OUTER JOIN `sivex_kohdet` `kohteet` ON (`t`.`kohde`=`kohteet`.`id`) LEFT JOIN Kohteet ON Kohteet.id = Tyovuoroot.kohde WHERE ( tid = '2' and pvm = '01.08.2015' ).
in C:\xampp\htdocs\etuntifw\protected\views\tyovuoroot\did.php (31)
in C:\xampp\htdocs\etuntifw\protected\views\tyovuoroot\index.php (113)
in C:\xampp\htdocs\etuntifw\protected\controllers\TyovuorootController.php (243)
2015/08/20 09:30:20 [error] [exception.CDbException] exception 'CDbException' with message 'CDbCommand failed to execute the SQL statement: SQLSTATE[42000]: Syntax error or access violation: 1066 Not unique table/alias: 'Kohteet'. The SQL statement executed was: SELECT `t`.`id` AS `t0_c0`, `t`.`tid` AS `t0_c1`, `t`.`time` AS `t0_c2`, `t`.`kohde` AS `t0_c3`, `t`.`pvm` AS `t0_c4`, `t`.`alku` AS `t0_c5`, `t`.`loppu` AS `t0_c6`, `t`.`pituus` AS `t0_c7`, `t`.`ruokatauko` AS `t0_c8`, `t`.`alku_r` AS `t0_c9`, `t`.`kesto` AS `t0_c10`, `t`.`tyoajanlaatu` AS `t0_c11`, `t`.`tyoajanmerkinta` AS `t0_c12`, `t`.`tietoja` AS `t0_c13`, `t`.`osoiteOnline` AS `t0_c14`, `kohteet`.`id` AS `t1_c0`, `kohteet`.`time` AS `t1_c1`, `kohteet`.`tag_id` AS `t1_c2`, `kohteet`.`gps_sijainti` AS `t1_c3`, `kohteet`.`lyhenne` AS `t1_c4`, `kohteet`.`osoite` AS `t1_c5`, `kohteet`.`katuosoite` AS `t1_c6`, `kohteet`.`kaupunki` AS `t1_c7`, `kohteet`.`toimipaikka` AS `t1_c8`, `kohteet`.`pnumero` AS `t1_c9`, `kohteet`.`email` AS `t1_c10`, `kohteet`.`aikataulu` AS `t1_c11`, `kohteet`.`hinnoittelu` AS `t1_c12`, `kohteet`.`muut` AS `t1_c13`, `kohteet`.`toimenpiteet` AS `t1_c14`, `kohteet`.`tietoja` AS `t1_c15`, `kohteet`.`tyoryhma` AS `t1_c16`, `kohteet`.`ryhma` AS `t1_c17`, `kohteet`.`aktiivinen` AS `t1_c18`, `kohteet`.`avain` AS `t1_c19`, `kohteet`.`kenella_on_avain` AS `t1_c20`, `kohteet`.`puh_nro` AS `t1_c21`, `kohteet`.`siivous` AS `t1_c22`, `kohteet`.`etu_suku_nimet` AS `t1_c23`, `kohteet`.`maksuehto_paiva` AS `t1_c24`, `kohteet`.`viivastyskorko` AS `t1_c25`, `kohteet`.`lasku_tiedot` AS `t1_c26` FROM `sivex_tvuoro` `t`  LEFT OUTER JOIN `sivex_kohdet` `kohteet` ON (`t`.`kohde`=`kohteet`.`id`) LEFT JOIN Kohteet ON Kohteet.id = Tyovuoroot.kohde WHERE ( tid = '2' and pvm = '01.08.2015' )' in C:\xampp\htdocs\etuntifw\YII\framework\db\CDbCommand.php:541
Stack trace:
#0 C:\xampp\htdocs\etuntifw\YII\framework\db\CDbCommand.php(395): CDbCommand->queryInternal('fetchAll', Array, Array)
#1 C:\xampp\htdocs\etuntifw\YII\framework\db\ar\CActiveFinder.php(761): CDbCommand->queryAll()
#2 C:\xampp\htdocs\etuntifw\YII\framework\db\ar\CActiveFinder.php(422): CJoinElement->runQuery(Object(CJoinQuery))
#3 C:\xampp\htdocs\etuntifw\YII\framework\db\ar\CActiveFinder.php(68): CJoinElement->find(Object(CDbCriteria))
#4 C:\xampp\htdocs\etuntifw\YII\framework\db\ar\CActiveRecord.php(1302): CActiveFinder->query(Object(CDbCriteria), true)
#5 C:\xampp\htdocs\etuntifw\YII\framework\db\ar\CActiveRecord.php(1416): CActiveRecord->query(Object(CDbCriteria), true)
#6 C:\xampp\htdocs\etuntifw\protected\views\tyovuoroot\did.php(31): CActiveRecord->findAll()
#7 C:\xampp\htdocs\etuntifw\YII\framework\web\CBaseController.php(126): require('C:\\xampp\\htdocs...')
#8 C:\xampp\htdocs\etuntifw\YII\framework\web\CBaseController.php(95): CBaseController->renderInternal('C:\\xampp\\htdocs...', Array, true)
#9 C:\xampp\htdocs\etuntifw\YII\framework\web\CController.php(869): CBaseController->renderFile('C:\\xampp\\htdocs...', Array, true)
#10 C:\xampp\htdocs\etuntifw\protected\views\tyovuoroot\index.php(113): CController->renderPartial('//tyovuoroot/di...', Array)
#11 C:\xampp\htdocs\etuntifw\YII\framework\web\CBaseController.php(126): require('C:\\xampp\\htdocs...')
#12 C:\xampp\htdocs\etuntifw\YII\framework\web\CBaseController.php(95): CBaseController->renderInternal('C:\\xampp\\htdocs...', NULL, true)
#13 C:\xampp\htdocs\etuntifw\YII\framework\web\CController.php(869): CBaseController->renderFile('C:\\xampp\\htdocs...', NULL, true)
#14 C:\xampp\htdocs\etuntifw\YII\framework\web\CController.php(782): CController->renderPartial('index', NULL, true)
#15 C:\xampp\htdocs\etuntifw\protected\controllers\TyovuorootController.php(243): CController->render('index')
#16 C:\xampp\htdocs\etuntifw\YII\framework\web\actions\CInlineAction.php(49): TyovuorootController->actionIndex()
#17 C:\xampp\htdocs\etuntifw\YII\framework\web\CController.php(308): CInlineAction->runWithParams(Array)
#18 C:\xampp\htdocs\etuntifw\YII\framework\web\filters\CFilterChain.php(133): CController->runAction(Object(CInlineAction))
#19 C:\xampp\htdocs\etuntifw\YII\framework\web\filters\CFilter.php(40): CFilterChain->run()
#20 C:\xampp\htdocs\etuntifw\YII\framework\web\CController.php(1145): CFilter->filter(Object(CFilterChain))
#21 C:\xampp\htdocs\etuntifw\YII\framework\web\filters\CInlineFilter.php(58): CController->filterAccessControl(Object(CFilterChain))
#22 C:\xampp\htdocs\etuntifw\YII\framework\web\filters\CFilterChain.php(130): CInlineFilter->filter(Object(CFilterChain))
#23 C:\xampp\htdocs\etuntifw\YII\framework\web\CController.php(291): CFilterChain->run()
#24 C:\xampp\htdocs\etuntifw\YII\framework\web\CController.php(265): CController->runActionWithFilters(Object(CInlineAction), Array)
#25 C:\xampp\htdocs\etuntifw\YII\framework\web\CWebApplication.php(282): CController->run('index')
#26 C:\xampp\htdocs\etuntifw\YII\framework\web\CWebApplication.php(141): CWebApplication->runController('tyovuoroot/inde...')
#27 C:\xampp\htdocs\etuntifw\YII\framework\base\CApplication.php(169): CWebApplication->processRequest()
#28 C:\xampp\htdocs\etuntifw\index.php(13): CApplication->run()
#29 {main}
REQUEST_URI=/index.php/tyovuoroot/index
HTTP_REFERER=http://etuntifw.local/index.php/
---
2015/08/20 09:32:56 [error] [exception.CException] exception 'CException' with message 'Property "Tyovuoroot.katuosoite" is not defined.' in C:\xampp\htdocs\etuntifw\YII\framework\base\CComponent.php:130
Stack trace:
#0 C:\xampp\htdocs\etuntifw\YII\framework\db\ar\CActiveRecord.php(143): CComponent->__get('katuosoite')
#1 C:\xampp\htdocs\etuntifw\protected\views\tyovuoroot\did.php(59): CActiveRecord->__get('katuosoite')
#2 C:\xampp\htdocs\etuntifw\YII\framework\web\CBaseController.php(126): require('C:\\xampp\\htdocs...')
#3 C:\xampp\htdocs\etuntifw\YII\framework\web\CBaseController.php(95): CBaseController->renderInternal('C:\\xampp\\htdocs...', Array, true)
#4 C:\xampp\htdocs\etuntifw\YII\framework\web\CController.php(869): CBaseController->renderFile('C:\\xampp\\htdocs...', Array, true)
#5 C:\xampp\htdocs\etuntifw\protected\views\tyovuoroot\index.php(113): CController->renderPartial('//tyovuoroot/di...', Array)
#6 C:\xampp\htdocs\etuntifw\YII\framework\web\CBaseController.php(126): require('C:\\xampp\\htdocs...')
#7 C:\xampp\htdocs\etuntifw\YII\framework\web\CBaseController.php(95): CBaseController->renderInternal('C:\\xampp\\htdocs...', NULL, true)
#8 C:\xampp\htdocs\etuntifw\YII\framework\web\CController.php(869): CBaseController->renderFile('C:\\xampp\\htdocs...', NULL, true)
#9 C:\xampp\htdocs\etuntifw\YII\framework\web\CController.php(782): CController->renderPartial('index', NULL, true)
#10 C:\xampp\htdocs\etuntifw\protected\controllers\TyovuorootController.php(243): CController->render('index')
#11 C:\xampp\htdocs\etuntifw\YII\framework\web\actions\CInlineAction.php(49): TyovuorootController->actionIndex()
#12 C:\xampp\htdocs\etuntifw\YII\framework\web\CController.php(308): CInlineAction->runWithParams(Array)
#13 C:\xampp\htdocs\etuntifw\YII\framework\web\filters\CFilterChain.php(133): CController->runAction(Object(CInlineAction))
#14 C:\xampp\htdocs\etuntifw\YII\framework\web\filters\CFilter.php(40): CFilterChain->run()
#15 C:\xampp\htdocs\etuntifw\YII\framework\web\CController.php(1145): CFilter->filter(Object(CFilterChain))
#16 C:\xampp\htdocs\etuntifw\YII\framework\web\filters\CInlineFilter.php(58): CController->filterAccessControl(Object(CFilterChain))
#17 C:\xampp\htdocs\etuntifw\YII\framework\web\filters\CFilterChain.php(130): CInlineFilter->filter(Object(CFilterChain))
#18 C:\xampp\htdocs\etuntifw\YII\framework\web\CController.php(291): CFilterChain->run()
#19 C:\xampp\htdocs\etuntifw\YII\framework\web\CController.php(265): CController->runActionWithFilters(Object(CInlineAction), Array)
#20 C:\xampp\htdocs\etuntifw\YII\framework\web\CWebApplication.php(282): CController->run('index')
#21 C:\xampp\htdocs\etuntifw\YII\framework\web\CWebApplication.php(141): CWebApplication->runController('tyovuoroot/inde...')
#22 C:\xampp\htdocs\etuntifw\YII\framework\base\CApplication.php(169): CWebApplication->processRequest()
#23 C:\xampp\htdocs\etuntifw\index.php(13): CApplication->run()
#24 {main}
REQUEST_URI=/index.php/tyovuoroot/index
HTTP_REFERER=http://etuntifw.local/index.php/
---
2015/08/20 09:33:06 [error] [exception.CException] exception 'CException' with message 'Ominaisuutta "Tyovuoroot.katuosoite" ei ole määritelty.' in C:\xampp\htdocs\etuntifw\YII\framework\base\CComponent.php:130
Stack trace:
#0 C:\xampp\htdocs\etuntifw\YII\framework\db\ar\CActiveRecord.php(143): CComponent->__get('katuosoite')
#1 C:\xampp\htdocs\etuntifw\protected\views\tyovuoroot\did.php(59): CActiveRecord->__get('katuosoite')
#2 C:\xampp\htdocs\etuntifw\YII\framework\web\CBaseController.php(126): require('C:\\xampp\\htdocs...')
#3 C:\xampp\htdocs\etuntifw\YII\framework\web\CBaseController.php(95): CBaseController->renderInternal('C:\\xampp\\htdocs...', Array, true)
#4 C:\xampp\htdocs\etuntifw\YII\framework\web\CController.php(869): CBaseController->renderFile('C:\\xampp\\htdocs...', Array, true)
#5 C:\xampp\htdocs\etuntifw\protected\views\tyovuoroot\index.php(113): CController->renderPartial('//tyovuoroot/di...', Array)
#6 C:\xampp\htdocs\etuntifw\YII\framework\web\CBaseController.php(126): require('C:\\xampp\\htdocs...')
#7 C:\xampp\htdocs\etuntifw\YII\framework\web\CBaseController.php(95): CBaseController->renderInternal('C:\\xampp\\htdocs...', NULL, true)
#8 C:\xampp\htdocs\etuntifw\YII\framework\web\CController.php(869): CBaseController->renderFile('C:\\xampp\\htdocs...', NULL, true)
#9 C:\xampp\htdocs\etuntifw\YII\framework\web\CController.php(782): CController->renderPartial('index', NULL, true)
#10 C:\xampp\htdocs\etuntifw\protected\controllers\TyovuorootController.php(243): CController->render('index')
#11 C:\xampp\htdocs\etuntifw\YII\framework\web\actions\CInlineAction.php(49): TyovuorootController->actionIndex()
#12 C:\xampp\htdocs\etuntifw\YII\framework\web\CController.php(308): CInlineAction->runWithParams(Array)
#13 C:\xampp\htdocs\etuntifw\YII\framework\web\filters\CFilterChain.php(133): CController->runAction(Object(CInlineAction))
#14 C:\xampp\htdocs\etuntifw\YII\framework\web\filters\CFilter.php(40): CFilterChain->run()
#15 C:\xampp\htdocs\etuntifw\YII\framework\web\CController.php(1145): CFilter->filter(Object(CFilterChain))
#16 C:\xampp\htdocs\etuntifw\YII\framework\web\filters\CInlineFilter.php(58): CController->filterAccessControl(Object(CFilterChain))
#17 C:\xampp\htdocs\etuntifw\YII\framework\web\filters\CFilterChain.php(130): CInlineFilter->filter(Object(CFilterChain))
#18 C:\xampp\htdocs\etuntifw\YII\framework\web\CController.php(291): CFilterChain->run()
#19 C:\xampp\htdocs\etuntifw\YII\framework\web\CController.php(265): CController->runActionWithFilters(Object(CInlineAction), Array)
#20 C:\xampp\htdocs\etuntifw\YII\framework\web\CWebApplication.php(282): CController->run('index')
#21 C:\xampp\htdocs\etuntifw\YII\framework\web\CWebApplication.php(141): CWebApplication->runController('tyovuoroot/inde...')
#22 C:\xampp\htdocs\etuntifw\YII\framework\base\CApplication.php(169): CWebApplication->processRequest()
#23 C:\xampp\htdocs\etuntifw\index.php(13): CApplication->run()
#24 {main}
REQUEST_URI=/index.php/tyovuoroot/index
HTTP_REFERER=http://etuntifw.local/index.php/
---
2015/08/20 09:40:51 [error] [exception.CDbException] exception 'CDbException' with message 'Relaatiota "LEFT JOIN Kohteet ON Kohteet" ei ole määritelty active record -luokassa "Tyovuoroot".' in C:\xampp\htdocs\etuntifw\YII\framework\db\ar\CActiveFinder.php:211
Stack trace:
#0 C:\xampp\htdocs\etuntifw\YII\framework\db\ar\CActiveFinder.php(195): CActiveFinder->buildJoinTree(Object(CJoinElement), 'LEFT JOIN Kohte...')
#1 C:\xampp\htdocs\etuntifw\YII\framework\db\ar\CActiveFinder.php(195): CActiveFinder->buildJoinTree(Object(CJoinElement), 'LEFT JOIN Kohte...')
#2 C:\xampp\htdocs\etuntifw\YII\framework\db\ar\CActiveFinder.php(281): CActiveFinder->buildJoinTree(Object(CJoinElement), 'LEFT JOIN Kohte...')
#3 C:\xampp\htdocs\etuntifw\YII\framework\db\ar\CActiveFinder.php(48): CActiveFinder->buildJoinTree(Object(CJoinElement), Array)
#4 C:\xampp\htdocs\etuntifw\YII\framework\db\ar\CActiveRecord.php(1301): CActiveFinder->__construct(Object(Tyovuoroot), Array)
#5 C:\xampp\htdocs\etuntifw\YII\framework\db\ar\CActiveRecord.php(1416): CActiveRecord->query(Object(CDbCriteria), true)
#6 C:\xampp\htdocs\etuntifw\protected\views\tyovuoroot\did.php(30): CActiveRecord->findAll()
#7 C:\xampp\htdocs\etuntifw\YII\framework\web\CBaseController.php(126): require('C:\\xampp\\htdocs...')
#8 C:\xampp\htdocs\etuntifw\YII\framework\web\CBaseController.php(95): CBaseController->renderInternal('C:\\xampp\\htdocs...', Array, true)
#9 C:\xampp\htdocs\etuntifw\YII\framework\web\CController.php(869): CBaseController->renderFile('C:\\xampp\\htdocs...', Array, true)
#10 C:\xampp\htdocs\etuntifw\protected\views\tyovuoroot\index.php(113): CController->renderPartial('//tyovuoroot/di...', Array)
#11 C:\xampp\htdocs\etuntifw\YII\framework\web\CBaseController.php(126): require('C:\\xampp\\htdocs...')
#12 C:\xampp\htdocs\etuntifw\YII\framework\web\CBaseController.php(95): CBaseController->renderInternal('C:\\xampp\\htdocs...', NULL, true)
#13 C:\xampp\htdocs\etuntifw\YII\framework\web\CController.php(869): CBaseController->renderFile('C:\\xampp\\htdocs...', NULL, true)
#14 C:\xampp\htdocs\etuntifw\YII\framework\web\CController.php(782): CController->renderPartial('index', NULL, true)
#15 C:\xampp\htdocs\etuntifw\protected\controllers\TyovuorootController.php(243): CController->render('index')
#16 C:\xampp\htdocs\etuntifw\YII\framework\web\actions\CInlineAction.php(49): TyovuorootController->actionIndex()
#17 C:\xampp\htdocs\etuntifw\YII\framework\web\CController.php(308): CInlineAction->runWithParams(Array)
#18 C:\xampp\htdocs\etuntifw\YII\framework\web\filters\CFilterChain.php(133): CController->runAction(Object(CInlineAction))
#19 C:\xampp\htdocs\etuntifw\YII\framework\web\filters\CFilter.php(40): CFilterChain->run()
#20 C:\xampp\htdocs\etuntifw\YII\framework\web\CController.php(1145): CFilter->filter(Object(CFilterChain))
#21 C:\xampp\htdocs\etuntifw\YII\framework\web\filters\CInlineFilter.php(58): CController->filterAccessControl(Object(CFilterChain))
#22 C:\xampp\htdocs\etuntifw\YII\framework\web\filters\CFilterChain.php(130): CInlineFilter->filter(Object(CFilterChain))
#23 C:\xampp\htdocs\etuntifw\YII\framework\web\CController.php(291): CFilterChain->run()
#24 C:\xampp\htdocs\etuntifw\YII\framework\web\CController.php(265): CController->runActionWithFilters(Object(CInlineAction), Array)
#25 C:\xampp\htdocs\etuntifw\YII\framework\web\CWebApplication.php(282): CController->run('index')
#26 C:\xampp\htdocs\etuntifw\YII\framework\web\CWebApplication.php(141): CWebApplication->runController('tyovuoroot/inde...')
#27 C:\xampp\htdocs\etuntifw\YII\framework\base\CApplication.php(169): CWebApplication->processRequest()
#28 C:\xampp\htdocs\etuntifw\index.php(13): CApplication->run()
#29 {main}
REQUEST_URI=/index.php/tyovuoroot/index
HTTP_REFERER=http://etuntifw.local/index.php/
---
2015/08/20 09:41:05 [error] [system.db.CDbCommand] CDbCommand::fetchAll() epäonnistui: SQLSTATE[42000]: Syntax error or access violation: 1066 Not unique table/alias: 'Kohteet'. Suoritettu SQL-komento oli: SELECT `t`.`id` AS `t0_c0`, `t`.`tid` AS `t0_c1`, `t`.`time` AS `t0_c2`, `t`.`kohde` AS `t0_c3`, `t`.`pvm` AS `t0_c4`, `t`.`alku` AS `t0_c5`, `t`.`loppu` AS `t0_c6`, `t`.`pituus` AS `t0_c7`, `t`.`ruokatauko` AS `t0_c8`, `t`.`alku_r` AS `t0_c9`, `t`.`kesto` AS `t0_c10`, `t`.`tyoajanlaatu` AS `t0_c11`, `t`.`tyoajanmerkinta` AS `t0_c12`, `t`.`tietoja` AS `t0_c13`, `t`.`osoiteOnline` AS `t0_c14`, `kohteet`.`id` AS `t1_c0`, `kohteet`.`time` AS `t1_c1`, `kohteet`.`tag_id` AS `t1_c2`, `kohteet`.`gps_sijainti` AS `t1_c3`, `kohteet`.`lyhenne` AS `t1_c4`, `kohteet`.`osoite` AS `t1_c5`, `kohteet`.`katuosoite` AS `t1_c6`, `kohteet`.`kaupunki` AS `t1_c7`, `kohteet`.`toimipaikka` AS `t1_c8`, `kohteet`.`pnumero` AS `t1_c9`, `kohteet`.`email` AS `t1_c10`, `kohteet`.`aikataulu` AS `t1_c11`, `kohteet`.`hinnoittelu` AS `t1_c12`, `kohteet`.`muut` AS `t1_c13`, `kohteet`.`toimenpiteet` AS `t1_c14`, `kohteet`.`tietoja` AS `t1_c15`, `kohteet`.`tyoryhma` AS `t1_c16`, `kohteet`.`ryhma` AS `t1_c17`, `kohteet`.`aktiivinen` AS `t1_c18`, `kohteet`.`avain` AS `t1_c19`, `kohteet`.`kenella_on_avain` AS `t1_c20`, `kohteet`.`puh_nro` AS `t1_c21`, `kohteet`.`siivous` AS `t1_c22`, `kohteet`.`etu_suku_nimet` AS `t1_c23`, `kohteet`.`maksuehto_paiva` AS `t1_c24`, `kohteet`.`viivastyskorko` AS `t1_c25`, `kohteet`.`lasku_tiedot` AS `t1_c26` FROM `sivex_tvuoro` `t`  LEFT OUTER JOIN `sivex_kohdet` `kohteet` ON (`t`.`kohde`=`kohteet`.`id`) LEFT JOIN Kohteet ON Kohteet.id = Tyovuoroot.kohde WHERE ( tid = '2' and pvm = '01.08.2015' ).
in C:\xampp\htdocs\etuntifw\protected\views\tyovuoroot\did.php (31)
in C:\xampp\htdocs\etuntifw\protected\views\tyovuoroot\index.php (113)
in C:\xampp\htdocs\etuntifw\protected\controllers\TyovuorootController.php (243)
2015/08/20 09:41:05 [error] [exception.CDbException] exception 'CDbException' with message 'CDbCommand ei voinut suorittaa SQL-komentoa: SQLSTATE[42000]: Syntax error or access violation: 1066 Not unique table/alias: 'Kohteet'. The SQL statement executed was: SELECT `t`.`id` AS `t0_c0`, `t`.`tid` AS `t0_c1`, `t`.`time` AS `t0_c2`, `t`.`kohde` AS `t0_c3`, `t`.`pvm` AS `t0_c4`, `t`.`alku` AS `t0_c5`, `t`.`loppu` AS `t0_c6`, `t`.`pituus` AS `t0_c7`, `t`.`ruokatauko` AS `t0_c8`, `t`.`alku_r` AS `t0_c9`, `t`.`kesto` AS `t0_c10`, `t`.`tyoajanlaatu` AS `t0_c11`, `t`.`tyoajanmerkinta` AS `t0_c12`, `t`.`tietoja` AS `t0_c13`, `t`.`osoiteOnline` AS `t0_c14`, `kohteet`.`id` AS `t1_c0`, `kohteet`.`time` AS `t1_c1`, `kohteet`.`tag_id` AS `t1_c2`, `kohteet`.`gps_sijainti` AS `t1_c3`, `kohteet`.`lyhenne` AS `t1_c4`, `kohteet`.`osoite` AS `t1_c5`, `kohteet`.`katuosoite` AS `t1_c6`, `kohteet`.`kaupunki` AS `t1_c7`, `kohteet`.`toimipaikka` AS `t1_c8`, `kohteet`.`pnumero` AS `t1_c9`, `kohteet`.`email` AS `t1_c10`, `kohteet`.`aikataulu` AS `t1_c11`, `kohteet`.`hinnoittelu` AS `t1_c12`, `kohteet`.`muut` AS `t1_c13`, `kohteet`.`toimenpiteet` AS `t1_c14`, `kohteet`.`tietoja` AS `t1_c15`, `kohteet`.`tyoryhma` AS `t1_c16`, `kohteet`.`ryhma` AS `t1_c17`, `kohteet`.`aktiivinen` AS `t1_c18`, `kohteet`.`avain` AS `t1_c19`, `kohteet`.`kenella_on_avain` AS `t1_c20`, `kohteet`.`puh_nro` AS `t1_c21`, `kohteet`.`siivous` AS `t1_c22`, `kohteet`.`etu_suku_nimet` AS `t1_c23`, `kohteet`.`maksuehto_paiva` AS `t1_c24`, `kohteet`.`viivastyskorko` AS `t1_c25`, `kohteet`.`lasku_tiedot` AS `t1_c26` FROM `sivex_tvuoro` `t`  LEFT OUTER JOIN `sivex_kohdet` `kohteet` ON (`t`.`kohde`=`kohteet`.`id`) LEFT JOIN Kohteet ON Kohteet.id = Tyovuoroot.kohde WHERE ( tid = '2' and pvm = '01.08.2015' )' in C:\xampp\htdocs\etuntifw\YII\framework\db\CDbCommand.php:541
Stack trace:
#0 C:\xampp\htdocs\etuntifw\YII\framework\db\CDbCommand.php(395): CDbCommand->queryInternal('fetchAll', Array, Array)
#1 C:\xampp\htdocs\etuntifw\YII\framework\db\ar\CActiveFinder.php(761): CDbCommand->queryAll()
#2 C:\xampp\htdocs\etuntifw\YII\framework\db\ar\CActiveFinder.php(422): CJoinElement->runQuery(Object(CJoinQuery))
#3 C:\xampp\htdocs\etuntifw\YII\framework\db\ar\CActiveFinder.php(68): CJoinElement->find(Object(CDbCriteria))
#4 C:\xampp\htdocs\etuntifw\YII\framework\db\ar\CActiveRecord.php(1302): CActiveFinder->query(Object(CDbCriteria), true)
#5 C:\xampp\htdocs\etuntifw\YII\framework\db\ar\CActiveRecord.php(1416): CActiveRecord->query(Object(CDbCriteria), true)
#6 C:\xampp\htdocs\etuntifw\protected\views\tyovuoroot\did.php(31): CActiveRecord->findAll()
#7 C:\xampp\htdocs\etuntifw\YII\framework\web\CBaseController.php(126): require('C:\\xampp\\htdocs...')
#8 C:\xampp\htdocs\etuntifw\YII\framework\web\CBaseController.php(95): CBaseController->renderInternal('C:\\xampp\\htdocs...', Array, true)
#9 C:\xampp\htdocs\etuntifw\YII\framework\web\CController.php(869): CBaseController->renderFile('C:\\xampp\\htdocs...', Array, true)
#10 C:\xampp\htdocs\etuntifw\protected\views\tyovuoroot\index.php(113): CController->renderPartial('//tyovuoroot/di...', Array)
#11 C:\xampp\htdocs\etuntifw\YII\framework\web\CBaseController.php(126): require('C:\\xampp\\htdocs...')
#12 C:\xampp\htdocs\etuntifw\YII\framework\web\CBaseController.php(95): CBaseController->renderInternal('C:\\xampp\\htdocs...', NULL, true)
#13 C:\xampp\htdocs\etuntifw\YII\framework\web\CController.php(869): CBaseController->renderFile('C:\\xampp\\htdocs...', NULL, true)
#14 C:\xampp\htdocs\etuntifw\YII\framework\web\CController.php(782): CController->renderPartial('index', NULL, true)
#15 C:\xampp\htdocs\etuntifw\protected\controllers\TyovuorootController.php(243): CController->render('index')
#16 C:\xampp\htdocs\etuntifw\YII\framework\web\actions\CInlineAction.php(49): TyovuorootController->actionIndex()
#17 C:\xampp\htdocs\etuntifw\YII\framework\web\CController.php(308): CInlineAction->runWithParams(Array)
#18 C:\xampp\htdocs\etuntifw\YII\framework\web\filters\CFilterChain.php(133): CController->runAction(Object(CInlineAction))
#19 C:\xampp\htdocs\etuntifw\YII\framework\web\filters\CFilter.php(40): CFilterChain->run()
#20 C:\xampp\htdocs\etuntifw\YII\framework\web\CController.php(1145): CFilter->filter(Object(CFilterChain))
#21 C:\xampp\htdocs\etuntifw\YII\framework\web\filters\CInlineFilter.php(58): CController->filterAccessControl(Object(CFilterChain))
#22 C:\xampp\htdocs\etuntifw\YII\framework\web\filters\CFilterChain.php(130): CInlineFilter->filter(Object(CFilterChain))
#23 C:\xampp\htdocs\etuntifw\YII\framework\web\CController.php(291): CFilterChain->run()
#24 C:\xampp\htdocs\etuntifw\YII\framework\web\CController.php(265): CController->runActionWithFilters(Object(CInlineAction), Array)
#25 C:\xampp\htdocs\etuntifw\YII\framework\web\CWebApplication.php(282): CController->run('index')
#26 C:\xampp\htdocs\etuntifw\YII\framework\web\CWebApplication.php(141): CWebApplication->runController('tyovuoroot/inde...')
#27 C:\xampp\htdocs\etuntifw\YII\framework\base\CApplication.php(169): CWebApplication->processRequest()
#28 C:\xampp\htdocs\etuntifw\index.php(13): CApplication->run()
#29 {main}
REQUEST_URI=/index.php/tyovuoroot/index
HTTP_REFERER=http://etuntifw.local/index.php/
---
2015/08/20 09:41:32 [error] [exception.CDbException] exception 'CDbException' with message 'Relaatiota "alku" ei ole määritelty active record -luokassa "Tyovuoroot".' in C:\xampp\htdocs\etuntifw\YII\framework\db\ar\CActiveFinder.php:211
Stack trace:
#0 C:\xampp\htdocs\etuntifw\YII\framework\db\ar\CActiveFinder.php(281): CActiveFinder->buildJoinTree(Object(CJoinElement), 'alku')
#1 C:\xampp\htdocs\etuntifw\YII\framework\db\ar\CActiveFinder.php(48): CActiveFinder->buildJoinTree(Object(CJoinElement), Array)
#2 C:\xampp\htdocs\etuntifw\YII\framework\db\ar\CActiveRecord.php(1301): CActiveFinder->__construct(Object(Tyovuoroot), Array)
#3 C:\xampp\htdocs\etuntifw\YII\framework\db\ar\CActiveRecord.php(1416): CActiveRecord->query(Object(CDbCriteria), true)
#4 C:\xampp\htdocs\etuntifw\protected\views\tyovuoroot\did.php(31): CActiveRecord->findAll()
#5 C:\xampp\htdocs\etuntifw\YII\framework\web\CBaseController.php(126): require('C:\\xampp\\htdocs...')
#6 C:\xampp\htdocs\etuntifw\YII\framework\web\CBaseController.php(95): CBaseController->renderInternal('C:\\xampp\\htdocs...', Array, true)
#7 C:\xampp\htdocs\etuntifw\YII\framework\web\CController.php(869): CBaseController->renderFile('C:\\xampp\\htdocs...', Array, true)
#8 C:\xampp\htdocs\etuntifw\protected\views\tyovuoroot\index.php(113): CController->renderPartial('//tyovuoroot/di...', Array)
#9 C:\xampp\htdocs\etuntifw\YII\framework\web\CBaseController.php(126): require('C:\\xampp\\htdocs...')
#10 C:\xampp\htdocs\etuntifw\YII\framework\web\CBaseController.php(95): CBaseController->renderInternal('C:\\xampp\\htdocs...', NULL, true)
#11 C:\xampp\htdocs\etuntifw\YII\framework\web\CController.php(869): CBaseController->renderFile('C:\\xampp\\htdocs...', NULL, true)
#12 C:\xampp\htdocs\etuntifw\YII\framework\web\CController.php(782): CController->renderPartial('index', NULL, true)
#13 C:\xampp\htdocs\etuntifw\protected\controllers\TyovuorootController.php(243): CController->render('index')
#14 C:\xampp\htdocs\etuntifw\YII\framework\web\actions\CInlineAction.php(49): TyovuorootController->actionIndex()
#15 C:\xampp\htdocs\etuntifw\YII\framework\web\CController.php(308): CInlineAction->runWithParams(Array)
#16 C:\xampp\htdocs\etuntifw\YII\framework\web\filters\CFilterChain.php(133): CController->runAction(Object(CInlineAction))
#17 C:\xampp\htdocs\etuntifw\YII\framework\web\filters\CFilter.php(40): CFilterChain->run()
#18 C:\xampp\htdocs\etuntifw\YII\framework\web\CController.php(1145): CFilter->filter(Object(CFilterChain))
#19 C:\xampp\htdocs\etuntifw\YII\framework\web\filters\CInlineFilter.php(58): CController->filterAccessControl(Object(CFilterChain))
#20 C:\xampp\htdocs\etuntifw\YII\framework\web\filters\CFilterChain.php(130): CInlineFilter->filter(Object(CFilterChain))
#21 C:\xampp\htdocs\etuntifw\YII\framework\web\CController.php(291): CFilterChain->run()
#22 C:\xampp\htdocs\etuntifw\YII\framework\web\CController.php(265): CController->runActionWithFilters(Object(CInlineAction), Array)
#23 C:\xampp\htdocs\etuntifw\YII\framework\web\CWebApplication.php(282): CController->run('index')
#24 C:\xampp\htdocs\etuntifw\YII\framework\web\CWebApplication.php(141): CWebApplication->runController('tyovuoroot/inde...')
#25 C:\xampp\htdocs\etuntifw\YII\framework\base\CApplication.php(169): CWebApplication->processRequest()
#26 C:\xampp\htdocs\etuntifw\index.php(13): CApplication->run()
#27 {main}
REQUEST_URI=/index.php/tyovuoroot/index
HTTP_REFERER=http://etuntifw.local/index.php/
---
2015/08/20 09:41:40 [error] [system.db.CDbCommand] CDbCommand::fetchAll() epäonnistui: SQLSTATE[42000]: Syntax error or access violation: 1066 Not unique table/alias: 'Kohteet'. Suoritettu SQL-komento oli: SELECT `t`.`id` AS `t0_c0`, `t`.`tid` AS `t0_c1`, `t`.`time` AS `t0_c2`, `t`.`kohde` AS `t0_c3`, `t`.`pvm` AS `t0_c4`, `t`.`alku` AS `t0_c5`, `t`.`loppu` AS `t0_c6`, `t`.`pituus` AS `t0_c7`, `t`.`ruokatauko` AS `t0_c8`, `t`.`alku_r` AS `t0_c9`, `t`.`kesto` AS `t0_c10`, `t`.`tyoajanlaatu` AS `t0_c11`, `t`.`tyoajanmerkinta` AS `t0_c12`, `t`.`tietoja` AS `t0_c13`, `t`.`osoiteOnline` AS `t0_c14`, `kohteet`.`id` AS `t1_c0`, `kohteet`.`time` AS `t1_c1`, `kohteet`.`tag_id` AS `t1_c2`, `kohteet`.`gps_sijainti` AS `t1_c3`, `kohteet`.`lyhenne` AS `t1_c4`, `kohteet`.`osoite` AS `t1_c5`, `kohteet`.`katuosoite` AS `t1_c6`, `kohteet`.`kaupunki` AS `t1_c7`, `kohteet`.`toimipaikka` AS `t1_c8`, `kohteet`.`pnumero` AS `t1_c9`, `kohteet`.`email` AS `t1_c10`, `kohteet`.`aikataulu` AS `t1_c11`, `kohteet`.`hinnoittelu` AS `t1_c12`, `kohteet`.`muut` AS `t1_c13`, `kohteet`.`toimenpiteet` AS `t1_c14`, `kohteet`.`tietoja` AS `t1_c15`, `kohteet`.`tyoryhma` AS `t1_c16`, `kohteet`.`ryhma` AS `t1_c17`, `kohteet`.`aktiivinen` AS `t1_c18`, `kohteet`.`avain` AS `t1_c19`, `kohteet`.`kenella_on_avain` AS `t1_c20`, `kohteet`.`puh_nro` AS `t1_c21`, `kohteet`.`siivous` AS `t1_c22`, `kohteet`.`etu_suku_nimet` AS `t1_c23`, `kohteet`.`maksuehto_paiva` AS `t1_c24`, `kohteet`.`viivastyskorko` AS `t1_c25`, `kohteet`.`lasku_tiedot` AS `t1_c26` FROM `sivex_tvuoro` `t`  LEFT OUTER JOIN `sivex_kohdet` `kohteet` ON (`t`.`kohde`=`kohteet`.`id`) LEFT JOIN Kohteet ON Kohteet.id = Tyovuoroot.kohde WHERE ( tid = '2' and pvm = '01.08.2015' ).
in C:\xampp\htdocs\etuntifw\protected\views\tyovuoroot\did.php (31)
in C:\xampp\htdocs\etuntifw\protected\views\tyovuoroot\index.php (113)
in C:\xampp\htdocs\etuntifw\protected\controllers\TyovuorootController.php (243)
2015/08/20 09:41:40 [error] [exception.CDbException] exception 'CDbException' with message 'CDbCommand ei voinut suorittaa SQL-komentoa: SQLSTATE[42000]: Syntax error or access violation: 1066 Not unique table/alias: 'Kohteet'. The SQL statement executed was: SELECT `t`.`id` AS `t0_c0`, `t`.`tid` AS `t0_c1`, `t`.`time` AS `t0_c2`, `t`.`kohde` AS `t0_c3`, `t`.`pvm` AS `t0_c4`, `t`.`alku` AS `t0_c5`, `t`.`loppu` AS `t0_c6`, `t`.`pituus` AS `t0_c7`, `t`.`ruokatauko` AS `t0_c8`, `t`.`alku_r` AS `t0_c9`, `t`.`kesto` AS `t0_c10`, `t`.`tyoajanlaatu` AS `t0_c11`, `t`.`tyoajanmerkinta` AS `t0_c12`, `t`.`tietoja` AS `t0_c13`, `t`.`osoiteOnline` AS `t0_c14`, `kohteet`.`id` AS `t1_c0`, `kohteet`.`time` AS `t1_c1`, `kohteet`.`tag_id` AS `t1_c2`, `kohteet`.`gps_sijainti` AS `t1_c3`, `kohteet`.`lyhenne` AS `t1_c4`, `kohteet`.`osoite` AS `t1_c5`, `kohteet`.`katuosoite` AS `t1_c6`, `kohteet`.`kaupunki` AS `t1_c7`, `kohteet`.`toimipaikka` AS `t1_c8`, `kohteet`.`pnumero` AS `t1_c9`, `kohteet`.`email` AS `t1_c10`, `kohteet`.`aikataulu` AS `t1_c11`, `kohteet`.`hinnoittelu` AS `t1_c12`, `kohteet`.`muut` AS `t1_c13`, `kohteet`.`toimenpiteet` AS `t1_c14`, `kohteet`.`tietoja` AS `t1_c15`, `kohteet`.`tyoryhma` AS `t1_c16`, `kohteet`.`ryhma` AS `t1_c17`, `kohteet`.`aktiivinen` AS `t1_c18`, `kohteet`.`avain` AS `t1_c19`, `kohteet`.`kenella_on_avain` AS `t1_c20`, `kohteet`.`puh_nro` AS `t1_c21`, `kohteet`.`siivous` AS `t1_c22`, `kohteet`.`etu_suku_nimet` AS `t1_c23`, `kohteet`.`maksuehto_paiva` AS `t1_c24`, `kohteet`.`viivastyskorko` AS `t1_c25`, `kohteet`.`lasku_tiedot` AS `t1_c26` FROM `sivex_tvuoro` `t`  LEFT OUTER JOIN `sivex_kohdet` `kohteet` ON (`t`.`kohde`=`kohteet`.`id`) LEFT JOIN Kohteet ON Kohteet.id = Tyovuoroot.kohde WHERE ( tid = '2' and pvm = '01.08.2015' )' in C:\xampp\htdocs\etuntifw\YII\framework\db\CDbCommand.php:541
Stack trace:
#0 C:\xampp\htdocs\etuntifw\YII\framework\db\CDbCommand.php(395): CDbCommand->queryInternal('fetchAll', Array, Array)
#1 C:\xampp\htdocs\etuntifw\YII\framework\db\ar\CActiveFinder.php(761): CDbCommand->queryAll()
#2 C:\xampp\htdocs\etuntifw\YII\framework\db\ar\CActiveFinder.php(422): CJoinElement->runQuery(Object(CJoinQuery))
#3 C:\xampp\htdocs\etuntifw\YII\framework\db\ar\CActiveFinder.php(68): CJoinElement->find(Object(CDbCriteria))
#4 C:\xampp\htdocs\etuntifw\YII\framework\db\ar\CActiveRecord.php(1302): CActiveFinder->query(Object(CDbCriteria), true)
#5 C:\xampp\htdocs\etuntifw\YII\framework\db\ar\CActiveRecord.php(1416): CActiveRecord->query(Object(CDbCriteria), true)
#6 C:\xampp\htdocs\etuntifw\protected\views\tyovuoroot\did.php(31): CActiveRecord->findAll()
#7 C:\xampp\htdocs\etuntifw\YII\framework\web\CBaseController.php(126): require('C:\\xampp\\htdocs...')
#8 C:\xampp\htdocs\etuntifw\YII\framework\web\CBaseController.php(95): CBaseController->renderInternal('C:\\xampp\\htdocs...', Array, true)
#9 C:\xampp\htdocs\etuntifw\YII\framework\web\CController.php(869): CBaseController->renderFile('C:\\xampp\\htdocs...', Array, true)
#10 C:\xampp\htdocs\etuntifw\protected\views\tyovuoroot\index.php(113): CController->renderPartial('//tyovuoroot/di...', Array)
#11 C:\xampp\htdocs\etuntifw\YII\framework\web\CBaseController.php(126): require('C:\\xampp\\htdocs...')
#12 C:\xampp\htdocs\etuntifw\YII\framework\web\CBaseController.php(95): CBaseController->renderInternal('C:\\xampp\\htdocs...', NULL, true)
#13 C:\xampp\htdocs\etuntifw\YII\framework\web\CController.php(869): CBaseController->renderFile('C:\\xampp\\htdocs...', NULL, true)
#14 C:\xampp\htdocs\etuntifw\YII\framework\web\CController.php(782): CController->renderPartial('index', NULL, true)
#15 C:\xampp\htdocs\etuntifw\protected\controllers\TyovuorootController.php(243): CController->render('index')
#16 C:\xampp\htdocs\etuntifw\YII\framework\web\actions\CInlineAction.php(49): TyovuorootController->actionIndex()
#17 C:\xampp\htdocs\etuntifw\YII\framework\web\CController.php(308): CInlineAction->runWithParams(Array)
#18 C:\xampp\htdocs\etuntifw\YII\framework\web\filters\CFilterChain.php(133): CController->runAction(Object(CInlineAction))
#19 C:\xampp\htdocs\etuntifw\YII\framework\web\filters\CFilter.php(40): CFilterChain->run()
#20 C:\xampp\htdocs\etuntifw\YII\framework\web\CController.php(1145): CFilter->filter(Object(CFilterChain))
#21 C:\xampp\htdocs\etuntifw\YII\framework\web\filters\CInlineFilter.php(58): CController->filterAccessControl(Object(CFilterChain))
#22 C:\xampp\htdocs\etuntifw\YII\framework\web\filters\CFilterChain.php(130): CInlineFilter->filter(Object(CFilterChain))
#23 C:\xampp\htdocs\etuntifw\YII\framework\web\CController.php(291): CFilterChain->run()
#24 C:\xampp\htdocs\etuntifw\YII\framework\web\CController.php(265): CController->runActionWithFilters(Object(CInlineAction), Array)
#25 C:\xampp\htdocs\etuntifw\YII\framework\web\CWebApplication.php(282): CController->run('index')
#26 C:\xampp\htdocs\etuntifw\YII\framework\web\CWebApplication.php(141): CWebApplication->runController('tyovuoroot/inde...')
#27 C:\xampp\htdocs\etuntifw\YII\framework\base\CApplication.php(169): CWebApplication->processRequest()
#28 C:\xampp\htdocs\etuntifw\index.php(13): CApplication->run()
#29 {main}
REQUEST_URI=/index.php/tyovuoroot/index
HTTP_REFERER=http://etuntifw.local/index.php/
---
2015/08/20 09:42:02 [error] [system.db.CDbCommand] CDbCommand::fetchAll() epäonnistui: SQLSTATE[42000]: Syntax error or access violation: 1066 Not unique table/alias: 'Kohteet'. Suoritettu SQL-komento oli: SELECT `t`.`id` AS `t0_c0`, `t`.`tid` AS `t0_c1`, `t`.`time` AS `t0_c2`, `t`.`kohde` AS `t0_c3`, `t`.`pvm` AS `t0_c4`, `t`.`alku` AS `t0_c5`, `t`.`loppu` AS `t0_c6`, `t`.`pituus` AS `t0_c7`, `t`.`ruokatauko` AS `t0_c8`, `t`.`alku_r` AS `t0_c9`, `t`.`kesto` AS `t0_c10`, `t`.`tyoajanlaatu` AS `t0_c11`, `t`.`tyoajanmerkinta` AS `t0_c12`, `t`.`tietoja` AS `t0_c13`, `t`.`osoiteOnline` AS `t0_c14`, `kohteet`.`id` AS `t1_c0`, `kohteet`.`time` AS `t1_c1`, `kohteet`.`tag_id` AS `t1_c2`, `kohteet`.`gps_sijainti` AS `t1_c3`, `kohteet`.`lyhenne` AS `t1_c4`, `kohteet`.`osoite` AS `t1_c5`, `kohteet`.`katuosoite` AS `t1_c6`, `kohteet`.`kaupunki` AS `t1_c7`, `kohteet`.`toimipaikka` AS `t1_c8`, `kohteet`.`pnumero` AS `t1_c9`, `kohteet`.`email` AS `t1_c10`, `kohteet`.`aikataulu` AS `t1_c11`, `kohteet`.`hinnoittelu` AS `t1_c12`, `kohteet`.`muut` AS `t1_c13`, `kohteet`.`toimenpiteet` AS `t1_c14`, `kohteet`.`tietoja` AS `t1_c15`, `kohteet`.`tyoryhma` AS `t1_c16`, `kohteet`.`ryhma` AS `t1_c17`, `kohteet`.`aktiivinen` AS `t1_c18`, `kohteet`.`avain` AS `t1_c19`, `kohteet`.`kenella_on_avain` AS `t1_c20`, `kohteet`.`puh_nro` AS `t1_c21`, `kohteet`.`siivous` AS `t1_c22`, `kohteet`.`etu_suku_nimet` AS `t1_c23`, `kohteet`.`maksuehto_paiva` AS `t1_c24`, `kohteet`.`viivastyskorko` AS `t1_c25`, `kohteet`.`lasku_tiedot` AS `t1_c26` FROM `sivex_tvuoro` `t`  LEFT OUTER JOIN `sivex_kohdet` `kohteet` ON (`t`.`kohde`=`kohteet`.`id`) LEFT JOIN Kohteet ON Kohteet.id = t.kohde WHERE ( tid = '2' and pvm = '01.08.2015' ).
in C:\xampp\htdocs\etuntifw\protected\views\tyovuoroot\did.php (31)
in C:\xampp\htdocs\etuntifw\protected\views\tyovuoroot\index.php (113)
in C:\xampp\htdocs\etuntifw\protected\controllers\TyovuorootController.php (243)
2015/08/20 09:42:02 [error] [exception.CDbException] exception 'CDbException' with message 'CDbCommand ei voinut suorittaa SQL-komentoa: SQLSTATE[42000]: Syntax error or access violation: 1066 Not unique table/alias: 'Kohteet'. The SQL statement executed was: SELECT `t`.`id` AS `t0_c0`, `t`.`tid` AS `t0_c1`, `t`.`time` AS `t0_c2`, `t`.`kohde` AS `t0_c3`, `t`.`pvm` AS `t0_c4`, `t`.`alku` AS `t0_c5`, `t`.`loppu` AS `t0_c6`, `t`.`pituus` AS `t0_c7`, `t`.`ruokatauko` AS `t0_c8`, `t`.`alku_r` AS `t0_c9`, `t`.`kesto` AS `t0_c10`, `t`.`tyoajanlaatu` AS `t0_c11`, `t`.`tyoajanmerkinta` AS `t0_c12`, `t`.`tietoja` AS `t0_c13`, `t`.`osoiteOnline` AS `t0_c14`, `kohteet`.`id` AS `t1_c0`, `kohteet`.`time` AS `t1_c1`, `kohteet`.`tag_id` AS `t1_c2`, `kohteet`.`gps_sijainti` AS `t1_c3`, `kohteet`.`lyhenne` AS `t1_c4`, `kohteet`.`osoite` AS `t1_c5`, `kohteet`.`katuosoite` AS `t1_c6`, `kohteet`.`kaupunki` AS `t1_c7`, `kohteet`.`toimipaikka` AS `t1_c8`, `kohteet`.`pnumero` AS `t1_c9`, `kohteet`.`email` AS `t1_c10`, `kohteet`.`aikataulu` AS `t1_c11`, `kohteet`.`hinnoittelu` AS `t1_c12`, `kohteet`.`muut` AS `t1_c13`, `kohteet`.`toimenpiteet` AS `t1_c14`, `kohteet`.`tietoja` AS `t1_c15`, `kohteet`.`tyoryhma` AS `t1_c16`, `kohteet`.`ryhma` AS `t1_c17`, `kohteet`.`aktiivinen` AS `t1_c18`, `kohteet`.`avain` AS `t1_c19`, `kohteet`.`kenella_on_avain` AS `t1_c20`, `kohteet`.`puh_nro` AS `t1_c21`, `kohteet`.`siivous` AS `t1_c22`, `kohteet`.`etu_suku_nimet` AS `t1_c23`, `kohteet`.`maksuehto_paiva` AS `t1_c24`, `kohteet`.`viivastyskorko` AS `t1_c25`, `kohteet`.`lasku_tiedot` AS `t1_c26` FROM `sivex_tvuoro` `t`  LEFT OUTER JOIN `sivex_kohdet` `kohteet` ON (`t`.`kohde`=`kohteet`.`id`) LEFT JOIN Kohteet ON Kohteet.id = t.kohde WHERE ( tid = '2' and pvm = '01.08.2015' )' in C:\xampp\htdocs\etuntifw\YII\framework\db\CDbCommand.php:541
Stack trace:
#0 C:\xampp\htdocs\etuntifw\YII\framework\db\CDbCommand.php(395): CDbCommand->queryInternal('fetchAll', Array, Array)
#1 C:\xampp\htdocs\etuntifw\YII\framework\db\ar\CActiveFinder.php(761): CDbCommand->queryAll()
#2 C:\xampp\htdocs\etuntifw\YII\framework\db\ar\CActiveFinder.php(422): CJoinElement->runQuery(Object(CJoinQuery))
#3 C:\xampp\htdocs\etuntifw\YII\framework\db\ar\CActiveFinder.php(68): CJoinElement->find(Object(CDbCriteria))
#4 C:\xampp\htdocs\etuntifw\YII\framework\db\ar\CActiveRecord.php(1302): CActiveFinder->query(Object(CDbCriteria), true)
#5 C:\xampp\htdocs\etuntifw\YII\framework\db\ar\CActiveRecord.php(1416): CActiveRecord->query(Object(CDbCriteria), true)
#6 C:\xampp\htdocs\etuntifw\protected\views\tyovuoroot\did.php(31): CActiveRecord->findAll()
#7 C:\xampp\htdocs\etuntifw\YII\framework\web\CBaseController.php(126): require('C:\\xampp\\htdocs...')
#8 C:\xampp\htdocs\etuntifw\YII\framework\web\CBaseController.php(95): CBaseController->renderInternal('C:\\xampp\\htdocs...', Array, true)
#9 C:\xampp\htdocs\etuntifw\YII\framework\web\CController.php(869): CBaseController->renderFile('C:\\xampp\\htdocs...', Array, true)
#10 C:\xampp\htdocs\etuntifw\protected\views\tyovuoroot\index.php(113): CController->renderPartial('//tyovuoroot/di...', Array)
#11 C:\xampp\htdocs\etuntifw\YII\framework\web\CBaseController.php(126): require('C:\\xampp\\htdocs...')
#12 C:\xampp\htdocs\etuntifw\YII\framework\web\CBaseController.php(95): CBaseController->renderInternal('C:\\xampp\\htdocs...', NULL, true)
#13 C:\xampp\htdocs\etuntifw\YII\framework\web\CController.php(869): CBaseController->renderFile('C:\\xampp\\htdocs...', NULL, true)
#14 C:\xampp\htdocs\etuntifw\YII\framework\web\CController.php(782): CController->renderPartial('index', NULL, true)
#15 C:\xampp\htdocs\etuntifw\protected\controllers\TyovuorootController.php(243): CController->render('index')
#16 C:\xampp\htdocs\etuntifw\YII\framework\web\actions\CInlineAction.php(49): TyovuorootController->actionIndex()
#17 C:\xampp\htdocs\etuntifw\YII\framework\web\CController.php(308): CInlineAction->runWithParams(Array)
#18 C:\xampp\htdocs\etuntifw\YII\framework\web\filters\CFilterChain.php(133): CController->runAction(Object(CInlineAction))
#19 C:\xampp\htdocs\etuntifw\YII\framework\web\filters\CFilter.php(40): CFilterChain->run()
#20 C:\xampp\htdocs\etuntifw\YII\framework\web\CController.php(1145): CFilter->filter(Object(CFilterChain))
#21 C:\xampp\htdocs\etuntifw\YII\framework\web\filters\CInlineFilter.php(58): CController->filterAccessControl(Object(CFilterChain))
#22 C:\xampp\htdocs\etuntifw\YII\framework\web\filters\CFilterChain.php(130): CInlineFilter->filter(Object(CFilterChain))
#23 C:\xampp\htdocs\etuntifw\YII\framework\web\CController.php(291): CFilterChain->run()
#24 C:\xampp\htdocs\etuntifw\YII\framework\web\CController.php(265): CController->runActionWithFilters(Object(CInlineAction), Array)
#25 C:\xampp\htdocs\etuntifw\YII\framework\web\CWebApplication.php(282): CController->run('index')
#26 C:\xampp\htdocs\etuntifw\YII\framework\web\CWebApplication.php(141): CWebApplication->runController('tyovuoroot/inde...')
#27 C:\xampp\htdocs\etuntifw\YII\framework\base\CApplication.php(169): CWebApplication->processRequest()
#28 C:\xampp\htdocs\etuntifw\index.php(13): CApplication->run()
#29 {main}
REQUEST_URI=/index.php/tyovuoroot/index
HTTP_REFERER=http://etuntifw.local/index.php/
---
2015/08/20 09:42:12 [error] [system.db.CDbCommand] CDbCommand::fetchAll() epäonnistui: SQLSTATE[42000]: Syntax error or access violation: 1066 Not unique table/alias: 'Kohteet'. Suoritettu SQL-komento oli: SELECT `t`.`id` AS `t0_c0`, `t`.`tid` AS `t0_c1`, `t`.`time` AS `t0_c2`, `t`.`kohde` AS `t0_c3`, `t`.`pvm` AS `t0_c4`, `t`.`alku` AS `t0_c5`, `t`.`loppu` AS `t0_c6`, `t`.`pituus` AS `t0_c7`, `t`.`ruokatauko` AS `t0_c8`, `t`.`alku_r` AS `t0_c9`, `t`.`kesto` AS `t0_c10`, `t`.`tyoajanlaatu` AS `t0_c11`, `t`.`tyoajanmerkinta` AS `t0_c12`, `t`.`tietoja` AS `t0_c13`, `t`.`osoiteOnline` AS `t0_c14`, `kohteet`.`id` AS `t1_c0`, `kohteet`.`time` AS `t1_c1`, `kohteet`.`tag_id` AS `t1_c2`, `kohteet`.`gps_sijainti` AS `t1_c3`, `kohteet`.`lyhenne` AS `t1_c4`, `kohteet`.`osoite` AS `t1_c5`, `kohteet`.`katuosoite` AS `t1_c6`, `kohteet`.`kaupunki` AS `t1_c7`, `kohteet`.`toimipaikka` AS `t1_c8`, `kohteet`.`pnumero` AS `t1_c9`, `kohteet`.`email` AS `t1_c10`, `kohteet`.`aikataulu` AS `t1_c11`, `kohteet`.`hinnoittelu` AS `t1_c12`, `kohteet`.`muut` AS `t1_c13`, `kohteet`.`toimenpiteet` AS `t1_c14`, `kohteet`.`tietoja` AS `t1_c15`, `kohteet`.`tyoryhma` AS `t1_c16`, `kohteet`.`ryhma` AS `t1_c17`, `kohteet`.`aktiivinen` AS `t1_c18`, `kohteet`.`avain` AS `t1_c19`, `kohteet`.`kenella_on_avain` AS `t1_c20`, `kohteet`.`puh_nro` AS `t1_c21`, `kohteet`.`siivous` AS `t1_c22`, `kohteet`.`etu_suku_nimet` AS `t1_c23`, `kohteet`.`maksuehto_paiva` AS `t1_c24`, `kohteet`.`viivastyskorko` AS `t1_c25`, `kohteet`.`lasku_tiedot` AS `t1_c26` FROM `sivex_tvuoro` `t`  LEFT OUTER JOIN `sivex_kohdet` `kohteet` ON (`t`.`kohde`=`kohteet`.`id`) LEFT JOIN Kohteet ON Kohteet.id = t.kohde WHERE ( t.tid = '2' and t.pvm = '01.08.2015' ).
in C:\xampp\htdocs\etuntifw\protected\views\tyovuoroot\did.php (31)
in C:\xampp\htdocs\etuntifw\protected\views\tyovuoroot\index.php (113)
in C:\xampp\htdocs\etuntifw\protected\controllers\TyovuorootController.php (243)
2015/08/20 09:42:12 [error] [exception.CDbException] exception 'CDbException' with message 'CDbCommand ei voinut suorittaa SQL-komentoa: SQLSTATE[42000]: Syntax error or access violation: 1066 Not unique table/alias: 'Kohteet'. The SQL statement executed was: SELECT `t`.`id` AS `t0_c0`, `t`.`tid` AS `t0_c1`, `t`.`time` AS `t0_c2`, `t`.`kohde` AS `t0_c3`, `t`.`pvm` AS `t0_c4`, `t`.`alku` AS `t0_c5`, `t`.`loppu` AS `t0_c6`, `t`.`pituus` AS `t0_c7`, `t`.`ruokatauko` AS `t0_c8`, `t`.`alku_r` AS `t0_c9`, `t`.`kesto` AS `t0_c10`, `t`.`tyoajanlaatu` AS `t0_c11`, `t`.`tyoajanmerkinta` AS `t0_c12`, `t`.`tietoja` AS `t0_c13`, `t`.`osoiteOnline` AS `t0_c14`, `kohteet`.`id` AS `t1_c0`, `kohteet`.`time` AS `t1_c1`, `kohteet`.`tag_id` AS `t1_c2`, `kohteet`.`gps_sijainti` AS `t1_c3`, `kohteet`.`lyhenne` AS `t1_c4`, `kohteet`.`osoite` AS `t1_c5`, `kohteet`.`katuosoite` AS `t1_c6`, `kohteet`.`kaupunki` AS `t1_c7`, `kohteet`.`toimipaikka` AS `t1_c8`, `kohteet`.`pnumero` AS `t1_c9`, `kohteet`.`email` AS `t1_c10`, `kohteet`.`aikataulu` AS `t1_c11`, `kohteet`.`hinnoittelu` AS `t1_c12`, `kohteet`.`muut` AS `t1_c13`, `kohteet`.`toimenpiteet` AS `t1_c14`, `kohteet`.`tietoja` AS `t1_c15`, `kohteet`.`tyoryhma` AS `t1_c16`, `kohteet`.`ryhma` AS `t1_c17`, `kohteet`.`aktiivinen` AS `t1_c18`, `kohteet`.`avain` AS `t1_c19`, `kohteet`.`kenella_on_avain` AS `t1_c20`, `kohteet`.`puh_nro` AS `t1_c21`, `kohteet`.`siivous` AS `t1_c22`, `kohteet`.`etu_suku_nimet` AS `t1_c23`, `kohteet`.`maksuehto_paiva` AS `t1_c24`, `kohteet`.`viivastyskorko` AS `t1_c25`, `kohteet`.`lasku_tiedot` AS `t1_c26` FROM `sivex_tvuoro` `t`  LEFT OUTER JOIN `sivex_kohdet` `kohteet` ON (`t`.`kohde`=`kohteet`.`id`) LEFT JOIN Kohteet ON Kohteet.id = t.kohde WHERE ( t.tid = '2' and t.pvm = '01.08.2015' )' in C:\xampp\htdocs\etuntifw\YII\framework\db\CDbCommand.php:541
Stack trace:
#0 C:\xampp\htdocs\etuntifw\YII\framework\db\CDbCommand.php(395): CDbCommand->queryInternal('fetchAll', Array, Array)
#1 C:\xampp\htdocs\etuntifw\YII\framework\db\ar\CActiveFinder.php(761): CDbCommand->queryAll()
#2 C:\xampp\htdocs\etuntifw\YII\framework\db\ar\CActiveFinder.php(422): CJoinElement->runQuery(Object(CJoinQuery))
#3 C:\xampp\htdocs\etuntifw\YII\framework\db\ar\CActiveFinder.php(68): CJoinElement->find(Object(CDbCriteria))
#4 C:\xampp\htdocs\etuntifw\YII\framework\db\ar\CActiveRecord.php(1302): CActiveFinder->query(Object(CDbCriteria), true)
#5 C:\xampp\htdocs\etuntifw\YII\framework\db\ar\CActiveRecord.php(1416): CActiveRecord->query(Object(CDbCriteria), true)
#6 C:\xampp\htdocs\etuntifw\protected\views\tyovuoroot\did.php(31): CActiveRecord->findAll()
#7 C:\xampp\htdocs\etuntifw\YII\framework\web\CBaseController.php(126): require('C:\\xampp\\htdocs...')
#8 C:\xampp\htdocs\etuntifw\YII\framework\web\CBaseController.php(95): CBaseController->renderInternal('C:\\xampp\\htdocs...', Array, true)
#9 C:\xampp\htdocs\etuntifw\YII\framework\web\CController.php(869): CBaseController->renderFile('C:\\xampp\\htdocs...', Array, true)
#10 C:\xampp\htdocs\etuntifw\protected\views\tyovuoroot\index.php(113): CController->renderPartial('//tyovuoroot/di...', Array)
#11 C:\xampp\htdocs\etuntifw\YII\framework\web\CBaseController.php(126): require('C:\\xampp\\htdocs...')
#12 C:\xampp\htdocs\etuntifw\YII\framework\web\CBaseController.php(95): CBaseController->renderInternal('C:\\xampp\\htdocs...', NULL, true)
#13 C:\xampp\htdocs\etuntifw\YII\framework\web\CController.php(869): CBaseController->renderFile('C:\\xampp\\htdocs...', NULL, true)
#14 C:\xampp\htdocs\etuntifw\YII\framework\web\CController.php(782): CController->renderPartial('index', NULL, true)
#15 C:\xampp\htdocs\etuntifw\protected\controllers\TyovuorootController.php(243): CController->render('index')
#16 C:\xampp\htdocs\etuntifw\YII\framework\web\actions\CInlineAction.php(49): TyovuorootController->actionIndex()
#17 C:\xampp\htdocs\etuntifw\YII\framework\web\CController.php(308): CInlineAction->runWithParams(Array)
#18 C:\xampp\htdocs\etuntifw\YII\framework\web\filters\CFilterChain.php(133): CController->runAction(Object(CInlineAction))
#19 C:\xampp\htdocs\etuntifw\YII\framework\web\filters\CFilter.php(40): CFilterChain->run()
#20 C:\xampp\htdocs\etuntifw\YII\framework\web\CController.php(1145): CFilter->filter(Object(CFilterChain))
#21 C:\xampp\htdocs\etuntifw\YII\framework\web\filters\CInlineFilter.php(58): CController->filterAccessControl(Object(CFilterChain))
#22 C:\xampp\htdocs\etuntifw\YII\framework\web\filters\CFilterChain.php(130): CInlineFilter->filter(Object(CFilterChain))
#23 C:\xampp\htdocs\etuntifw\YII\framework\web\CController.php(291): CFilterChain->run()
#24 C:\xampp\htdocs\etuntifw\YII\framework\web\CController.php(265): CController->runActionWithFilters(Object(CInlineAction), Array)
#25 C:\xampp\htdocs\etuntifw\YII\framework\web\CWebApplication.php(282): CController->run('index')
#26 C:\xampp\htdocs\etuntifw\YII\framework\web\CWebApplication.php(141): CWebApplication->runController('tyovuoroot/inde...')
#27 C:\xampp\htdocs\etuntifw\YII\framework\base\CApplication.php(169): CWebApplication->processRequest()
#28 C:\xampp\htdocs\etuntifw\index.php(13): CApplication->run()
#29 {main}
REQUEST_URI=/index.php/tyovuoroot/index
HTTP_REFERER=http://etuntifw.local/index.php/
---
2015/08/20 09:42:20 [error] [system.db.CDbCommand] CDbCommand::fetchAll() epäonnistui: SQLSTATE[42000]: Syntax error or access violation: 1066 Not unique table/alias: 'Kohteet'. Suoritettu SQL-komento oli: SELECT `t`.`id` AS `t0_c0`, `t`.`tid` AS `t0_c1`, `t`.`time` AS `t0_c2`, `t`.`kohde` AS `t0_c3`, `t`.`pvm` AS `t0_c4`, `t`.`alku` AS `t0_c5`, `t`.`loppu` AS `t0_c6`, `t`.`pituus` AS `t0_c7`, `t`.`ruokatauko` AS `t0_c8`, `t`.`alku_r` AS `t0_c9`, `t`.`kesto` AS `t0_c10`, `t`.`tyoajanlaatu` AS `t0_c11`, `t`.`tyoajanmerkinta` AS `t0_c12`, `t`.`tietoja` AS `t0_c13`, `t`.`osoiteOnline` AS `t0_c14`, `kohteet`.`id` AS `t1_c0`, `kohteet`.`time` AS `t1_c1`, `kohteet`.`tag_id` AS `t1_c2`, `kohteet`.`gps_sijainti` AS `t1_c3`, `kohteet`.`lyhenne` AS `t1_c4`, `kohteet`.`osoite` AS `t1_c5`, `kohteet`.`katuosoite` AS `t1_c6`, `kohteet`.`kaupunki` AS `t1_c7`, `kohteet`.`toimipaikka` AS `t1_c8`, `kohteet`.`pnumero` AS `t1_c9`, `kohteet`.`email` AS `t1_c10`, `kohteet`.`aikataulu` AS `t1_c11`, `kohteet`.`hinnoittelu` AS `t1_c12`, `kohteet`.`muut` AS `t1_c13`, `kohteet`.`toimenpiteet` AS `t1_c14`, `kohteet`.`tietoja` AS `t1_c15`, `kohteet`.`tyoryhma` AS `t1_c16`, `kohteet`.`ryhma` AS `t1_c17`, `kohteet`.`aktiivinen` AS `t1_c18`, `kohteet`.`avain` AS `t1_c19`, `kohteet`.`kenella_on_avain` AS `t1_c20`, `kohteet`.`puh_nro` AS `t1_c21`, `kohteet`.`siivous` AS `t1_c22`, `kohteet`.`etu_suku_nimet` AS `t1_c23`, `kohteet`.`maksuehto_paiva` AS `t1_c24`, `kohteet`.`viivastyskorko` AS `t1_c25`, `kohteet`.`lasku_tiedot` AS `t1_c26` FROM `sivex_tvuoro` `t`  LEFT OUTER JOIN `sivex_kohdet` `kohteet` ON (`t`.`kohde`=`kohteet`.`id`) LEFT JOIN Kohteet ON kohteet.id = t.kohde WHERE ( t.tid = '2' and t.pvm = '01.08.2015' ).
in C:\xampp\htdocs\etuntifw\protected\views\tyovuoroot\did.php (31)
in C:\xampp\htdocs\etuntifw\protected\views\tyovuoroot\index.php (113)
in C:\xampp\htdocs\etuntifw\protected\controllers\TyovuorootController.php (243)
2015/08/20 09:42:20 [error] [exception.CDbException] exception 'CDbException' with message 'CDbCommand ei voinut suorittaa SQL-komentoa: SQLSTATE[42000]: Syntax error or access violation: 1066 Not unique table/alias: 'Kohteet'. The SQL statement executed was: SELECT `t`.`id` AS `t0_c0`, `t`.`tid` AS `t0_c1`, `t`.`time` AS `t0_c2`, `t`.`kohde` AS `t0_c3`, `t`.`pvm` AS `t0_c4`, `t`.`alku` AS `t0_c5`, `t`.`loppu` AS `t0_c6`, `t`.`pituus` AS `t0_c7`, `t`.`ruokatauko` AS `t0_c8`, `t`.`alku_r` AS `t0_c9`, `t`.`kesto` AS `t0_c10`, `t`.`tyoajanlaatu` AS `t0_c11`, `t`.`tyoajanmerkinta` AS `t0_c12`, `t`.`tietoja` AS `t0_c13`, `t`.`osoiteOnline` AS `t0_c14`, `kohteet`.`id` AS `t1_c0`, `kohteet`.`time` AS `t1_c1`, `kohteet`.`tag_id` AS `t1_c2`, `kohteet`.`gps_sijainti` AS `t1_c3`, `kohteet`.`lyhenne` AS `t1_c4`, `kohteet`.`osoite` AS `t1_c5`, `kohteet`.`katuosoite` AS `t1_c6`, `kohteet`.`kaupunki` AS `t1_c7`, `kohteet`.`toimipaikka` AS `t1_c8`, `kohteet`.`pnumero` AS `t1_c9`, `kohteet`.`email` AS `t1_c10`, `kohteet`.`aikataulu` AS `t1_c11`, `kohteet`.`hinnoittelu` AS `t1_c12`, `kohteet`.`muut` AS `t1_c13`, `kohteet`.`toimenpiteet` AS `t1_c14`, `kohteet`.`tietoja` AS `t1_c15`, `kohteet`.`tyoryhma` AS `t1_c16`, `kohteet`.`ryhma` AS `t1_c17`, `kohteet`.`aktiivinen` AS `t1_c18`, `kohteet`.`avain` AS `t1_c19`, `kohteet`.`kenella_on_avain` AS `t1_c20`, `kohteet`.`puh_nro` AS `t1_c21`, `kohteet`.`siivous` AS `t1_c22`, `kohteet`.`etu_suku_nimet` AS `t1_c23`, `kohteet`.`maksuehto_paiva` AS `t1_c24`, `kohteet`.`viivastyskorko` AS `t1_c25`, `kohteet`.`lasku_tiedot` AS `t1_c26` FROM `sivex_tvuoro` `t`  LEFT OUTER JOIN `sivex_kohdet` `kohteet` ON (`t`.`kohde`=`kohteet`.`id`) LEFT JOIN Kohteet ON kohteet.id = t.kohde WHERE ( t.tid = '2' and t.pvm = '01.08.2015' )' in C:\xampp\htdocs\etuntifw\YII\framework\db\CDbCommand.php:541
Stack trace:
#0 C:\xampp\htdocs\etuntifw\YII\framework\db\CDbCommand.php(395): CDbCommand->queryInternal('fetchAll', Array, Array)
#1 C:\xampp\htdocs\etuntifw\YII\framework\db\ar\CActiveFinder.php(761): CDbCommand->queryAll()
#2 C:\xampp\htdocs\etuntifw\YII\framework\db\ar\CActiveFinder.php(422): CJoinElement->runQuery(Object(CJoinQuery))
#3 C:\xampp\htdocs\etuntifw\YII\framework\db\ar\CActiveFinder.php(68): CJoinElement->find(Object(CDbCriteria))
#4 C:\xampp\htdocs\etuntifw\YII\framework\db\ar\CActiveRecord.php(1302): CActiveFinder->query(Object(CDbCriteria), true)
#5 C:\xampp\htdocs\etuntifw\YII\framework\db\ar\CActiveRecord.php(1416): CActiveRecord->query(Object(CDbCriteria), true)
#6 C:\xampp\htdocs\etuntifw\protected\views\tyovuoroot\did.php(31): CActiveRecord->findAll()
#7 C:\xampp\htdocs\etuntifw\YII\framework\web\CBaseController.php(126): require('C:\\xampp\\htdocs...')
#8 C:\xampp\htdocs\etuntifw\YII\framework\web\CBaseController.php(95): CBaseController->renderInternal('C:\\xampp\\htdocs...', Array, true)
#9 C:\xampp\htdocs\etuntifw\YII\framework\web\CController.php(869): CBaseController->renderFile('C:\\xampp\\htdocs...', Array, true)
#10 C:\xampp\htdocs\etuntifw\protected\views\tyovuoroot\index.php(113): CController->renderPartial('//tyovuoroot/di...', Array)
#11 C:\xampp\htdocs\etuntifw\YII\framework\web\CBaseController.php(126): require('C:\\xampp\\htdocs...')
#12 C:\xampp\htdocs\etuntifw\YII\framework\web\CBaseController.php(95): CBaseController->renderInternal('C:\\xampp\\htdocs...', NULL, true)
#13 C:\xampp\htdocs\etuntifw\YII\framework\web\CController.php(869): CBaseController->renderFile('C:\\xampp\\htdocs...', NULL, true)
#14 C:\xampp\htdocs\etuntifw\YII\framework\web\CController.php(782): CController->renderPartial('index', NULL, true)
#15 C:\xampp\htdocs\etuntifw\protected\controllers\TyovuorootController.php(243): CController->render('index')
#16 C:\xampp\htdocs\etuntifw\YII\framework\web\actions\CInlineAction.php(49): TyovuorootController->actionIndex()
#17 C:\xampp\htdocs\etuntifw\YII\framework\web\CController.php(308): CInlineAction->runWithParams(Array)
#18 C:\xampp\htdocs\etuntifw\YII\framework\web\filters\CFilterChain.php(133): CController->runAction(Object(CInlineAction))
#19 C:\xampp\htdocs\etuntifw\YII\framework\web\filters\CFilter.php(40): CFilterChain->run()
#20 C:\xampp\htdocs\etuntifw\YII\framework\web\CController.php(1145): CFilter->filter(Object(CFilterChain))
#21 C:\xampp\htdocs\etuntifw\YII\framework\web\filters\CInlineFilter.php(58): CController->filterAccessControl(Object(CFilterChain))
#22 C:\xampp\htdocs\etuntifw\YII\framework\web\filters\CFilterChain.php(130): CInlineFilter->filter(Object(CFilterChain))
#23 C:\xampp\htdocs\etuntifw\YII\framework\web\CController.php(291): CFilterChain->run()
#24 C:\xampp\htdocs\etuntifw\YII\framework\web\CController.php(265): CController->runActionWithFilters(Object(CInlineAction), Array)
#25 C:\xampp\htdocs\etuntifw\YII\framework\web\CWebApplication.php(282): CController->run('index')
#26 C:\xampp\htdocs\etuntifw\YII\framework\web\CWebApplication.php(141): CWebApplication->runController('tyovuoroot/inde...')
#27 C:\xampp\htdocs\etuntifw\YII\framework\base\CApplication.php(169): CWebApplication->processRequest()
#28 C:\xampp\htdocs\etuntifw\index.php(13): CApplication->run()
#29 {main}
REQUEST_URI=/index.php/tyovuoroot/index
HTTP_REFERER=http://etuntifw.local/index.php/
---
2015/08/20 09:42:21 [error] [system.db.CDbCommand] CDbCommand::fetchAll() epäonnistui: SQLSTATE[42000]: Syntax error or access violation: 1066 Not unique table/alias: 'Kohteet'. Suoritettu SQL-komento oli: SELECT `t`.`id` AS `t0_c0`, `t`.`tid` AS `t0_c1`, `t`.`time` AS `t0_c2`, `t`.`kohde` AS `t0_c3`, `t`.`pvm` AS `t0_c4`, `t`.`alku` AS `t0_c5`, `t`.`loppu` AS `t0_c6`, `t`.`pituus` AS `t0_c7`, `t`.`ruokatauko` AS `t0_c8`, `t`.`alku_r` AS `t0_c9`, `t`.`kesto` AS `t0_c10`, `t`.`tyoajanlaatu` AS `t0_c11`, `t`.`tyoajanmerkinta` AS `t0_c12`, `t`.`tietoja` AS `t0_c13`, `t`.`osoiteOnline` AS `t0_c14`, `kohteet`.`id` AS `t1_c0`, `kohteet`.`time` AS `t1_c1`, `kohteet`.`tag_id` AS `t1_c2`, `kohteet`.`gps_sijainti` AS `t1_c3`, `kohteet`.`lyhenne` AS `t1_c4`, `kohteet`.`osoite` AS `t1_c5`, `kohteet`.`katuosoite` AS `t1_c6`, `kohteet`.`kaupunki` AS `t1_c7`, `kohteet`.`toimipaikka` AS `t1_c8`, `kohteet`.`pnumero` AS `t1_c9`, `kohteet`.`email` AS `t1_c10`, `kohteet`.`aikataulu` AS `t1_c11`, `kohteet`.`hinnoittelu` AS `t1_c12`, `kohteet`.`muut` AS `t1_c13`, `kohteet`.`toimenpiteet` AS `t1_c14`, `kohteet`.`tietoja` AS `t1_c15`, `kohteet`.`tyoryhma` AS `t1_c16`, `kohteet`.`ryhma` AS `t1_c17`, `kohteet`.`aktiivinen` AS `t1_c18`, `kohteet`.`avain` AS `t1_c19`, `kohteet`.`kenella_on_avain` AS `t1_c20`, `kohteet`.`puh_nro` AS `t1_c21`, `kohteet`.`siivous` AS `t1_c22`, `kohteet`.`etu_suku_nimet` AS `t1_c23`, `kohteet`.`maksuehto_paiva` AS `t1_c24`, `kohteet`.`viivastyskorko` AS `t1_c25`, `kohteet`.`lasku_tiedot` AS `t1_c26` FROM `sivex_tvuoro` `t`  LEFT OUTER JOIN `sivex_kohdet` `kohteet` ON (`t`.`kohde`=`kohteet`.`id`) LEFT JOIN Kohteet ON kohteet.id = t.kohde WHERE ( t.tid = '2' and t.pvm = '01.08.2015' ).
in C:\xampp\htdocs\etuntifw\protected\views\tyovuoroot\did.php (31)
in C:\xampp\htdocs\etuntifw\protected\views\tyovuoroot\index.php (113)
in C:\xampp\htdocs\etuntifw\protected\controllers\TyovuorootController.php (243)
2015/08/20 09:42:21 [error] [exception.CDbException] exception 'CDbException' with message 'CDbCommand ei voinut suorittaa SQL-komentoa: SQLSTATE[42000]: Syntax error or access violation: 1066 Not unique table/alias: 'Kohteet'. The SQL statement executed was: SELECT `t`.`id` AS `t0_c0`, `t`.`tid` AS `t0_c1`, `t`.`time` AS `t0_c2`, `t`.`kohde` AS `t0_c3`, `t`.`pvm` AS `t0_c4`, `t`.`alku` AS `t0_c5`, `t`.`loppu` AS `t0_c6`, `t`.`pituus` AS `t0_c7`, `t`.`ruokatauko` AS `t0_c8`, `t`.`alku_r` AS `t0_c9`, `t`.`kesto` AS `t0_c10`, `t`.`tyoajanlaatu` AS `t0_c11`, `t`.`tyoajanmerkinta` AS `t0_c12`, `t`.`tietoja` AS `t0_c13`, `t`.`osoiteOnline` AS `t0_c14`, `kohteet`.`id` AS `t1_c0`, `kohteet`.`time` AS `t1_c1`, `kohteet`.`tag_id` AS `t1_c2`, `kohteet`.`gps_sijainti` AS `t1_c3`, `kohteet`.`lyhenne` AS `t1_c4`, `kohteet`.`osoite` AS `t1_c5`, `kohteet`.`katuosoite` AS `t1_c6`, `kohteet`.`kaupunki` AS `t1_c7`, `kohteet`.`toimipaikka` AS `t1_c8`, `kohteet`.`pnumero` AS `t1_c9`, `kohteet`.`email` AS `t1_c10`, `kohteet`.`aikataulu` AS `t1_c11`, `kohteet`.`hinnoittelu` AS `t1_c12`, `kohteet`.`muut` AS `t1_c13`, `kohteet`.`toimenpiteet` AS `t1_c14`, `kohteet`.`tietoja` AS `t1_c15`, `kohteet`.`tyoryhma` AS `t1_c16`, `kohteet`.`ryhma` AS `t1_c17`, `kohteet`.`aktiivinen` AS `t1_c18`, `kohteet`.`avain` AS `t1_c19`, `kohteet`.`kenella_on_avain` AS `t1_c20`, `kohteet`.`puh_nro` AS `t1_c21`, `kohteet`.`siivous` AS `t1_c22`, `kohteet`.`etu_suku_nimet` AS `t1_c23`, `kohteet`.`maksuehto_paiva` AS `t1_c24`, `kohteet`.`viivastyskorko` AS `t1_c25`, `kohteet`.`lasku_tiedot` AS `t1_c26` FROM `sivex_tvuoro` `t`  LEFT OUTER JOIN `sivex_kohdet` `kohteet` ON (`t`.`kohde`=`kohteet`.`id`) LEFT JOIN Kohteet ON kohteet.id = t.kohde WHERE ( t.tid = '2' and t.pvm = '01.08.2015' )' in C:\xampp\htdocs\etuntifw\YII\framework\db\CDbCommand.php:541
Stack trace:
#0 C:\xampp\htdocs\etuntifw\YII\framework\db\CDbCommand.php(395): CDbCommand->queryInternal('fetchAll', Array, Array)
#1 C:\xampp\htdocs\etuntifw\YII\framework\db\ar\CActiveFinder.php(761): CDbCommand->queryAll()
#2 C:\xampp\htdocs\etuntifw\YII\framework\db\ar\CActiveFinder.php(422): CJoinElement->runQuery(Object(CJoinQuery))
#3 C:\xampp\htdocs\etuntifw\YII\framework\db\ar\CActiveFinder.php(68): CJoinElement->find(Object(CDbCriteria))
#4 C:\xampp\htdocs\etuntifw\YII\framework\db\ar\CActiveRecord.php(1302): CActiveFinder->query(Object(CDbCriteria), true)
#5 C:\xampp\htdocs\etuntifw\YII\framework\db\ar\CActiveRecord.php(1416): CActiveRecord->query(Object(CDbCriteria), true)
#6 C:\xampp\htdocs\etuntifw\protected\views\tyovuoroot\did.php(31): CActiveRecord->findAll()
#7 C:\xampp\htdocs\etuntifw\YII\framework\web\CBaseController.php(126): require('C:\\xampp\\htdocs...')
#8 C:\xampp\htdocs\etuntifw\YII\framework\web\CBaseController.php(95): CBaseController->renderInternal('C:\\xampp\\htdocs...', Array, true)
#9 C:\xampp\htdocs\etuntifw\YII\framework\web\CController.php(869): CBaseController->renderFile('C:\\xampp\\htdocs...', Array, true)
#10 C:\xampp\htdocs\etuntifw\protected\views\tyovuoroot\index.php(113): CController->renderPartial('//tyovuoroot/di...', Array)
#11 C:\xampp\htdocs\etuntifw\YII\framework\web\CBaseController.php(126): require('C:\\xampp\\htdocs...')
#12 C:\xampp\htdocs\etuntifw\YII\framework\web\CBaseController.php(95): CBaseController->renderInternal('C:\\xampp\\htdocs...', NULL, true)
#13 C:\xampp\htdocs\etuntifw\YII\framework\web\CController.php(869): CBaseController->renderFile('C:\\xampp\\htdocs...', NULL, true)
#14 C:\xampp\htdocs\etuntifw\YII\framework\web\CController.php(782): CController->renderPartial('index', NULL, true)
#15 C:\xampp\htdocs\etuntifw\protected\controllers\TyovuorootController.php(243): CController->render('index')
#16 C:\xampp\htdocs\etuntifw\YII\framework\web\actions\CInlineAction.php(49): TyovuorootController->actionIndex()
#17 C:\xampp\htdocs\etuntifw\YII\framework\web\CController.php(308): CInlineAction->runWithParams(Array)
#18 C:\xampp\htdocs\etuntifw\YII\framework\web\filters\CFilterChain.php(133): CController->runAction(Object(CInlineAction))
#19 C:\xampp\htdocs\etuntifw\YII\framework\web\filters\CFilter.php(40): CFilterChain->run()
#20 C:\xampp\htdocs\etuntifw\YII\framework\web\CController.php(1145): CFilter->filter(Object(CFilterChain))
#21 C:\xampp\htdocs\etuntifw\YII\framework\web\filters\CInlineFilter.php(58): CController->filterAccessControl(Object(CFilterChain))
#22 C:\xampp\htdocs\etuntifw\YII\framework\web\filters\CFilterChain.php(130): CInlineFilter->filter(Object(CFilterChain))
#23 C:\xampp\htdocs\etuntifw\YII\framework\web\CController.php(291): CFilterChain->run()
#24 C:\xampp\htdocs\etuntifw\YII\framework\web\CController.php(265): CController->runActionWithFilters(Object(CInlineAction), Array)
#25 C:\xampp\htdocs\etuntifw\YII\framework\web\CWebApplication.php(282): CController->run('index')
#26 C:\xampp\htdocs\etuntifw\YII\framework\web\CWebApplication.php(141): CWebApplication->runController('tyovuoroot/inde...')
#27 C:\xampp\htdocs\etuntifw\YII\framework\base\CApplication.php(169): CWebApplication->processRequest()
#28 C:\xampp\htdocs\etuntifw\index.php(13): CApplication->run()
#29 {main}
REQUEST_URI=/index.php/tyovuoroot/index
HTTP_REFERER=http://etuntifw.local/index.php/
---
2015/08/20 09:42:41 [error] [system.db.CDbCommand] CDbCommand::fetchAll() epäonnistui: SQLSTATE[42000]: Syntax error or access violation: 1066 Not unique table/alias: 'Kohteet'. Suoritettu SQL-komento oli: SELECT `t`.`id` AS `t0_c0`, `t`.`tid` AS `t0_c1`, `t`.`time` AS `t0_c2`, `t`.`kohde` AS `t0_c3`, `t`.`pvm` AS `t0_c4`, `t`.`alku` AS `t0_c5`, `t`.`loppu` AS `t0_c6`, `t`.`pituus` AS `t0_c7`, `t`.`ruokatauko` AS `t0_c8`, `t`.`alku_r` AS `t0_c9`, `t`.`kesto` AS `t0_c10`, `t`.`tyoajanlaatu` AS `t0_c11`, `t`.`tyoajanmerkinta` AS `t0_c12`, `t`.`tietoja` AS `t0_c13`, `t`.`osoiteOnline` AS `t0_c14`, `kohteet`.`id` AS `t1_c0`, `kohteet`.`time` AS `t1_c1`, `kohteet`.`tag_id` AS `t1_c2`, `kohteet`.`gps_sijainti` AS `t1_c3`, `kohteet`.`lyhenne` AS `t1_c4`, `kohteet`.`osoite` AS `t1_c5`, `kohteet`.`katuosoite` AS `t1_c6`, `kohteet`.`kaupunki` AS `t1_c7`, `kohteet`.`toimipaikka` AS `t1_c8`, `kohteet`.`pnumero` AS `t1_c9`, `kohteet`.`email` AS `t1_c10`, `kohteet`.`aikataulu` AS `t1_c11`, `kohteet`.`hinnoittelu` AS `t1_c12`, `kohteet`.`muut` AS `t1_c13`, `kohteet`.`toimenpiteet` AS `t1_c14`, `kohteet`.`tietoja` AS `t1_c15`, `kohteet`.`tyoryhma` AS `t1_c16`, `kohteet`.`ryhma` AS `t1_c17`, `kohteet`.`aktiivinen` AS `t1_c18`, `kohteet`.`avain` AS `t1_c19`, `kohteet`.`kenella_on_avain` AS `t1_c20`, `kohteet`.`puh_nro` AS `t1_c21`, `kohteet`.`siivous` AS `t1_c22`, `kohteet`.`etu_suku_nimet` AS `t1_c23`, `kohteet`.`maksuehto_paiva` AS `t1_c24`, `kohteet`.`viivastyskorko` AS `t1_c25`, `kohteet`.`lasku_tiedot` AS `t1_c26` FROM `sivex_tvuoro` `t`  LEFT OUTER JOIN `sivex_kohdet` `kohteet` ON (`t`.`kohde`=`kohteet`.`id`) LEFT JOIN Kohteet ON sivex_kohdet.id = t.kohde WHERE ( t.tid = '2' and t.pvm = '01.08.2015' ).
in C:\xampp\htdocs\etuntifw\protected\views\tyovuoroot\did.php (31)
in C:\xampp\htdocs\etuntifw\protected\views\tyovuoroot\index.php (113)
in C:\xampp\htdocs\etuntifw\protected\controllers\TyovuorootController.php (243)
2015/08/20 09:42:41 [error] [exception.CDbException] exception 'CDbException' with message 'CDbCommand ei voinut suorittaa SQL-komentoa: SQLSTATE[42000]: Syntax error or access violation: 1066 Not unique table/alias: 'Kohteet'. The SQL statement executed was: SELECT `t`.`id` AS `t0_c0`, `t`.`tid` AS `t0_c1`, `t`.`time` AS `t0_c2`, `t`.`kohde` AS `t0_c3`, `t`.`pvm` AS `t0_c4`, `t`.`alku` AS `t0_c5`, `t`.`loppu` AS `t0_c6`, `t`.`pituus` AS `t0_c7`, `t`.`ruokatauko` AS `t0_c8`, `t`.`alku_r` AS `t0_c9`, `t`.`kesto` AS `t0_c10`, `t`.`tyoajanlaatu` AS `t0_c11`, `t`.`tyoajanmerkinta` AS `t0_c12`, `t`.`tietoja` AS `t0_c13`, `t`.`osoiteOnline` AS `t0_c14`, `kohteet`.`id` AS `t1_c0`, `kohteet`.`time` AS `t1_c1`, `kohteet`.`tag_id` AS `t1_c2`, `kohteet`.`gps_sijainti` AS `t1_c3`, `kohteet`.`lyhenne` AS `t1_c4`, `kohteet`.`osoite` AS `t1_c5`, `kohteet`.`katuosoite` AS `t1_c6`, `kohteet`.`kaupunki` AS `t1_c7`, `kohteet`.`toimipaikka` AS `t1_c8`, `kohteet`.`pnumero` AS `t1_c9`, `kohteet`.`email` AS `t1_c10`, `kohteet`.`aikataulu` AS `t1_c11`, `kohteet`.`hinnoittelu` AS `t1_c12`, `kohteet`.`muut` AS `t1_c13`, `kohteet`.`toimenpiteet` AS `t1_c14`, `kohteet`.`tietoja` AS `t1_c15`, `kohteet`.`tyoryhma` AS `t1_c16`, `kohteet`.`ryhma` AS `t1_c17`, `kohteet`.`aktiivinen` AS `t1_c18`, `kohteet`.`avain` AS `t1_c19`, `kohteet`.`kenella_on_avain` AS `t1_c20`, `kohteet`.`puh_nro` AS `t1_c21`, `kohteet`.`siivous` AS `t1_c22`, `kohteet`.`etu_suku_nimet` AS `t1_c23`, `kohteet`.`maksuehto_paiva` AS `t1_c24`, `kohteet`.`viivastyskorko` AS `t1_c25`, `kohteet`.`lasku_tiedot` AS `t1_c26` FROM `sivex_tvuoro` `t`  LEFT OUTER JOIN `sivex_kohdet` `kohteet` ON (`t`.`kohde`=`kohteet`.`id`) LEFT JOIN Kohteet ON sivex_kohdet.id = t.kohde WHERE ( t.tid = '2' and t.pvm = '01.08.2015' )' in C:\xampp\htdocs\etuntifw\YII\framework\db\CDbCommand.php:541
Stack trace:
#0 C:\xampp\htdocs\etuntifw\YII\framework\db\CDbCommand.php(395): CDbCommand->queryInternal('fetchAll', Array, Array)
#1 C:\xampp\htdocs\etuntifw\YII\framework\db\ar\CActiveFinder.php(761): CDbCommand->queryAll()
#2 C:\xampp\htdocs\etuntifw\YII\framework\db\ar\CActiveFinder.php(422): CJoinElement->runQuery(Object(CJoinQuery))
#3 C:\xampp\htdocs\etuntifw\YII\framework\db\ar\CActiveFinder.php(68): CJoinElement->find(Object(CDbCriteria))
#4 C:\xampp\htdocs\etuntifw\YII\framework\db\ar\CActiveRecord.php(1302): CActiveFinder->query(Object(CDbCriteria), true)
#5 C:\xampp\htdocs\etuntifw\YII\framework\db\ar\CActiveRecord.php(1416): CActiveRecord->query(Object(CDbCriteria), true)
#6 C:\xampp\htdocs\etuntifw\protected\views\tyovuoroot\did.php(31): CActiveRecord->findAll()
#7 C:\xampp\htdocs\etuntifw\YII\framework\web\CBaseController.php(126): require('C:\\xampp\\htdocs...')
#8 C:\xampp\htdocs\etuntifw\YII\framework\web\CBaseController.php(95): CBaseController->renderInternal('C:\\xampp\\htdocs...', Array, true)
#9 C:\xampp\htdocs\etuntifw\YII\framework\web\CController.php(869): CBaseController->renderFile('C:\\xampp\\htdocs...', Array, true)
#10 C:\xampp\htdocs\etuntifw\protected\views\tyovuoroot\index.php(113): CController->renderPartial('//tyovuoroot/di...', Array)
#11 C:\xampp\htdocs\etuntifw\YII\framework\web\CBaseController.php(126): require('C:\\xampp\\htdocs...')
#12 C:\xampp\htdocs\etuntifw\YII\framework\web\CBaseController.php(95): CBaseController->renderInternal('C:\\xampp\\htdocs...', NULL, true)
#13 C:\xampp\htdocs\etuntifw\YII\framework\web\CController.php(869): CBaseController->renderFile('C:\\xampp\\htdocs...', NULL, true)
#14 C:\xampp\htdocs\etuntifw\YII\framework\web\CController.php(782): CController->renderPartial('index', NULL, true)
#15 C:\xampp\htdocs\etuntifw\protected\controllers\TyovuorootController.php(243): CController->render('index')
#16 C:\xampp\htdocs\etuntifw\YII\framework\web\actions\CInlineAction.php(49): TyovuorootController->actionIndex()
#17 C:\xampp\htdocs\etuntifw\YII\framework\web\CController.php(308): CInlineAction->runWithParams(Array)
#18 C:\xampp\htdocs\etuntifw\YII\framework\web\filters\CFilterChain.php(133): CController->runAction(Object(CInlineAction))
#19 C:\xampp\htdocs\etuntifw\YII\framework\web\filters\CFilter.php(40): CFilterChain->run()
#20 C:\xampp\htdocs\etuntifw\YII\framework\web\CController.php(1145): CFilter->filter(Object(CFilterChain))
#21 C:\xampp\htdocs\etuntifw\YII\framework\web\filters\CInlineFilter.php(58): CController->filterAccessControl(Object(CFilterChain))
#22 C:\xampp\htdocs\etuntifw\YII\framework\web\filters\CFilterChain.php(130): CInlineFilter->filter(Object(CFilterChain))
#23 C:\xampp\htdocs\etuntifw\YII\framework\web\CController.php(291): CFilterChain->run()
#24 C:\xampp\htdocs\etuntifw\YII\framework\web\CController.php(265): CController->runActionWithFilters(Object(CInlineAction), Array)
#25 C:\xampp\htdocs\etuntifw\YII\framework\web\CWebApplication.php(282): CController->run('index')
#26 C:\xampp\htdocs\etuntifw\YII\framework\web\CWebApplication.php(141): CWebApplication->runController('tyovuoroot/inde...')
#27 C:\xampp\htdocs\etuntifw\YII\framework\base\CApplication.php(169): CWebApplication->processRequest()
#28 C:\xampp\htdocs\etuntifw\index.php(13): CApplication->run()
#29 {main}
REQUEST_URI=/index.php/tyovuoroot/index
HTTP_REFERER=http://etuntifw.local/index.php/
---
2015/08/20 09:42:42 [error] [system.db.CDbCommand] CDbCommand::fetchAll() epäonnistui: SQLSTATE[42000]: Syntax error or access violation: 1066 Not unique table/alias: 'Kohteet'. Suoritettu SQL-komento oli: SELECT `t`.`id` AS `t0_c0`, `t`.`tid` AS `t0_c1`, `t`.`time` AS `t0_c2`, `t`.`kohde` AS `t0_c3`, `t`.`pvm` AS `t0_c4`, `t`.`alku` AS `t0_c5`, `t`.`loppu` AS `t0_c6`, `t`.`pituus` AS `t0_c7`, `t`.`ruokatauko` AS `t0_c8`, `t`.`alku_r` AS `t0_c9`, `t`.`kesto` AS `t0_c10`, `t`.`tyoajanlaatu` AS `t0_c11`, `t`.`tyoajanmerkinta` AS `t0_c12`, `t`.`tietoja` AS `t0_c13`, `t`.`osoiteOnline` AS `t0_c14`, `kohteet`.`id` AS `t1_c0`, `kohteet`.`time` AS `t1_c1`, `kohteet`.`tag_id` AS `t1_c2`, `kohteet`.`gps_sijainti` AS `t1_c3`, `kohteet`.`lyhenne` AS `t1_c4`, `kohteet`.`osoite` AS `t1_c5`, `kohteet`.`katuosoite` AS `t1_c6`, `kohteet`.`kaupunki` AS `t1_c7`, `kohteet`.`toimipaikka` AS `t1_c8`, `kohteet`.`pnumero` AS `t1_c9`, `kohteet`.`email` AS `t1_c10`, `kohteet`.`aikataulu` AS `t1_c11`, `kohteet`.`hinnoittelu` AS `t1_c12`, `kohteet`.`muut` AS `t1_c13`, `kohteet`.`toimenpiteet` AS `t1_c14`, `kohteet`.`tietoja` AS `t1_c15`, `kohteet`.`tyoryhma` AS `t1_c16`, `kohteet`.`ryhma` AS `t1_c17`, `kohteet`.`aktiivinen` AS `t1_c18`, `kohteet`.`avain` AS `t1_c19`, `kohteet`.`kenella_on_avain` AS `t1_c20`, `kohteet`.`puh_nro` AS `t1_c21`, `kohteet`.`siivous` AS `t1_c22`, `kohteet`.`etu_suku_nimet` AS `t1_c23`, `kohteet`.`maksuehto_paiva` AS `t1_c24`, `kohteet`.`viivastyskorko` AS `t1_c25`, `kohteet`.`lasku_tiedot` AS `t1_c26` FROM `sivex_tvuoro` `t`  LEFT OUTER JOIN `sivex_kohdet` `kohteet` ON (`t`.`kohde`=`kohteet`.`id`) LEFT JOIN Kohteet ON sivex_kohdet.id = t.kohde WHERE ( t.tid = '2' and t.pvm = '01.08.2015' ).
in C:\xampp\htdocs\etuntifw\protected\views\tyovuoroot\did.php (31)
in C:\xampp\htdocs\etuntifw\protected\views\tyovuoroot\index.php (113)
in C:\xampp\htdocs\etuntifw\protected\controllers\TyovuorootController.php (243)
2015/08/20 09:42:42 [error] [exception.CDbException] exception 'CDbException' with message 'CDbCommand ei voinut suorittaa SQL-komentoa: SQLSTATE[42000]: Syntax error or access violation: 1066 Not unique table/alias: 'Kohteet'. The SQL statement executed was: SELECT `t`.`id` AS `t0_c0`, `t`.`tid` AS `t0_c1`, `t`.`time` AS `t0_c2`, `t`.`kohde` AS `t0_c3`, `t`.`pvm` AS `t0_c4`, `t`.`alku` AS `t0_c5`, `t`.`loppu` AS `t0_c6`, `t`.`pituus` AS `t0_c7`, `t`.`ruokatauko` AS `t0_c8`, `t`.`alku_r` AS `t0_c9`, `t`.`kesto` AS `t0_c10`, `t`.`tyoajanlaatu` AS `t0_c11`, `t`.`tyoajanmerkinta` AS `t0_c12`, `t`.`tietoja` AS `t0_c13`, `t`.`osoiteOnline` AS `t0_c14`, `kohteet`.`id` AS `t1_c0`, `kohteet`.`time` AS `t1_c1`, `kohteet`.`tag_id` AS `t1_c2`, `kohteet`.`gps_sijainti` AS `t1_c3`, `kohteet`.`lyhenne` AS `t1_c4`, `kohteet`.`osoite` AS `t1_c5`, `kohteet`.`katuosoite` AS `t1_c6`, `kohteet`.`kaupunki` AS `t1_c7`, `kohteet`.`toimipaikka` AS `t1_c8`, `kohteet`.`pnumero` AS `t1_c9`, `kohteet`.`email` AS `t1_c10`, `kohteet`.`aikataulu` AS `t1_c11`, `kohteet`.`hinnoittelu` AS `t1_c12`, `kohteet`.`muut` AS `t1_c13`, `kohteet`.`toimenpiteet` AS `t1_c14`, `kohteet`.`tietoja` AS `t1_c15`, `kohteet`.`tyoryhma` AS `t1_c16`, `kohteet`.`ryhma` AS `t1_c17`, `kohteet`.`aktiivinen` AS `t1_c18`, `kohteet`.`avain` AS `t1_c19`, `kohteet`.`kenella_on_avain` AS `t1_c20`, `kohteet`.`puh_nro` AS `t1_c21`, `kohteet`.`siivous` AS `t1_c22`, `kohteet`.`etu_suku_nimet` AS `t1_c23`, `kohteet`.`maksuehto_paiva` AS `t1_c24`, `kohteet`.`viivastyskorko` AS `t1_c25`, `kohteet`.`lasku_tiedot` AS `t1_c26` FROM `sivex_tvuoro` `t`  LEFT OUTER JOIN `sivex_kohdet` `kohteet` ON (`t`.`kohde`=`kohteet`.`id`) LEFT JOIN Kohteet ON sivex_kohdet.id = t.kohde WHERE ( t.tid = '2' and t.pvm = '01.08.2015' )' in C:\xampp\htdocs\etuntifw\YII\framework\db\CDbCommand.php:541
Stack trace:
#0 C:\xampp\htdocs\etuntifw\YII\framework\db\CDbCommand.php(395): CDbCommand->queryInternal('fetchAll', Array, Array)
#1 C:\xampp\htdocs\etuntifw\YII\framework\db\ar\CActiveFinder.php(761): CDbCommand->queryAll()
#2 C:\xampp\htdocs\etuntifw\YII\framework\db\ar\CActiveFinder.php(422): CJoinElement->runQuery(Object(CJoinQuery))
#3 C:\xampp\htdocs\etuntifw\YII\framework\db\ar\CActiveFinder.php(68): CJoinElement->find(Object(CDbCriteria))
#4 C:\xampp\htdocs\etuntifw\YII\framework\db\ar\CActiveRecord.php(1302): CActiveFinder->query(Object(CDbCriteria), true)
#5 C:\xampp\htdocs\etuntifw\YII\framework\db\ar\CActiveRecord.php(1416): CActiveRecord->query(Object(CDbCriteria), true)
#6 C:\xampp\htdocs\etuntifw\protected\views\tyovuoroot\did.php(31): CActiveRecord->findAll()
#7 C:\xampp\htdocs\etuntifw\YII\framework\web\CBaseController.php(126): require('C:\\xampp\\htdocs...')
#8 C:\xampp\htdocs\etuntifw\YII\framework\web\CBaseController.php(95): CBaseController->renderInternal('C:\\xampp\\htdocs...', Array, true)
#9 C:\xampp\htdocs\etuntifw\YII\framework\web\CController.php(869): CBaseController->renderFile('C:\\xampp\\htdocs...', Array, true)
#10 C:\xampp\htdocs\etuntifw\protected\views\tyovuoroot\index.php(113): CController->renderPartial('//tyovuoroot/di...', Array)
#11 C:\xampp\htdocs\etuntifw\YII\framework\web\CBaseController.php(126): require('C:\\xampp\\htdocs...')
#12 C:\xampp\htdocs\etuntifw\YII\framework\web\CBaseController.php(95): CBaseController->renderInternal('C:\\xampp\\htdocs...', NULL, true)
#13 C:\xampp\htdocs\etuntifw\YII\framework\web\CController.php(869): CBaseController->renderFile('C:\\xampp\\htdocs...', NULL, true)
#14 C:\xampp\htdocs\etuntifw\YII\framework\web\CController.php(782): CController->renderPartial('index', NULL, true)
#15 C:\xampp\htdocs\etuntifw\protected\controllers\TyovuorootController.php(243): CController->render('index')
#16 C:\xampp\htdocs\etuntifw\YII\framework\web\actions\CInlineAction.php(49): TyovuorootController->actionIndex()
#17 C:\xampp\htdocs\etuntifw\YII\framework\web\CController.php(308): CInlineAction->runWithParams(Array)
#18 C:\xampp\htdocs\etuntifw\YII\framework\web\filters\CFilterChain.php(133): CController->runAction(Object(CInlineAction))
#19 C:\xampp\htdocs\etuntifw\YII\framework\web\filters\CFilter.php(40): CFilterChain->run()
#20 C:\xampp\htdocs\etuntifw\YII\framework\web\CController.php(1145): CFilter->filter(Object(CFilterChain))
#21 C:\xampp\htdocs\etuntifw\YII\framework\web\filters\CInlineFilter.php(58): CController->filterAccessControl(Object(CFilterChain))
#22 C:\xampp\htdocs\etuntifw\YII\framework\web\filters\CFilterChain.php(130): CInlineFilter->filter(Object(CFilterChain))
#23 C:\xampp\htdocs\etuntifw\YII\framework\web\CController.php(291): CFilterChain->run()
#24 C:\xampp\htdocs\etuntifw\YII\framework\web\CController.php(265): CController->runActionWithFilters(Object(CInlineAction), Array)
#25 C:\xampp\htdocs\etuntifw\YII\framework\web\CWebApplication.php(282): CController->run('index')
#26 C:\xampp\htdocs\etuntifw\YII\framework\web\CWebApplication.php(141): CWebApplication->runController('tyovuoroot/inde...')
#27 C:\xampp\htdocs\etuntifw\YII\framework\base\CApplication.php(169): CWebApplication->processRequest()
#28 C:\xampp\htdocs\etuntifw\index.php(13): CApplication->run()
#29 {main}
REQUEST_URI=/index.php/tyovuoroot/index
HTTP_REFERER=http://etuntifw.local/index.php/
---
2015/08/20 09:43:47 [error] [php] Undefined variable: al (C:\xampp\htdocs\etuntifw\protected\views\tyovuoroot\did.php:63)
Stack trace:
#0 C:\xampp\htdocs\etuntifw\YII\framework\web\CController.php(869): TyovuorootController->renderFile()
#1 C:\xampp\htdocs\etuntifw\protected\views\tyovuoroot\index.php(113): TyovuorootController->renderPartial()
#2 C:\xampp\htdocs\etuntifw\YII\framework\web\CBaseController.php(126): require()
#3 C:\xampp\htdocs\etuntifw\YII\framework\web\CBaseController.php(95): TyovuorootController->renderInternal()
#4 C:\xampp\htdocs\etuntifw\YII\framework\web\CController.php(869): TyovuorootController->renderFile()
#5 C:\xampp\htdocs\etuntifw\YII\framework\web\CController.php(782): TyovuorootController->renderPartial()
#6 C:\xampp\htdocs\etuntifw\protected\controllers\TyovuorootController.php(243): TyovuorootController->render()
#7 C:\xampp\htdocs\etuntifw\YII\framework\web\actions\CInlineAction.php(49): TyovuorootController->actionIndex()
#8 C:\xampp\htdocs\etuntifw\YII\framework\web\CController.php(308): CInlineAction->runWithParams()
#9 C:\xampp\htdocs\etuntifw\YII\framework\web\filters\CFilterChain.php(133): TyovuorootController->runAction()
#10 C:\xampp\htdocs\etuntifw\YII\framework\web\filters\CFilter.php(40): CFilterChain->run()
#11 C:\xampp\htdocs\etuntifw\YII\framework\web\CController.php(1145): CAccessControlFilter->filter()
#12 C:\xampp\htdocs\etuntifw\YII\framework\web\filters\CInlineFilter.php(58): TyovuorootController->filterAccessControl()
#13 C:\xampp\htdocs\etuntifw\YII\framework\web\filters\CFilterChain.php(130): CInlineFilter->filter()
#14 C:\xampp\htdocs\etuntifw\YII\framework\web\CController.php(291): CFilterChain->run()
#15 C:\xampp\htdocs\etuntifw\YII\framework\web\CController.php(265): TyovuorootController->runActionWithFilters()
#16 C:\xampp\htdocs\etuntifw\YII\framework\web\CWebApplication.php(282): TyovuorootController->run()
#17 C:\xampp\htdocs\etuntifw\YII\framework\web\CWebApplication.php(141): CWebApplication->runController()
#18 C:\xampp\htdocs\etuntifw\YII\framework\base\CApplication.php(169): CWebApplication->processRequest()
#19 C:\xampp\htdocs\etuntifw\index.php(13): CWebApplication->run()
REQUEST_URI=/index.php/tyovuoroot/index
in C:\xampp\htdocs\etuntifw\protected\views\tyovuoroot\did.php (63)
in C:\xampp\htdocs\etuntifw\protected\views\tyovuoroot\index.php (113)
in C:\xampp\htdocs\etuntifw\protected\controllers\TyovuorootController.php (243)
2015/08/20 09:45:18 [error] [exception.CException] exception 'CException' with message 'Ominaisuutta "CDbCriteria.0" ei ole määritelty.' in C:\xampp\htdocs\etuntifw\YII\framework\base\CComponent.php:173
Stack trace:
#0 C:\xampp\htdocs\etuntifw\YII\framework\db\schema\CDbCriteria.php(160): CComponent->__set('0', 'select')
#1 C:\xampp\htdocs\etuntifw\YII\framework\db\schema\CDbCommandBuilder.php(483): CDbCriteria->__construct(Array)
#2 C:\xampp\htdocs\etuntifw\YII\framework\db\schema\CDbCommandBuilder.php(512): CDbCommandBuilder->createCriteria(Array, Array)
#3 C:\xampp\htdocs\etuntifw\YII\framework\db\ar\CActiveRecord.php(1431): CDbCommandBuilder->createPkCriteria(Object(CMysqlTableSchema), '23375', Array, Array, '`t`.')
#4 C:\xampp\htdocs\etuntifw\protected\views\tyovuoroot\did.php(22): CActiveRecord->findByPk('23375', Array)
#5 C:\xampp\htdocs\etuntifw\YII\framework\web\CBaseController.php(126): require('C:\\xampp\\htdocs...')
#6 C:\xampp\htdocs\etuntifw\YII\framework\web\CBaseController.php(95): CBaseController->renderInternal('C:\\xampp\\htdocs...', Array, true)
#7 C:\xampp\htdocs\etuntifw\YII\framework\web\CController.php(869): CBaseController->renderFile('C:\\xampp\\htdocs...', Array, true)
#8 C:\xampp\htdocs\etuntifw\protected\views\tyovuoroot\index.php(113): CController->renderPartial('//tyovuoroot/di...', Array)
#9 C:\xampp\htdocs\etuntifw\YII\framework\web\CBaseController.php(126): require('C:\\xampp\\htdocs...')
#10 C:\xampp\htdocs\etuntifw\YII\framework\web\CBaseController.php(95): CBaseController->renderInternal('C:\\xampp\\htdocs...', NULL, true)
#11 C:\xampp\htdocs\etuntifw\YII\framework\web\CController.php(869): CBaseController->renderFile('C:\\xampp\\htdocs...', NULL, true)
#12 C:\xampp\htdocs\etuntifw\YII\framework\web\CController.php(782): CController->renderPartial('index', NULL, true)
#13 C:\xampp\htdocs\etuntifw\protected\controllers\TyovuorootController.php(243): CController->render('index')
#14 C:\xampp\htdocs\etuntifw\YII\framework\web\actions\CInlineAction.php(49): TyovuorootController->actionIndex()
#15 C:\xampp\htdocs\etuntifw\YII\framework\web\CController.php(308): CInlineAction->runWithParams(Array)
#16 C:\xampp\htdocs\etuntifw\YII\framework\web\filters\CFilterChain.php(133): CController->runAction(Object(CInlineAction))
#17 C:\xampp\htdocs\etuntifw\YII\framework\web\filters\CFilter.php(40): CFilterChain->run()
#18 C:\xampp\htdocs\etuntifw\YII\framework\web\CController.php(1145): CFilter->filter(Object(CFilterChain))
#19 C:\xampp\htdocs\etuntifw\YII\framework\web\filters\CInlineFilter.php(58): CController->filterAccessControl(Object(CFilterChain))
#20 C:\xampp\htdocs\etuntifw\YII\framework\web\filters\CFilterChain.php(130): CInlineFilter->filter(Object(CFilterChain))
#21 C:\xampp\htdocs\etuntifw\YII\framework\web\CController.php(291): CFilterChain->run()
#22 C:\xampp\htdocs\etuntifw\YII\framework\web\CController.php(265): CController->runActionWithFilters(Object(CInlineAction), Array)
#23 C:\xampp\htdocs\etuntifw\YII\framework\web\CWebApplication.php(282): CController->run('index')
#24 C:\xampp\htdocs\etuntifw\YII\framework\web\CWebApplication.php(141): CWebApplication->runController('tyovuoroot/inde...')
#25 C:\xampp\htdocs\etuntifw\YII\framework\base\CApplication.php(169): CWebApplication->processRequest()
#26 C:\xampp\htdocs\etuntifw\index.php(13): CApplication->run()
#27 {main}
REQUEST_URI=/index.php/tyovuoroot/index
HTTP_REFERER=http://etuntifw.local/index.php/
---
2015/08/20 10:04:06 [error] [php] Trying to get property of non-object (C:\xampp\htdocs\etuntifw\protected\controllers\TyovuorootController.php:79)
Stack trace:
#0 C:\xampp\htdocs\etuntifw\YII\framework\web\filters\CFilterChain.php(133): TyovuorootController->runAction()
#1 C:\xampp\htdocs\etuntifw\YII\framework\web\filters\CFilter.php(40): CFilterChain->run()
#2 C:\xampp\htdocs\etuntifw\YII\framework\web\CController.php(1145): CAccessControlFilter->filter()
#3 C:\xampp\htdocs\etuntifw\YII\framework\web\filters\CInlineFilter.php(58): TyovuorootController->filterAccessControl()
#4 C:\xampp\htdocs\etuntifw\YII\framework\web\filters\CFilterChain.php(130): CInlineFilter->filter()
#5 C:\xampp\htdocs\etuntifw\YII\framework\web\CController.php(291): CFilterChain->run()
#6 C:\xampp\htdocs\etuntifw\YII\framework\web\CController.php(265): TyovuorootController->runActionWithFilters()
#7 C:\xampp\htdocs\etuntifw\YII\framework\web\CWebApplication.php(282): TyovuorootController->run()
#8 C:\xampp\htdocs\etuntifw\YII\framework\web\CWebApplication.php(141): CWebApplication->runController()
#9 C:\xampp\htdocs\etuntifw\YII\framework\base\CApplication.php(169): CWebApplication->processRequest()
#10 C:\xampp\htdocs\etuntifw\index.php(13): CWebApplication->run()
REQUEST_URI=/index.php/tyovuoroot/operatio
in C:\xampp\htdocs\etuntifw\protected\controllers\TyovuorootController.php (79)
in C:\xampp\htdocs\etuntifw\index.php (13)
2015/08/20 10:04:08 [error] [php] Trying to get property of non-object (C:\xampp\htdocs\etuntifw\protected\controllers\TyovuorootController.php:93)
Stack trace:
#0 C:\xampp\htdocs\etuntifw\YII\framework\web\filters\CFilterChain.php(133): TyovuorootController->runAction()
#1 C:\xampp\htdocs\etuntifw\YII\framework\web\filters\CFilter.php(40): CFilterChain->run()
#2 C:\xampp\htdocs\etuntifw\YII\framework\web\CController.php(1145): CAccessControlFilter->filter()
#3 C:\xampp\htdocs\etuntifw\YII\framework\web\filters\CInlineFilter.php(58): TyovuorootController->filterAccessControl()
#4 C:\xampp\htdocs\etuntifw\YII\framework\web\filters\CFilterChain.php(130): CInlineFilter->filter()
#5 C:\xampp\htdocs\etuntifw\YII\framework\web\CController.php(291): CFilterChain->run()
#6 C:\xampp\htdocs\etuntifw\YII\framework\web\CController.php(265): TyovuorootController->runActionWithFilters()
#7 C:\xampp\htdocs\etuntifw\YII\framework\web\CWebApplication.php(282): TyovuorootController->run()
#8 C:\xampp\htdocs\etuntifw\YII\framework\web\CWebApplication.php(141): CWebApplication->runController()
#9 C:\xampp\htdocs\etuntifw\YII\framework\base\CApplication.php(169): CWebApplication->processRequest()
#10 C:\xampp\htdocs\etuntifw\index.php(13): CWebApplication->run()
REQUEST_URI=/index.php/tyovuoroot/operatio
in C:\xampp\htdocs\etuntifw\protected\controllers\TyovuorootController.php (93)
in C:\xampp\htdocs\etuntifw\index.php (13)
2015/08/20 10:04:11 [error] [php] Trying to get property of non-object (C:\xampp\htdocs\etuntifw\protected\controllers\TyovuorootController.php:79)
Stack trace:
#0 C:\xampp\htdocs\etuntifw\YII\framework\web\filters\CFilterChain.php(133): TyovuorootController->runAction()
#1 C:\xampp\htdocs\etuntifw\YII\framework\web\filters\CFilter.php(40): CFilterChain->run()
#2 C:\xampp\htdocs\etuntifw\YII\framework\web\CController.php(1145): CAccessControlFilter->filter()
#3 C:\xampp\htdocs\etuntifw\YII\framework\web\filters\CInlineFilter.php(58): TyovuorootController->filterAccessControl()
#4 C:\xampp\htdocs\etuntifw\YII\framework\web\filters\CFilterChain.php(130): CInlineFilter->filter()
#5 C:\xampp\htdocs\etuntifw\YII\framework\web\CController.php(291): CFilterChain->run()
#6 C:\xampp\htdocs\etuntifw\YII\framework\web\CController.php(265): TyovuorootController->runActionWithFilters()
#7 C:\xampp\htdocs\etuntifw\YII\framework\web\CWebApplication.php(282): TyovuorootController->run()
#8 C:\xampp\htdocs\etuntifw\YII\framework\web\CWebApplication.php(141): CWebApplication->runController()
#9 C:\xampp\htdocs\etuntifw\YII\framework\base\CApplication.php(169): CWebApplication->processRequest()
#10 C:\xampp\htdocs\etuntifw\index.php(13): CWebApplication->run()
REQUEST_URI=/index.php/tyovuoroot/operatio
in C:\xampp\htdocs\etuntifw\protected\controllers\TyovuorootController.php (79)
in C:\xampp\htdocs\etuntifw\index.php (13)
2015/08/20 10:04:38 [error] [php] Trying to get property of non-object (C:\xampp\htdocs\etuntifw\protected\controllers\TyovuorootController.php:79)
Stack trace:
#0 C:\xampp\htdocs\etuntifw\YII\framework\web\filters\CFilterChain.php(133): TyovuorootController->runAction()
#1 C:\xampp\htdocs\etuntifw\YII\framework\web\filters\CFilter.php(40): CFilterChain->run()
#2 C:\xampp\htdocs\etuntifw\YII\framework\web\CController.php(1145): CAccessControlFilter->filter()
#3 C:\xampp\htdocs\etuntifw\YII\framework\web\filters\CInlineFilter.php(58): TyovuorootController->filterAccessControl()
#4 C:\xampp\htdocs\etuntifw\YII\framework\web\filters\CFilterChain.php(130): CInlineFilter->filter()
#5 C:\xampp\htdocs\etuntifw\YII\framework\web\CController.php(291): CFilterChain->run()
#6 C:\xampp\htdocs\etuntifw\YII\framework\web\CController.php(265): TyovuorootController->runActionWithFilters()
#7 C:\xampp\htdocs\etuntifw\YII\framework\web\CWebApplication.php(282): TyovuorootController->run()
#8 C:\xampp\htdocs\etuntifw\YII\framework\web\CWebApplication.php(141): CWebApplication->runController()
#9 C:\xampp\htdocs\etuntifw\YII\framework\base\CApplication.php(169): CWebApplication->processRequest()
#10 C:\xampp\htdocs\etuntifw\index.php(13): CWebApplication->run()
REQUEST_URI=/index.php/tyovuoroot/operatio
in C:\xampp\htdocs\etuntifw\protected\controllers\TyovuorootController.php (79)
in C:\xampp\htdocs\etuntifw\index.php (13)
2015/08/20 10:04:40 [error] [php] Trying to get property of non-object (C:\xampp\htdocs\etuntifw\protected\controllers\TyovuorootController.php:79)
Stack trace:
#0 C:\xampp\htdocs\etuntifw\YII\framework\web\filters\CFilterChain.php(133): TyovuorootController->runAction()
#1 C:\xampp\htdocs\etuntifw\YII\framework\web\filters\CFilter.php(40): CFilterChain->run()
#2 C:\xampp\htdocs\etuntifw\YII\framework\web\CController.php(1145): CAccessControlFilter->filter()
#3 C:\xampp\htdocs\etuntifw\YII\framework\web\filters\CInlineFilter.php(58): TyovuorootController->filterAccessControl()
#4 C:\xampp\htdocs\etuntifw\YII\framework\web\filters\CFilterChain.php(130): CInlineFilter->filter()
#5 C:\xampp\htdocs\etuntifw\YII\framework\web\CController.php(291): CFilterChain->run()
#6 C:\xampp\htdocs\etuntifw\YII\framework\web\CController.php(265): TyovuorootController->runActionWithFilters()
#7 C:\xampp\htdocs\etuntifw\YII\framework\web\CWebApplication.php(282): TyovuorootController->run()
#8 C:\xampp\htdocs\etuntifw\YII\framework\web\CWebApplication.php(141): CWebApplication->runController()
#9 C:\xampp\htdocs\etuntifw\YII\framework\base\CApplication.php(169): CWebApplication->processRequest()
#10 C:\xampp\htdocs\etuntifw\index.php(13): CWebApplication->run()
REQUEST_URI=/index.php/tyovuoroot/operatio
in C:\xampp\htdocs\etuntifw\protected\controllers\TyovuorootController.php (79)
in C:\xampp\htdocs\etuntifw\index.php (13)
2015/08/20 10:06:15 [warning] [application] Ei voitu asettaa "Tyovuoroot"-luokan turvatonta attribuuttia "id".
in C:\xampp\htdocs\etuntifw\protected\controllers\TyovuorootController.php (211)
in C:\xampp\htdocs\etuntifw\index.php (13)
2015/08/20 10:06:15 [warning] [application] Ei voitu asettaa "Tyovuoroot"-luokan turvatonta attribuuttia "time".
in C:\xampp\htdocs\etuntifw\protected\controllers\TyovuorootController.php (211)
in C:\xampp\htdocs\etuntifw\index.php (13)
2015/08/20 10:07:07 [error] [php] Trying to get property of non-object (C:\xampp\htdocs\etuntifw\protected\controllers\TyovuorootController.php:93)
Stack trace:
#0 C:\xampp\htdocs\etuntifw\YII\framework\web\filters\CFilterChain.php(133): TyovuorootController->runAction()
#1 C:\xampp\htdocs\etuntifw\YII\framework\web\filters\CFilter.php(40): CFilterChain->run()
#2 C:\xampp\htdocs\etuntifw\YII\framework\web\CController.php(1145): CAccessControlFilter->filter()
#3 C:\xampp\htdocs\etuntifw\YII\framework\web\filters\CInlineFilter.php(58): TyovuorootController->filterAccessControl()
#4 C:\xampp\htdocs\etuntifw\YII\framework\web\filters\CFilterChain.php(130): CInlineFilter->filter()
#5 C:\xampp\htdocs\etuntifw\YII\framework\web\CController.php(291): CFilterChain->run()
#6 C:\xampp\htdocs\etuntifw\YII\framework\web\CController.php(265): TyovuorootController->runActionWithFilters()
#7 C:\xampp\htdocs\etuntifw\YII\framework\web\CWebApplication.php(282): TyovuorootController->run()
#8 C:\xampp\htdocs\etuntifw\YII\framework\web\CWebApplication.php(141): CWebApplication->runController()
#9 C:\xampp\htdocs\etuntifw\YII\framework\base\CApplication.php(169): CWebApplication->processRequest()
#10 C:\xampp\htdocs\etuntifw\index.php(13): CWebApplication->run()
REQUEST_URI=/index.php/tyovuoroot/operatio
in C:\xampp\htdocs\etuntifw\protected\controllers\TyovuorootController.php (93)
in C:\xampp\htdocs\etuntifw\index.php (13)
2015/08/20 10:10:48 [error] [php] Trying to get property of non-object (C:\xampp\htdocs\etuntifw\protected\controllers\TyovuorootController.php:93)
Stack trace:
#0 C:\xampp\htdocs\etuntifw\YII\framework\web\filters\CFilterChain.php(133): TyovuorootController->runAction()
#1 C:\xampp\htdocs\etuntifw\YII\framework\web\filters\CFilter.php(40): CFilterChain->run()
#2 C:\xampp\htdocs\etuntifw\YII\framework\web\CController.php(1145): CAccessControlFilter->filter()
#3 C:\xampp\htdocs\etuntifw\YII\framework\web\filters\CInlineFilter.php(58): TyovuorootController->filterAccessControl()
#4 C:\xampp\htdocs\etuntifw\YII\framework\web\filters\CFilterChain.php(130): CInlineFilter->filter()
#5 C:\xampp\htdocs\etuntifw\YII\framework\web\CController.php(291): CFilterChain->run()
#6 C:\xampp\htdocs\etuntifw\YII\framework\web\CController.php(265): TyovuorootController->runActionWithFilters()
#7 C:\xampp\htdocs\etuntifw\YII\framework\web\CWebApplication.php(282): TyovuorootController->run()
#8 C:\xampp\htdocs\etuntifw\YII\framework\web\CWebApplication.php(141): CWebApplication->runController()
#9 C:\xampp\htdocs\etuntifw\YII\framework\base\CApplication.php(169): CWebApplication->processRequest()
#10 C:\xampp\htdocs\etuntifw\index.php(13): CWebApplication->run()
REQUEST_URI=/index.php/tyovuoroot/operatio
in C:\xampp\htdocs\etuntifw\protected\controllers\TyovuorootController.php (93)
in C:\xampp\htdocs\etuntifw\index.php (13)
2015/08/20 10:11:14 [error] [php] Trying to get property of non-object (C:\xampp\htdocs\etuntifw\protected\controllers\TyovuorootController.php:93)
Stack trace:
#0 C:\xampp\htdocs\etuntifw\YII\framework\web\filters\CFilterChain.php(133): TyovuorootController->runAction()
#1 C:\xampp\htdocs\etuntifw\YII\framework\web\filters\CFilter.php(40): CFilterChain->run()
#2 C:\xampp\htdocs\etuntifw\YII\framework\web\CController.php(1145): CAccessControlFilter->filter()
#3 C:\xampp\htdocs\etuntifw\YII\framework\web\filters\CInlineFilter.php(58): TyovuorootController->filterAccessControl()
#4 C:\xampp\htdocs\etuntifw\YII\framework\web\filters\CFilterChain.php(130): CInlineFilter->filter()
#5 C:\xampp\htdocs\etuntifw\YII\framework\web\CController.php(291): CFilterChain->run()
#6 C:\xampp\htdocs\etuntifw\YII\framework\web\CController.php(265): TyovuorootController->runActionWithFilters()
#7 C:\xampp\htdocs\etuntifw\YII\framework\web\CWebApplication.php(282): TyovuorootController->run()
#8 C:\xampp\htdocs\etuntifw\YII\framework\web\CWebApplication.php(141): CWebApplication->runController()
#9 C:\xampp\htdocs\etuntifw\YII\framework\base\CApplication.php(169): CWebApplication->processRequest()
#10 C:\xampp\htdocs\etuntifw\index.php(13): CWebApplication->run()
REQUEST_URI=/index.php/tyovuoroot/operatio
in C:\xampp\htdocs\etuntifw\protected\controllers\TyovuorootController.php (93)
in C:\xampp\htdocs\etuntifw\index.php (13)
2015/08/20 10:18:28 [error] [php] Creating default object from empty value (C:\xampp\htdocs\etuntifw\protected\controllers\TyovuorootController.php:90)
Stack trace:
#0 C:\xampp\htdocs\etuntifw\YII\framework\web\filters\CFilterChain.php(133): TyovuorootController->runAction()
#1 C:\xampp\htdocs\etuntifw\YII\framework\web\filters\CFilter.php(40): CFilterChain->run()
#2 C:\xampp\htdocs\etuntifw\YII\framework\web\CController.php(1145): CAccessControlFilter->filter()
#3 C:\xampp\htdocs\etuntifw\YII\framework\web\filters\CInlineFilter.php(58): TyovuorootController->filterAccessControl()
#4 C:\xampp\htdocs\etuntifw\YII\framework\web\filters\CFilterChain.php(130): CInlineFilter->filter()
#5 C:\xampp\htdocs\etuntifw\YII\framework\web\CController.php(291): CFilterChain->run()
#6 C:\xampp\htdocs\etuntifw\YII\framework\web\CController.php(265): TyovuorootController->runActionWithFilters()
#7 C:\xampp\htdocs\etuntifw\YII\framework\web\CWebApplication.php(282): TyovuorootController->run()
#8 C:\xampp\htdocs\etuntifw\YII\framework\web\CWebApplication.php(141): CWebApplication->runController()
#9 C:\xampp\htdocs\etuntifw\YII\framework\base\CApplication.php(169): CWebApplication->processRequest()
#10 C:\xampp\htdocs\etuntifw\index.php(13): CWebApplication->run()
REQUEST_URI=/index.php/tyovuoroot/operatio
in C:\xampp\htdocs\etuntifw\protected\controllers\TyovuorootController.php (90)
in C:\xampp\htdocs\etuntifw\index.php (13)
2015/08/20 10:21:05 [error] [php] Trying to get property of non-object (C:\xampp\htdocs\etuntifw\protected\controllers\TyovuorootController.php:93)
Stack trace:
#0 C:\xampp\htdocs\etuntifw\YII\framework\web\filters\CFilterChain.php(133): TyovuorootController->runAction()
#1 C:\xampp\htdocs\etuntifw\YII\framework\web\filters\CFilter.php(40): CFilterChain->run()
#2 C:\xampp\htdocs\etuntifw\YII\framework\web\CController.php(1145): CAccessControlFilter->filter()
#3 C:\xampp\htdocs\etuntifw\YII\framework\web\filters\CInlineFilter.php(58): TyovuorootController->filterAccessControl()
#4 C:\xampp\htdocs\etuntifw\YII\framework\web\filters\CFilterChain.php(130): CInlineFilter->filter()
#5 C:\xampp\htdocs\etuntifw\YII\framework\web\CController.php(291): CFilterChain->run()
#6 C:\xampp\htdocs\etuntifw\YII\framework\web\CController.php(265): TyovuorootController->runActionWithFilters()
#7 C:\xampp\htdocs\etuntifw\YII\framework\web\CWebApplication.php(282): TyovuorootController->run()
#8 C:\xampp\htdocs\etuntifw\YII\framework\web\CWebApplication.php(141): CWebApplication->runController()
#9 C:\xampp\htdocs\etuntifw\YII\framework\base\CApplication.php(169): CWebApplication->processRequest()
#10 C:\xampp\htdocs\etuntifw\index.php(13): CWebApplication->run()
REQUEST_URI=/index.php/tyovuoroot/operatio
in C:\xampp\htdocs\etuntifw\protected\controllers\TyovuorootController.php (93)
in C:\xampp\htdocs\etuntifw\index.php (13)
2015/08/20 10:22:27 [error] [php] Missing argument 1 for CActiveRecord::findAllByAttributes(), called in C:\xampp\htdocs\etuntifw\protected\controllers\TyovuorootController.php on line 90 and defined (C:\xampp\htdocs\etuntifw\YII\framework\db\ar\CActiveRecord.php:1477)
Stack trace:
#0 C:\xampp\htdocs\etuntifw\YII\framework\web\CController.php(308): CInlineAction->runWithParams()
#1 C:\xampp\htdocs\etuntifw\YII\framework\web\filters\CFilterChain.php(133): TyovuorootController->runAction()
#2 C:\xampp\htdocs\etuntifw\YII\framework\web\filters\CFilter.php(40): CFilterChain->run()
#3 C:\xampp\htdocs\etuntifw\YII\framework\web\CController.php(1145): CAccessControlFilter->filter()
#4 C:\xampp\htdocs\etuntifw\YII\framework\web\filters\CInlineFilter.php(58): TyovuorootController->filterAccessControl()
#5 C:\xampp\htdocs\etuntifw\YII\framework\web\filters\CFilterChain.php(130): CInlineFilter->filter()
#6 C:\xampp\htdocs\etuntifw\YII\framework\web\CController.php(291): CFilterChain->run()
#7 C:\xampp\htdocs\etuntifw\YII\framework\web\CController.php(265): TyovuorootController->runActionWithFilters()
#8 C:\xampp\htdocs\etuntifw\YII\framework\web\CWebApplication.php(282): TyovuorootController->run()
#9 C:\xampp\htdocs\etuntifw\YII\framework\web\CWebApplication.php(141): CWebApplication->runController()
#10 C:\xampp\htdocs\etuntifw\YII\framework\base\CApplication.php(169): CWebApplication->processRequest()
#11 C:\xampp\htdocs\etuntifw\index.php(13): CWebApplication->run()
REQUEST_URI=/index.php/tyovuoroot/operatio
in C:\xampp\htdocs\etuntifw\protected\controllers\TyovuorootController.php (90)
in C:\xampp\htdocs\etuntifw\index.php (13)
2015/08/20 10:23:21 [error] [php] Invalid argument supplied for foreach() (C:\xampp\htdocs\etuntifw\YII\framework\db\schema\CDbCommandBuilder.php:567)
Stack trace:
#0 C:\xampp\htdocs\etuntifw\YII\framework\web\actions\CInlineAction.php(49): TyovuorootController->actionOperatio()
#1 C:\xampp\htdocs\etuntifw\YII\framework\web\CController.php(308): CInlineAction->runWithParams()
#2 C:\xampp\htdocs\etuntifw\YII\framework\web\filters\CFilterChain.php(133): TyovuorootController->runAction()
#3 C:\xampp\htdocs\etuntifw\YII\framework\web\filters\CFilter.php(40): CFilterChain->run()
#4 C:\xampp\htdocs\etuntifw\YII\framework\web\CController.php(1145): CAccessControlFilter->filter()
#5 C:\xampp\htdocs\etuntifw\YII\framework\web\filters\CInlineFilter.php(58): TyovuorootController->filterAccessControl()
#6 C:\xampp\htdocs\etuntifw\YII\framework\web\filters\CFilterChain.php(130): CInlineFilter->filter()
#7 C:\xampp\htdocs\etuntifw\YII\framework\web\CController.php(291): CFilterChain->run()
#8 C:\xampp\htdocs\etuntifw\YII\framework\web\CController.php(265): TyovuorootController->runActionWithFilters()
#9 C:\xampp\htdocs\etuntifw\YII\framework\web\CWebApplication.php(282): TyovuorootController->run()
#10 C:\xampp\htdocs\etuntifw\YII\framework\web\CWebApplication.php(141): CWebApplication->runController()
#11 C:\xampp\htdocs\etuntifw\YII\framework\base\CApplication.php(169): CWebApplication->processRequest()
#12 C:\xampp\htdocs\etuntifw\index.php(13): CWebApplication->run()
REQUEST_URI=/index.php/tyovuoroot/operatio
in C:\xampp\htdocs\etuntifw\protected\controllers\TyovuorootController.php (90)
in C:\xampp\htdocs\etuntifw\index.php (13)
2015/08/20 10:24:43 [error] [php] Creating default object from empty value (C:\xampp\htdocs\etuntifw\protected\controllers\TyovuorootController.php:90)
Stack trace:
#0 C:\xampp\htdocs\etuntifw\YII\framework\web\filters\CFilterChain.php(133): TyovuorootController->runAction()
#1 C:\xampp\htdocs\etuntifw\YII\framework\web\filters\CFilter.php(40): CFilterChain->run()
#2 C:\xampp\htdocs\etuntifw\YII\framework\web\CController.php(1145): CAccessControlFilter->filter()
#3 C:\xampp\htdocs\etuntifw\YII\framework\web\filters\CInlineFilter.php(58): TyovuorootController->filterAccessControl()
#4 C:\xampp\htdocs\etuntifw\YII\framework\web\filters\CFilterChain.php(130): CInlineFilter->filter()
#5 C:\xampp\htdocs\etuntifw\YII\framework\web\CController.php(291): CFilterChain->run()
#6 C:\xampp\htdocs\etuntifw\YII\framework\web\CController.php(265): TyovuorootController->runActionWithFilters()
#7 C:\xampp\htdocs\etuntifw\YII\framework\web\CWebApplication.php(282): TyovuorootController->run()
#8 C:\xampp\htdocs\etuntifw\YII\framework\web\CWebApplication.php(141): CWebApplication->runController()
#9 C:\xampp\htdocs\etuntifw\YII\framework\base\CApplication.php(169): CWebApplication->processRequest()
#10 C:\xampp\htdocs\etuntifw\index.php(13): CWebApplication->run()
REQUEST_URI=/index.php/tyovuoroot/operatio
in C:\xampp\htdocs\etuntifw\protected\controllers\TyovuorootController.php (90)
in C:\xampp\htdocs\etuntifw\index.php (13)
2015/08/20 10:26:58 [warning] [application] Ei voitu asettaa "Tyovuoroot"-luokan turvatonta attribuuttia "id".
in C:\xampp\htdocs\etuntifw\protected\controllers\TyovuorootController.php (92)
in C:\xampp\htdocs\etuntifw\index.php (13)
2015/08/20 10:26:58 [warning] [application] Ei voitu asettaa "Tyovuoroot"-luokan turvatonta attribuuttia "time".
in C:\xampp\htdocs\etuntifw\protected\controllers\TyovuorootController.php (92)
in C:\xampp\htdocs\etuntifw\index.php (13)
